lesion_id,AKIEC,BCC,BEN_OTH,BKL,DF,INF,MAL_OTH,MEL,NV,SCCKA,VASC
IL_0006205,0.03870044198476702,0.4413520056687122,0.00048462144911414374,0.11398567106936217,0.0005670017866361073,0.0004380739583898256,0.0001018431816342655,0.0030392210247409575,0.0031816844119088804,0.3975937792964039,0.0005556561683304758
IL_0025400,0.0632734282592681,0.6129130973067504,0.0005340240260761147,0.2596770273133539,0.004607662898552596,0.0007078494248602331,0.00012276735422326265,0.00735888792309367,0.009855981612806665,0.04041965223777786,0.0005296216432372615
IL_0039001,0.016530027014636385,0.38296189144569626,0.0035207368128328345,0.4505403948547751,0.016509722252101663,0.022189462819736352,0.00042403961784201916,0.05686569140732806,0.037075025421369076,0.011094941535951927,0.0022880668177302412
IL_0046799,0.005337590940474809,0.04774102140011566,0.00024342004719006294,0.14947312791056597,0.0003390905263272009,0.0002166594009961643,4.8591970167986206e-05,0.0011502196641324047,0.001439336800045851,0.7937853016662145,0.00022563967376945313
IL_0054262,0.00862580927847325,0.4322110957743487,0.0037314952880126576,0.029263572579851262,0.0462760136671075,0.0013611908474116428,0.00023245972199280413,0.09845926456119815,0.3684375466878388,0.008345434474402847,0.003056117119362438
IL_0056788,0.5530014286063327,0.2367761432078152,0.0005101313917413734,0.1258911382824786,0.0009997427012734862,0.0008152990140686142,0.00011849403274858254,0.0029434428266990557,0.011567384198283247,0.06688631343742052,0.0004904823011385691
IL_0093956,0.09575062069449963,0.5944021428483289,0.00981568328306273,0.07504861380651304,0.0014806054431056616,0.022454484933001402,0.0002697228046834729,0.03328325102131663,0.010709420045440057,0.15275576312982586,0.00402969199022249
IL_0103904,0.21923767563660618,0.1148556614761124,0.0008789708621889942,0.11678612804769845,0.0006280168569812185,0.0012352207526073534,0.00013361386793379727,0.003875684411629114,0.010146925223461254,0.5315988031426614,0.0006232997221198947
IL_0118369,0.00997011575257773,0.021991094988379048,0.001098480755221499,0.06492416857364951,0.013638230711273274,0.002388350950738151,0.00036683013683033245,0.12395126868299718,0.7579680882772508,0.0028357240817180017,0.0008676470893643245
IL_0151990,0.0008910824829572,0.0017967201254141427,0.00015989282491223256,0.004444832736356817,0.00018893906678521053,0.00012070271337296447,2.9431249316754687e-05,0.0341870247438852,0.9575699336262091,0.0004933618244326145,0.00011807860635774566
IL_0171236,0.0642368699442214,0.31065184599505136,0.00808395113444472,0.15057906183951916,0.025903543079400515,0.029179675313917696,0.000415818636429058,0.04883184843280715,0.046159378192085786,0.1821253997727818,0.1338326076593412
IL_0183960,0.06265495208334697,0.13615746487177705,0.12521855261595785,0.06346900232197783,0.00948764385814566,0.05887306352848361,0.000370326612586624,0.10578044354763777,0.38491762940036023,0.03618643857421997,0.016884482585506407
IL_0207706,0.0022097363600458155,0.009804355736737892,0.0011481389488496158,0.20005104466038828,0.0006653210444850672,0.0003034059965962668,8.55476268407876e-05,0.737010793129252,0.046643027763093536,0.0013979441975094354,0.0006806845362013137
IL_0207891,0.41761724072135364,0.11601526421498082,0.0013205232274341692,0.13425732062699014,0.0016272590890514783,0.001657688724876967,0.0006698146582746455,0.009881872764228705,0.006538027672344178,0.3098164225474664,0.0005985657529989393
IL_0225203,0.02960709663325573,0.7619536707997273,0.0009727105970712827,0.10532395998214096,0.03365825527232777,0.0014556676526406335,0.00030080138025459556,0.028220506165636254,0.03056548063949519,0.005799548045461675,0.002142302831988807
IL_0227635,0.5086319265918211,0.3202749549994075,0.0005229039845394098,0.08696794013432765,0.0015272473310525198,0.0010335181700951701,0.00013110718116097797,0.003315784427414322,0.004804150096484489,0.07186726938584835,0.000923197697848387
IL_0259815,0.011783993953808329,0.008076406934783977,0.0050926722316875506,0.6964255565107189,0.0008911512676627977,0.0006428305363325935,0.00013223041767846226,0.09482108615745521,0.17964605558633728,0.0018904642145915176,0.0005975521889433301
IL_0260810,0.028164022020901833,0.7012340207107396,0.0013284232851435605,0.16689782740773337,0.005867220326408341,0.0010186121958277571,0.00018742104017520526,0.01002036292855404,0.010568280260967783,0.07306776299555796,0.0016460468279905916
IL_0262469,0.3649569508683703,0.020373024118698433,0.00953125601296087,0.45850860492598666,0.0008694945426612273,0.0014155740985276164,0.00019412818677964908,0.12171535226755802,0.018056710468006224,0.0037200902255742083,0.0006588142848767255
IL_0267598,0.03537978186622441,0.046453807205879306,0.0010801628380829676,0.6463479779772985,0.001623185755234409,0.0011780017869664683,0.0006670871891631925,0.031003934657383585,0.21579078666064883,0.01987957658621996,0.0005956974768983907
IL_0312376,0.04437797970451227,0.6520041874027384,0.0026391445419002226,0.20498178158553831,0.0022031151969036794,0.00992030666976886,0.0005339310288017733,0.012884369833629172,0.010079179417373985,0.05400977822771582,0.00636622639111754
IL_0331012,0.15996456399020112,0.6612429829013509,0.0012628038782741872,0.1273856068883999,0.001609327760276372,0.0008623021221690562,0.00013715396879804962,0.007551795703734927,0.018298625078235087,0.021093008126442228,0.0005918295821181683
IL_0344325,0.13060330822806493,0.5247239518273654,0.034895294448229294,0.13137799735486066,0.006314047428249356,0.08611942139214579,0.0005739082197259789,0.028610863902211122,0.031067715075811124,0.024786302295626457,0.0009271898277098444
IL_0403731,0.1007692576331467,0.035354201068627585,0.00036454732306734686,0.16485656034760326,0.0010934455330389719,0.0005009154869388917,0.00010305036465665506,0.0022992567072746607,0.0033354874668875944,0.6908962055177896,0.000427072550968793
IL_0404181,0.06159861359330533,0.6566305550245588,0.0006673336599917522,0.22755142653701915,0.0012569024749046578,0.0005725759312084096,0.00014503368432121689,0.006975818328008629,0.011217482054504955,0.03286235513067665,0.0005219035815003148
IL_0465184,0.034606255112437805,0.6090944108886577,0.000623266068067832,0.3238795076326222,0.002935322480947547,0.000598166085954848,0.00029132169689306754,0.011736572794600135,0.010239607517989685,0.0055540277573923194,0.0004415419644368664
IL_0492696,0.0022104257746778416,0.0044665788121433046,0.0006687773498559992,0.025415387922425106,0.0006655789157372185,0.00036252301172675424,8.444637511620634e-05,0.19789340987500176,0.7663700148089567,0.0014983607362435032,0.0003644964181156084
IL_0560781,0.011772872100605064,0.03583308004493935,0.005771369711514271,0.7048080202866943,0.008639619502502433,0.00245706269788744,0.0019317083264542958,0.12189206731105962,0.10249987899607897,0.003234765388750062,0.001159555633514214
IL_0575017,0.0678897603784027,0.23071956323112058,0.001746607248560347,0.42016760395565994,0.015684727758886623,0.0023966749659262284,0.0002908092944515639,0.02218269168278151,0.19999531325320447,0.037119094712309356,0.0018071535186966424
IL_0578791,0.015512060519962716,0.7396877338884137,0.006299244096336391,0.03200801118292668,0.025804965714694535,0.05665027623495342,0.001446300432450337,0.04153366904074707,0.033438927997726076,0.045226654813442575,0.002392156078346562
IL_0611781,0.041691417224815536,0.8078260813459267,0.0065080776890480635,0.022415593117203876,0.001095069005301563,0.0006400002028604968,0.0003274595898573485,0.05190117016048848,0.05255234901302598,0.011510918035636713,0.003531864615835492
IL_0649132,0.019790857533052812,0.3356989374841804,0.00215228480591259,0.3957736650549001,0.007815955195706194,0.0011277773525215887,0.000259361784577897,0.03142650996480328,0.009879857271064206,0.19527218489088588,0.000802608662395127
IL_0704269,0.14351676738369276,0.15531593885103404,0.00038136972579834786,0.06340144281541901,0.0006689470542629533,0.0004542975660664395,0.00010186327223449268,0.002194886913357805,0.0028177542356835677,0.6306847797817434,0.00046195240070710575
IL_0718371,0.04577236859953303,0.04523679794969237,0.002850592255493252,0.12935512781107608,0.0005166099943165001,0.005951180752177524,0.00010967110782885671,0.00608995983995374,0.01596413066134939,0.7476115904826228,0.0005419705459563716
IL_0721442,0.008862096671049664,0.01718498656602347,0.00016221713899310496,0.07679027295402413,0.00023316343952930357,0.00019596499985949874,4.295182455336226e-05,0.000904672660253982,0.0009293221097080675,0.8945026404941003,0.0001917111419050527
IL_0754056,0.12313554651708364,0.6573293539758975,0.0010827106018132986,0.16431340596607283,0.0007103704449873518,0.0005640779813351113,0.00012010950068101852,0.008552888215262844,0.01446429042833775,0.029218410504714798,0.0005088358638138215
IL_0808321,0.013464097392166663,0.02130387440152068,0.003065696152986797,0.09652219608202899,0.009471438734486812,0.005039675410263629,0.0009667896251682932,0.4508872721337627,0.3943939254581281,0.003950619252309903,0.0009344153571774281
IL_0854378,0.2038842976182486,0.07460893730499243,0.0011421094445637698,0.177911622877616,0.0011271945785612156,0.002302607533851273,0.00017808653489081617,0.006334520976504257,0.00831830612449367,0.5225672231616265,0.0016250938446514171
IL_0895462,0.03887028548535124,0.43416290687454295,0.0006649638466143697,0.31028595725847147,0.0020602935563892462,0.0008940650316255385,0.0002112271280481898,0.009084357143091262,0.00466706522524275,0.19736170265853745,0.0017371757920854821
IL_0928130,0.081470891667912,0.04247437569335553,0.004552045526568386,0.6017737702483184,0.013281179738411917,0.0021049941176557356,0.0029801848143075275,0.08493430229719405,0.1576924639127622,0.006606680328046968,0.0021291116554672486
IL_0977585,0.021377050536169135,0.06000073210977979,0.0007610254967976363,0.15063634129336376,0.0003187412127523559,0.00049613375805253,7.02965053756459e-05,0.0021429033370005796,0.003512934685812136,0.7603607664555443,0.00032307460935211934
IL_0977986,0.007859250542488067,0.9249983801579706,0.0008603264990763246,0.02982784980333569,0.0007421031343942173,0.0003455152406358688,7.839846656597611e-05,0.004628851462538552,0.0203252066445317,0.009812404997638602,0.0005217130508242577
IL_0996202,0.01465017988826138,0.027988412959820443,0.0016754875174066963,0.0470007654480048,0.005373204319623104,0.0010531781211575758,0.0005365958778021509,0.1567950973298862,0.7412724264370101,0.0026735313559703958,0.0009811207450571742
IL_1009731,0.11379148095926783,0.22535400799712912,0.0023731039153261553,0.15294943509856923,0.004640176340544467,0.0019982194564929345,0.00026208795317682055,0.009154459798137936,0.00852682858311167,0.4740444324194055,0.006905767478838276
IL_1011664,0.04751725445926088,0.11838086630695331,0.012107844327001148,0.0734572611082197,0.0018032678849758655,0.001272602187762057,0.00038157041921788775,0.4312578492947482,0.302668154928724,0.0062284257934432765,0.0049249032896936
IL_1020124,0.038814555131184925,0.44897942901439913,0.005281728486936155,0.07438212303844627,0.002391907953090045,0.012329990534576583,0.0005519860081475788,0.25282012555220723,0.1307910310469207,0.008281661988616825,0.025375461245474528
IL_1024284,0.0653331074319693,0.1711671410480169,0.0006691820413646055,0.01912747415068195,0.0006526800826153534,0.0009340822528438567,9.974626489831313e-05,0.0030948737491448977,0.002352019922084893,0.7359098813854151,0.0006598116709648632
IL_1024365,0.34960428443783964,0.20175418278264318,0.0011705306736657394,0.18530348807441843,0.005919015835624675,0.0014746149128551684,0.00038194421054621073,0.010052945393067354,0.007873543597534133,0.23558745549844898,0.000877994583356563
IL_1080907,0.1063299792460762,0.656633585101146,0.0024944922889042222,0.128374225079886,0.008988617580961757,0.001330426304647039,0.00012884182181309743,0.0066715756923551445,0.016815404747107528,0.07113365224758232,0.0010991998895206608
IL_1159502,0.041275586730573265,0.6638196946437993,0.0013117299744487623,0.25537330744243136,0.0014685878196441014,0.0005932547899704835,0.0011464784927913967,0.005866256619219067,0.007646291598962407,0.02097371112836229,0.000525100759797465
IL_1183203,0.2808816600046243,0.12617329827872356,0.0005313066441129196,0.041048537812668255,0.0007760004391599711,0.0029897814392495434,0.00013213537701140944,0.003482786249184159,0.003105244978337156,0.5403634137190565,0.0005158350578722576
IL_1236220,0.006505037381636479,0.08230148370537216,0.0007665235243431107,0.0628057245281354,0.00043278270790296047,0.0005713609446126619,7.269879846000754e-05,0.0032080273780996267,0.0031538629593261514,0.8398004854185075,0.0003820126536039918
IL_1246958,0.00905291842595785,0.05361270500658244,0.01315403225573526,0.027065480161891135,0.21273933546916118,0.2798997609702791,0.0005170055294166314,0.04086633652261616,0.33395409384094643,0.005267573679001676,0.023870758138412045
IL_1248470,0.029060658762642334,0.1456590163448802,0.001452800645559402,0.21076531650938826,0.002113547760285184,0.003977764914628147,0.00042183197615357356,0.5004175472693009,0.09454130922844024,0.010359804926590308,0.0012304016621314843
IL_1266003,0.007145927887846944,0.043697064561559196,0.0009058819810635551,0.22525546721377507,0.0011045772474150772,0.0006872076764203133,0.00018107243965110695,0.2735768177414576,0.43219307254219064,0.012856903579246763,0.002396007129373805
IL_1298091,0.048327588983877186,0.5748877912699184,0.0014080294158186593,0.19895103191776062,0.014385913829503402,0.0035961228288187916,0.00025709959021351294,0.02042555795234055,0.056036017393268314,0.0797197279975588,0.002005118820921837
IL_1418346,0.09629845206876933,0.39820257879575266,0.0004109717145636267,0.0527931017761843,0.00042746034844440566,0.0004496461050650888,9.87866548710723e-05,0.0034620816337578306,0.0024880276234852715,0.44462847427670604,0.0007404190024003504
IL_1420891,0.0012553265062605014,0.0026036509794019774,0.002213434888162291,0.0027082226549154506,0.000345234567509004,0.00016969382120765104,9.054842431354535e-05,0.036143295962799395,0.9529103341617271,0.0011010935390325723,0.00045916449467040015
IL_1431089,0.026021943020723193,0.7114455634691438,0.0014304154592679242,0.024188883274191705,0.011709376661274043,0.0017896814272505854,0.0005043179301620315,0.01645524242448639,0.007688115751961207,0.19697674223840442,0.0017897183431348925
IL_1450991,0.056259453591411504,0.18451654202474116,0.00040255276974178635,0.04237577831998058,0.0011336965918371995,0.0007391779256371683,0.00010824081968894508,0.0028199353348384313,0.002327911730509618,0.7086357478691141,0.0006809630224994159
IL_1497560,0.024922212637727224,0.39376411075608564,0.0016585499524574276,0.4917088251475822,0.006759346615082124,0.0006268921890168699,0.0001059808531206067,0.029359029288376807,0.025649520102097714,0.022830314198935702,0.0026152182595177023
IL_1502550,0.06358351298246653,0.5023160104706256,0.00484470973652617,0.06614731870404107,0.12339690873041936,0.013132857133782877,0.0006138208781320613,0.108362612477333,0.08655023585551369,0.026154994957058572,0.004897018074101161
IL_1515580,0.13936092003941808,0.5647326977280103,0.004885505388509674,0.07524066346167008,0.0017156471788687783,0.008454950845897539,0.00018537628272500894,0.009378183340119167,0.006107955407400117,0.1877091239417986,0.0022289763855826814
IL_1562660,0.03541436557012717,0.8789307452203057,0.0008800982649355979,0.031290577336235,0.0007536343701333202,0.008754327370879451,7.28814102701726e-05,0.004932119699283174,0.02511765146221006,0.011200001556220635,0.0026535977393997347
IL_1574123,0.192115239429172,0.030425748903791586,0.000976677731616826,0.09745502551023752,0.0016639363898077447,0.000652131371344721,0.00021642156454732394,0.5454965089428604,0.12668563220522253,0.0035588034295577524,0.0007538745218416812
IL_1619785,0.0056028977034223775,0.006475501608068422,0.006416551249723698,0.0498747425942889,0.0009000981320741526,0.00046033332258727417,9.802476494783605e-05,0.8032108969708985,0.12518466752854168,0.0012757377804132439,0.000500548345033993
IL_1633612,0.13637385979844135,0.07328702559411507,0.0003776840779453727,0.09714685116780385,0.0017830170363507226,0.000904586355490219,9.580899969985992e-05,0.002335650162038507,0.002140004655193867,0.6848701886119057,0.0006853235410154979
IL_1641818,0.2568199680728706,0.10642882746171921,0.0021672369797622218,0.2773203884257054,0.0009642448497977284,0.001796081819362438,0.0013015044459996792,0.296845681307785,0.044861548676858334,0.010677998154239286,0.0008165198059000065
IL_1643221,0.14857037214191235,0.19617400701099133,0.0014033122065190938,0.4110829623462732,0.000849637042385262,0.0012351099693817843,0.0001660763133909865,0.007740766807922602,0.005610797069124897,0.22603950219246938,0.0011274568996292324
IL_1664752,0.08168140401724626,0.21851711070851537,0.0006871612502068888,0.06097951617992453,0.0005476133142456762,0.004984173058700978,0.00012416094878201184,0.0035101324940598365,0.006080994900819456,0.5973132977507013,0.02557443537679771
IL_1681515,0.2818287880727983,0.27649393863990546,0.0005656645684570291,0.08065320417025601,0.0008644339902723061,0.0008565673722669928,0.00014221763803572455,0.0030041733556420837,0.002990816358671482,0.3514861773112857,0.0011140185224088675
IL_1688338,0.05934653097995411,0.6684897889299272,0.0011413273307599645,0.15298364778413592,0.006056432789780177,0.0077487884139620464,0.00021335679029714462,0.014907891631367666,0.028050736781649828,0.03937651026104781,0.021684988307118225
IL_1706933,0.15967227116806992,0.5252961115097688,0.0011639540035233002,0.15508202204102134,0.002135458026254181,0.008183611297044154,0.00022949936109664386,0.019047284670291167,0.015185658984957696,0.11096824829052924,0.0030358806474433454
IL_1860067,0.02088056237709013,0.6638470096057165,0.0006451532767968989,0.26582033502135677,0.0014913960018147743,0.0009227132439977143,0.0001169592530774286,0.007243354879073731,0.008683730785608404,0.029853175806780662,0.0004956097486869513
IL_1884002,0.05446639186016204,0.34154044997625443,0.0017916821801692681,0.5272109258175147,0.00461389752890808,0.002374440576902705,0.00016540496118708754,0.018146466670572417,0.015295737184002064,0.033568459388247915,0.0008261438560792501
IL_1897663,0.02051042097741029,0.014641740144050546,0.00022692222213771795,0.10864032702805718,0.00033038103581816943,0.00022637190154656904,6.365059986303838e-05,0.0029330671231912273,0.0017312566154382572,0.8504601181284326,0.00023574422405438174
IL_1901178,0.2637465930304202,0.3224591541298457,0.001243333258497006,0.1969535332424461,0.01885941131232368,0.0020455662439983584,0.0002340707580507011,0.005325939969063389,0.009743309898542194,0.17826527491238592,0.0011238132444268607
IL_1935222,0.2085162752128213,0.609376573655681,0.0007446812028241317,0.032677471958671975,0.0011016190556855667,0.0017350225852478408,0.00012142234402865762,0.0038295849735553184,0.003346305366190957,0.137808301594617,0.0007427420506763541
IL_1968737,0.06069853568745386,0.1018866813080828,0.004452659591137088,0.029346966408677552,0.02598080029506405,0.21609555372799658,0.0019700852924526666,0.1678853110204895,0.23105437868416429,0.02544931455988314,0.13517971342459845
IL_1976391,0.00184604705837242,0.0037440714943566353,0.00043194108774867544,0.04074025193386102,0.0010788989911351772,0.00032127737592070203,8.146601743627817e-05,0.7690396208025698,0.18106820757273362,0.0013382674802713927,0.00030995018559432883
IL_2021485,0.02158666128187563,0.03244160967276398,0.00038715919305113236,0.023801211073364487,0.00024766468921847513,0.0010230599815409065,0.000207931901694483,0.002373551549841075,0.0015815970288137419,0.9160506765437371,0.0002988770840990685
IL_2031231,0.01799143478261617,0.7665390531671921,0.0015349280606626443,0.03866230104325614,0.0036681269538273798,0.0011130976432229506,0.00014776619666043243,0.005383842337448488,0.018795937799118725,0.144465403968263,0.0016981080477320083
IL_2042306,0.007261553524107217,0.03569884645375358,0.0247431569721871,0.03859751395295179,0.020090915972689083,0.001589970825687321,0.00070626292597247,0.11230421907300604,0.7529149846004507,0.004348826070367559,0.0017437496288270605
IL_2057670,0.0146311812479914,0.1080906806087506,0.0029010668979557275,0.15570254407251982,0.0005807210754841237,0.0010714341309285072,9.230086494257028e-05,0.011387920682005247,0.005430344115888229,0.699381603084277,0.0007302032192567679
IL_2058271,0.23040249546578165,0.30640281715222123,0.0019720801889653037,0.39575184096001376,0.0008585079094151361,0.0010419653548886104,0.00014154923081620386,0.010093820198396851,0.029654926504981017,0.023058634932410088,0.0006213621021101186
IL_2068901,0.6367998149617531,0.0341012946308179,0.023476534022830932,0.1950364870316541,0.0014047276702381392,0.001285621646941909,0.0007116384176851471,0.07596998206862547,0.02590531256354964,0.0042843390005748855,0.0010242479853287772
IL_2076993,0.0944044681789056,0.2620748400681558,0.0007003491926697203,0.2544765298034817,0.0006862335106380282,0.001245931188397186,0.00013671169841677534,0.0035880862869346053,0.004960988433126855,0.375756718938821,0.001969142700452746
IL_2078226,0.0315371794212069,0.10083614468188215,0.003334183595055498,0.6292660979856806,0.0017401198107294491,0.0007260087454778559,0.00021955718017093598,0.16749645862281,0.05333096635494164,0.010600655460760664,0.0009126281412844188
IL_2081710,0.002419196427781831,0.00510598662351222,0.0011743097505337076,0.01587435215315688,0.00038961879819979716,0.0026294564602156226,0.0001066630324228119,0.04327751025106263,0.9274706028322701,0.0011003486728655765,0.00045195499797881706
IL_2085556,0.24415879438176033,0.5519767887251904,0.0017071877337986893,0.12033465413660505,0.0007277459165812763,0.0012310790955596112,0.0001328879946606604,0.004988854359373386,0.008593993423992353,0.06537852568129855,0.0007694885511796052
IL_2090864,0.1852174962945938,0.36630354006376276,0.0006596096013026601,0.38918713638612945,0.001660022448774677,0.0007688789671249378,0.000437431615497646,0.014813986173087133,0.008379027697621558,0.031866477063485596,0.0007063936886196329
IL_2144290,0.0024804935590957205,0.007048350057172972,0.0010948567342178518,0.009051719814803561,0.0006043946357572823,0.00033913526407187587,7.147833197372892e-05,0.13283763554938116,0.8448365903027211,0.0013250173256664011,0.00031032842513840366
IL_2157015,0.5919311051158234,0.1790918614684311,0.0006563958514480268,0.07543575388711335,0.0014548119058495606,0.0016349979470926042,0.0001373107709151131,0.004395964909604574,0.004523897883140031,0.1401463338754353,0.0005915663851470033
IL_2190574,0.05562816937402886,0.6382556875363545,0.0013453504212824672,0.021574179589775675,0.0006498137011614732,0.0011871648281331056,9.054303513054737e-05,0.00359323899074611,0.012173044073647641,0.26506598791208474,0.00043682053765480743
IL_2207792,0.01595990071519798,0.029083150306828908,0.02488692249542805,0.055470488489173825,0.0018188053557748468,0.0016001328906545358,0.0001523060787693227,0.11572064123977328,0.748582276173986,0.005317594878899683,0.0014077813755134724
IL_2254004,0.17824554523030758,0.5318598221194486,0.0009139819804394061,0.2286424267690395,0.0010723561345622275,0.0010320904323262404,0.00020966532468228853,0.01105184617232954,0.012361866243907027,0.03392009226906918,0.0006903073238883335
IL_2274232,0.12451464026201478,0.38965033936269544,0.0008753659752416964,0.3938062557696556,0.0025868817455476476,0.0016252689885399153,0.0001561185139850347,0.010555185910578883,0.03145256047771888,0.04329833959890283,0.0014790433951191908
IL_2283965,0.023803152251477177,0.018555995869095794,0.00018588867086423246,0.03585174714771449,0.00023760554817200928,0.00023700422908765054,5.25791883082122e-05,0.0011026815668980937,0.0011315105271868461,0.9186122740995758,0.00022956090161973167
IL_2330498,0.43156425534252235,0.20222264291810912,0.0009288156929523997,0.20173023280007524,0.00107863806013369,0.0015891930608608583,0.00031723584295236554,0.014360281516909641,0.0134303011429131,0.1320427549243282,0.0007356486982430497
IL_2354191,0.006414096782791866,0.012930405407536462,0.0034270514686884812,0.08419202684615437,0.0014083807502563387,0.0016622407791339064,0.00020924803651112899,0.251408440232905,0.6340146197499998,0.003445790879910682,0.0008876990661119088
IL_2424578,0.0006438918748957568,0.002148084331139285,0.00013458504389809336,0.0021396327790797055,0.000183520608018671,0.0001257309318223125,3.1334987897557075e-05,0.023256790979433645,0.970776183965948,0.00045259947002402776,0.00010764502784288931
IL_2440740,0.003317114877667795,0.01196470259867118,0.0004891874900236839,0.013378800150902242,0.00128623744513044,0.0005491512829355821,0.000108581937302416,0.12828417293934902,0.8379586243974662,0.0018705666331333397,0.0007928602474181665
IL_2451306,0.03030044407511085,0.5028923330099988,0.020779646515539537,0.1688174603529394,0.043138652875114106,0.00879810699876679,0.00031836340544870293,0.0430335002209932,0.10080586016815257,0.052077793936984,0.02903783844095203
IL_2508459,0.0035871389530755396,0.018473610869723094,0.001810280438245786,0.08114384901426028,0.00038470570252853616,0.0003471708254633549,8.013416478195932e-05,0.8824329005795752,0.009571169080230946,0.001374336552950085,0.0007947038191651698
IL_2512501,0.7066030409154069,0.02166512347964425,0.0034768544116928423,0.22175892057326385,0.0004849896586028914,0.0005430005130576769,0.00010752635320568992,0.03846658984372517,0.004717993857465636,0.0015700460048044568,0.0006059143891306231
IL_2520283,0.11196750104534837,0.134975239619712,0.06947905408658758,0.05872259361112341,0.0008889988460484754,0.0021845506569897863,0.00017531629307515438,0.015190835950143193,0.005598528590430027,0.5997333349301565,0.0010840463703854612
IL_2532113,0.22890359127130974,0.5320788482323067,0.0024174047082856642,0.05331338407593879,0.0010569331111700154,0.006825884414658328,0.00023402369279671342,0.008838626317212057,0.008036114401243579,0.15734250712735223,0.0009526826477262971
IL_2541202,0.14635729389488686,0.5222010550197772,0.003962476909296237,0.111168967020463,0.0166726238756321,0.0040573608044240485,0.0003242243052746635,0.010665469148896916,0.01793752924333534,0.15972918503560293,0.006923814742410597
IL_2542731,0.004837562353226267,0.016025296791275012,0.0008964061987284716,0.049209191336112054,0.0013603588420439702,0.0007566866252898837,0.0004870212977192223,0.4421809796736925,0.47919566657905116,0.004047491665813263,0.0010033386370482216
IL_2564178,0.02481594024961068,0.2448443544045769,0.000675214145966331,0.023480185837286935,0.00048309084038874203,0.0008248965331532672,0.0010425953140435786,0.015293554801905107,0.005183667335596256,0.6822079582403864,0.0011485422970859563
IL_2579528,0.15419142241751294,0.0242814056112376,0.011961886341041762,0.16756556204579576,0.0005450482827095612,0.001269908234836992,0.00013410022845281502,0.6231606335259198,0.013538380062220037,0.00287524758796391,0.00047640566230882405
IL_2580737,0.15421061758697044,0.700244455886162,0.0004876279068947345,0.1113740050485634,0.0013910575064888591,0.0005597240924463124,0.00012064506045719275,0.0027350491463758978,0.0053532358125592166,0.02282077690751837,0.0007028050455635058
IL_2620364,0.3207065279093106,0.1928086659577194,0.0010711691438551672,0.4304333378466568,0.0008872394773291538,0.0006745890102813103,0.0005859636175823,0.03802648554971026,0.011535290564419284,0.0028035596515630463,0.000467171271572633
IL_2631882,0.16985344190156543,0.2690437294905216,0.0012976896635993563,0.3341412432674945,0.0068997653905646114,0.0013543123806994972,0.0005367070960388759,0.14768852147615164,0.01703592011029246,0.05118904360391116,0.0009596256191609872
IL_2632245,0.05937821657539198,0.046128155911920946,0.0008012415465517377,0.3054128875269653,0.0014881835109682017,0.0011402723762329464,0.0001860254241194563,0.007693861058493412,0.005736934898437188,0.5711726099542433,0.0008616112166755044
IL_2667257,0.012258935439209997,0.818162011849976,0.0013079426222335651,0.04925997359273107,0.00685541602407622,0.000525806981045356,0.001066081449357725,0.04421709981815663,0.04354661064708438,0.02207645319369981,0.0007236683824292311
IL_2673683,0.3380466173158829,0.2298552374774928,0.0008843208429027309,0.1164777791265122,0.014577942157501293,0.0015687912902270593,0.00017946739863047308,0.005398240788265894,0.006070404060183268,0.28415434900573183,0.0027868505366695
IL_2695389,0.01672819469107417,0.9162184741374577,0.0015430782719231613,0.021008308543038198,0.01068770433716911,0.0011848674083204955,8.38665043591359e-05,0.006043393244549498,0.013657375573791923,0.01187324762569342,0.0009714896626231284
IL_2697064,0.055962862029108495,0.5233392251638309,0.0026813459134509996,0.12880186713351904,0.0052772578061148585,0.0012965110440583544,0.0030977346409197318,0.21682329081607543,0.02316305427148845,0.03802022584644206,0.001536625334991614
IL_2701771,0.062109771806200434,0.4785423033743763,0.002240378026747324,0.2028024623419647,0.0030222166860816276,0.06326304381618261,0.0003161131614701874,0.06832805533685447,0.06739997528302549,0.026593831811005258,0.025381848356091547
IL_2713699,0.3352953344757591,0.33313102793262933,0.0010690999551890706,0.25863184990526944,0.0020333107288423515,0.022221872222523455,0.00019422255225479758,0.008233318664373351,0.008821319097083488,0.029146404387426557,0.0012222400786490997
IL_2726821,0.15531743331553427,0.5075427820681847,0.0009817861421791167,0.2987152134673058,0.0018101973970521814,0.007310805478421135,0.00034576774590164977,0.008519190293437114,0.007553559901038631,0.01137992860106654,0.0005233355898788496
IL_2729600,0.06122516042988006,0.4743736625540692,0.0024515010241836443,0.2904211837902408,0.0054332504555425565,0.0017755001309230252,0.004453800373787754,0.046167600813893345,0.09397199234509566,0.01873168417509203,0.0009946639072920414
IL_2741580,0.07629644159763169,0.5354442147347724,0.0005001033271955517,0.024914578407652085,0.0007741397094764554,0.0007827915611146466,8.659784427252907e-05,0.002104367931350371,0.0023951386612923427,0.3560216828451853,0.0006799433800565498
IL_2778741,0.10836612064540342,0.44851697243078825,0.0023813811033871427,0.2844466681198188,0.016467073928046146,0.027121793160504712,0.00026546716853980903,0.05323568037213593,0.02248210148332428,0.03551648169817108,0.001200259889880413
IL_2784674,0.0218093577865976,0.18472290302361238,0.0006960508466093225,0.08956192613079107,0.00045609370839490873,0.0003964455242625374,0.00024570606103216944,0.002544001264883358,0.004402796013674975,0.6947185421217479,0.00044617751839377487
IL_2788623,0.25208379778329065,0.39700425842901976,0.014106531196025434,0.18453366840342697,0.0027658053641687794,0.008943198596185344,0.00039428393037479244,0.0757306507375204,0.016103419262325103,0.04731215454127456,0.0010222317563882068
IL_2824067,0.055321483230214276,0.3992937510963692,0.00109986744877873,0.3514294195052418,0.006652800307473011,0.001364868123563761,0.0002025361720775967,0.00679369598830669,0.019793455845640674,0.15694813384412445,0.0010999884382097626
IL_2840498,0.06792535735019561,0.6539361362172449,0.0009532634595182233,0.166011993498283,0.004165643261750169,0.0012069306073839395,0.000140740756166386,0.016957027137420297,0.06153780856180459,0.025965999153121255,0.0011990999971117494
IL_2844654,0.009770797254609564,0.01707772003788351,0.0022468738401579184,0.12858464092755337,0.0024087827413062303,0.0012982114667848125,0.0004934385112437419,0.35116798426967283,0.4824803469872264,0.003517585640719953,0.0009536183228416751
IL_2849392,0.07650971887192543,0.35925897594460476,0.001835950663945031,0.3572537117051042,0.016446741482599333,0.00279049954559511,0.00038182957326226354,0.055632119465249756,0.09287568136261636,0.03272105594796238,0.004293715437135263
IL_2851462,0.1199548196495878,0.09870157427860114,0.009780458013076584,0.5575135761189413,0.0011205547638139363,0.0010302396422814082,0.0002650169051607337,0.16605651548644795,0.033522670238269534,0.011074121976413153,0.0009804529274066113
IL_2921273,0.06698351449594234,0.011487019919152502,0.001224035475358285,0.5827472047998951,0.001163480727202797,0.0008177801793410602,0.00019614702364836455,0.28079037459894746,0.05017967306519999,0.0034672129631800976,0.0009435567521320061
IL_2936438,0.09104132449108648,0.5420673240824292,0.0007617113826336478,0.3129334416849992,0.001590336428239897,0.0016685275200638745,0.00016826346255518495,0.00942101796932224,0.024992382338146494,0.014581438785966384,0.0007742318545573618
IL_2947403,0.042285356297573046,0.6018477563287726,0.007829004431350442,0.21487204125051312,0.005231486843709397,0.04143295022812559,0.00020416371568624073,0.011148803574061037,0.016491955508090492,0.04063065446821123,0.01802582735390692
IL_2978149,0.002362101439709196,0.0036802005869874636,0.0013017553103768212,0.020001934269035224,0.0023608654384533368,0.0007787815926500833,0.00010478284384624189,0.4295362347456182,0.5372239443714569,0.001856207651693632,0.0007931917501729185
IL_2996774,0.10607744615242437,0.4694939218487393,0.002229154548609886,0.2741110845862715,0.0063947839111299825,0.0017435590396759548,0.001811727891505148,0.0766465170143283,0.023472810658530095,0.036813890517011,0.0012051038317744762
IL_3007459,0.029614663489461904,0.032711649542951506,0.0004850949003621409,0.3073769110162338,0.0005183772453532398,0.0004134212056778519,0.00010717473711634566,0.008567863737211995,0.007172559219891823,0.6126027583736193,0.0004295265321199247
IL_3061357,0.04308960249938629,0.16313575566809638,0.0013341163948136817,0.365477365988289,0.0010363117324102122,0.0011754156792739185,0.0003209176291166685,0.3903338375166016,0.0262415144209249,0.007052054685983989,0.000803107785103437
IL_3076877,0.09465242230456841,0.47263886302630354,0.0007651052334343585,0.15767323461236513,0.0008686670208601573,0.00130036186647593,0.00015552589577840872,0.007925521904392389,0.007627306879138411,0.2556447392447921,0.0007482520118910823
IL_3084993,0.11203719759287688,0.627406688349824,0.007826555084053177,0.0924058738064984,0.004174364065704074,0.011064952389777009,0.0006301443677414838,0.08980011971195867,0.04507102200421514,0.008835691827454091,0.0007473907998969542
IL_3109240,0.03789905790831288,0.07767858175959946,0.0003417608690138264,0.05807990847204329,0.00033283030865582876,0.0003209360101305142,7.270879087998235e-05,0.0018258158692032057,0.001933014641611374,0.8212054608062394,0.00030992456431029196
IL_3124812,0.17323765660749899,0.4053746099203168,0.001491210960303903,0.331317127845431,0.0017981931702408449,0.0017191829264513769,0.0003081228780803159,0.020418052855180308,0.0069434325415203895,0.05535168537104142,0.0020407249239346188
IL_3127619,0.05435035365937229,0.7168119700880855,0.0007431779829544771,0.18982835502416257,0.001572881069002284,0.0031800027992208504,0.0002861339921539255,0.01526207876762231,0.005557909094135067,0.010264131449142577,0.0021430060741480807
IL_3149454,0.09979073195376063,0.8221778798352538,0.0020085472717684856,0.036712882914735324,0.011252757075623785,0.0009830257375795727,0.0001095580658024597,0.005477210192907612,0.007376018867480294,0.013158712895450956,0.0009526751896369591
IL_3153787,0.01560989258017367,0.17142042914265707,0.06423394933683681,0.23319543557428657,0.009488677013625824,0.210630462087264,0.002670507902721431,0.1020095201391997,0.10119612315200972,0.007299655398463954,0.08224534767276122
IL_3156984,0.005914684237578625,0.007885234152082525,0.005143895933212772,0.02371178082552565,0.0016988744051715798,0.0005720901423306104,9.938020856499228e-05,0.7078606979426951,0.24463783639686681,0.0017424854581073424,0.0007330402978638391
IL_3200972,0.003380771278758532,0.03696914688370315,0.0022377012803628366,0.024151718316458983,0.00038552808552475915,0.0003476154386884324,0.00338749233014445,0.03298643805763174,0.8941120953351579,0.0014398963014585972,0.0006015966921106162
IL_3206011,0.0012161951289354329,0.0038054127163458114,0.0035410200264775807,0.006032940117410807,0.0009213161691423038,0.0004187660713617589,9.071517619135997e-05,0.023027240042986206,0.9597572851616434,0.0007414600550108661,0.00044764933449440466
IL_3245297,0.016863476004677577,0.04514815367281489,0.000381953958772614,0.24688981181245565,0.0006818241721046806,0.0013570958695329797,0.00010237574076067437,0.0033313204591375743,0.0027913307151069236,0.6819559818336187,0.0004966757610176984
IL_3275405,0.07757809851183642,0.2237278509717721,0.0013086662809930923,0.14241430996575638,0.013340718924135294,0.011898901823292868,0.0003890653227541471,0.06191608027806908,0.015849704349465393,0.43676580291729655,0.014810800654628715
IL_3278464,0.07200603665189052,0.14389659528846283,0.0004681791496719734,0.08305924602365365,0.0005372765062478491,0.00047831146965540477,9.585234691680024e-05,0.002169550999128891,0.0023476293471962157,0.6943346815968544,0.0006066406203214118
IL_3286203,0.04634102090050206,0.03279293200215811,0.0005172554682702292,0.026265685078350462,0.0003247837245178489,0.0040284651603970725,0.0002565565146350476,0.007320545167063201,0.005638265960846019,0.8761259943852876,0.0003884956379722746
IL_3304841,0.005215576280093681,0.016464286155108615,0.00023261061603699093,0.04593227349040889,0.00023235800830134323,0.00020519803007154657,4.101866307057123e-05,0.0009609247056835437,0.0009256567577280343,0.9295912146923779,0.00019888260111875666
IL_3328321,0.11760027833225806,0.06585051976875293,0.0004437996968607269,0.09253483926891595,0.0008662431241132183,0.0005587793358592723,0.00011980413782207115,0.00233572961014234,0.003169292043685349,0.7159096817488741,0.0006110329327159336
IL_3355205,0.10401249643566934,0.43131802422042265,0.003303956767817972,0.24753373163421422,0.014343916182874835,0.005499708211638343,0.000885796899802418,0.01985637043535871,0.04888883356188558,0.12224341943558745,0.00211374621472851
IL_3383918,0.11694203744663029,0.12055999806971138,0.0012689462560441871,0.5423906300748095,0.001513689410778619,0.0010348181301081138,0.0007036487707169989,0.15739967966655943,0.01166196212624015,0.04528936046917171,0.0012352295792296426
IL_3405674,0.17536356063733277,0.09690033977097862,0.00032276870345657605,0.03689234516799488,0.0007719552100683852,0.0004567954054225731,9.051146613580215e-05,0.0019564395520487135,0.001957143745879437,0.6849104313870473,0.000377708953634908
IL_3416109,0.07550185855465015,0.04644707200456935,0.0007333771504181563,0.30425985674732264,0.0009429963591399713,0.0005968640441585013,0.0002340282421110501,0.02550710335462272,0.009118739400451149,0.5360256888858659,0.0006324152566905178
IL_3417042,0.35150509524465057,0.4407798358312428,0.0007669880187086806,0.10915039237606947,0.0016063862583489442,0.001330953978559513,0.00016181542740594012,0.007694589263169896,0.0106952546935957,0.0755534060115817,0.0007552828966668658
IL_3475314,0.041401776260398114,0.06007566434918771,0.0006515079775466934,0.15936040287224887,0.0008690376662034977,0.0006807615575197787,0.00016002777554128045,0.0044239299922075315,0.005934562062565194,0.7258211116634106,0.0006212178231707196
IL_3502631,0.09311885321844772,0.5014434391829159,0.0011775925996557889,0.20363605840570814,0.0014406022765153285,0.0011286322679774688,0.0015148203393027802,0.10271123794344357,0.010551008879750466,0.08207499682747657,0.0012027580588062478
IL_3512099,0.05375629462182753,0.624220466499183,0.0013210925552457542,0.26478838070203137,0.0017961526707874628,0.008878105313482773,0.00018892157014896546,0.00703956409035743,0.011936365443727049,0.024403822023469357,0.001670834509739325
IL_3516247,0.033745707638951135,0.7184901590118307,0.0028183732352909693,0.1438051421330942,0.005313413474455875,0.008155528365504972,0.00019705377927152303,0.028975217236957833,0.025731246203591705,0.02382061534893613,0.008947543572114787
IL_3525336,0.0066450209984243195,0.01333329546744581,0.0024972376061276986,0.048912241033057455,0.0025495567602811992,0.0007768750008185538,0.00016154352149678181,0.10903375367524369,0.8118970175013638,0.0029549627938642957,0.0012384956418764232
IL_3584159,0.03071733781853555,0.057729265433901014,0.002509948439565647,0.5130918037553046,0.016746658602145553,0.006972589962081236,0.0005362584429204213,0.03190579982502159,0.3320130516003534,0.0066349949196416345,0.001142291200529323
IL_3592184,0.15852942338726242,0.255589738006958,0.0008858955805721751,0.07174729937458928,0.001770684902926509,0.012403410919407713,0.00012084211864322778,0.011781005243747793,0.0035796837388049722,0.48210608504454877,0.001485931682539234
IL_3662013,0.04618858241912304,0.3702177116510952,0.0005623466975230666,0.2157440427422694,0.0016969720310327896,0.0006942753551388813,0.0001439378850959938,0.011310771126493788,0.004637902210729433,0.34768890017967996,0.0011145577018183504
IL_3682737,0.0011033863671716473,0.002368306934254452,0.0007990890553681853,0.004368208941552649,0.0003087108792715877,0.00022904802552901372,3.584271101662583e-05,0.02261034363804302,0.9671636311236638,0.000621013175166882,0.0003924191489623132
IL_3708176,0.2648249775383479,0.18179211428593844,0.001011717859982008,0.16303214114757492,0.0016202207454552914,0.0031754433670162572,0.00024752048579034175,0.005970154452825165,0.005569357917440206,0.3710433079913983,0.0017130442082313772
IL_3731984,0.174835748513817,0.48855319058785857,0.004602805654079524,0.05881141942357774,0.0012450552819367,0.003687708469486054,0.00018520024407919018,0.031172637186077327,0.006958182737059169,0.22862675748983236,0.0013212944121964352
IL_3743750,0.057354650782429316,0.7227667433838423,0.0005714152598837164,0.16803469655472877,0.012181478434130992,0.000558529495480553,0.00010479073490581893,0.009156773116217041,0.020687289285386858,0.0072988060225519565,0.0012848269304427758
IL_3769258,0.4983756201414078,0.08066395004440985,0.0006106208676412112,0.24153851884686905,0.0005441799136388824,0.0005211167967534988,0.00010851099228886896,0.0034158828432716455,0.010717047788614396,0.1629967359573817,0.0005078158077231559
IL_3770691,0.03403528822750001,0.6416515149620909,0.00643668992294792,0.1709881127024103,0.014962312434396165,0.002788688235086833,0.00019325409471636986,0.011359512139781274,0.010204697928440474,0.10578931557515603,0.0015906137774737493
IL_3795536,0.06277220140168946,0.04021228822755303,0.0003064247170042177,0.07079105718186104,0.00044526790809315726,0.00036166683522394514,8.447926335513558e-05,0.001986196301512468,0.002247881048650547,0.8204639821827846,0.0003285549322723469
IL_3825170,0.02551095256915369,0.49257724497914335,0.0005997753567346223,0.43907173625292534,0.0015782550247270214,0.00048705224677690796,0.00010828570473126317,0.006531328760499427,0.02403910255700338,0.00896580986721941,0.0005304566810855781
IL_3849919,0.021774537645642474,0.4331519061203908,0.0006456864502018345,0.22212204003633446,0.0026170988683838618,0.0006522082758460772,0.0001225253286863734,0.01329468029563175,0.2983567604054936,0.006476465824456513,0.0007860907489323545
IL_3863962,0.05726899935418069,0.08042583409152178,0.000987864340349898,0.1589473613803808,0.0009308988364481177,0.0011385147468564354,0.00015119937102429248,0.004094278496094518,0.004278108092452497,0.6908378887241745,0.0009390525665164903
IL_3890738,0.02576348837099412,0.292598508053717,0.006616359732619308,0.052088027925054216,0.0005934351848488745,0.0024120308550474325,0.00031901166182076563,0.01139068331676412,0.005263916453025228,0.6020046258779347,0.0009499125681742743
IL_3916806,0.039464037633866085,0.7886416596267465,0.0005171023939374826,0.1370467741757374,0.0011615573209272825,0.00043995857832816303,0.00010473790774858866,0.00582321719831363,0.012319800020839907,0.01408750283611569,0.0003936523074392986
IL_3918658,0.008433735692399776,0.4417540401508113,0.0003677158553678448,0.01653066937016579,0.0005795256140095549,0.0005234330445267505,0.00035386143194191785,0.004067453842082658,0.004941530819582447,0.521945637179723,0.0005023969993888206
IL_3925046,0.049081599244095754,0.06059366000135885,0.0003427292127415044,0.11643185835616116,0.0003905066622283142,0.00040685721983868377,8.39351076906586e-05,0.0023560493552631794,0.0024702157523037774,0.7674649729945435,0.00037761609377450953
IL_3944678,0.21058273222937324,0.07256230470070882,0.021463006772965542,0.5085600662023918,0.0017468897137389743,0.0017860932031770593,0.0004006691585470949,0.047867441264021676,0.12882304713173623,0.005402904921938311,0.0008048447014012174
IL_3989231,0.0020020837966703915,0.00854549592458832,0.0027275764057131022,0.010829972112898715,0.0008388064241767473,0.001042657929136781,7.181576459055411e-05,0.07901030753327515,0.8937250115926396,0.00086592848894111,0.00034034402736961923
IL_4014940,0.044472737299700416,0.7499075936325157,0.00044254968390847194,0.13751897145700145,0.0018020468407684007,0.0004804094542433412,0.00010360985699714735,0.00783278566085122,0.004365019617010999,0.052633530454556036,0.000440746042446933
IL_4030473,0.22761161808496697,0.5326333783253302,0.00174620803474235,0.06011218330141593,0.0010737017529346613,0.0022778291966958205,0.0001705759986181734,0.005653862393644383,0.060842236347122006,0.1065836476523637,0.0012947589121658429
IL_4032940,0.23351471273944718,0.5043637213050819,0.0016117135232566484,0.12828505323320374,0.001270455755359446,0.0013181712263470417,0.00021176176924520235,0.01715310842992145,0.018334007184143908,0.09306606623726274,0.0008712285967307466
IL_4048093,0.0416476808591735,0.10986113180034202,0.0007737018828470954,0.0793041534562249,0.0016883615024085256,0.0005177817234794615,0.00010037755727922735,0.0039231166662040485,0.00368399504430271,0.7579450132640806,0.0005546862436579187
IL_4102420,0.32910485776968995,0.17746620462041174,0.002124385631385803,0.1258722823288729,0.0011671232876894408,0.00170169348137604,0.00022605625295476947,0.005915533489342647,0.006781673005302452,0.34805148165460664,0.001588708478367683
IL_4113222,0.017371490545345408,0.029102564418570107,0.00045119903913618653,0.6926935857494319,0.0005628481862686807,0.0005759256341365642,0.00011275822821513877,0.0036340854654135116,0.013513343194396475,0.2414699116483313,0.0005122878907548956
IL_4121028,0.053929006638120544,0.6615981412033463,0.004346457062477468,0.1618193216009614,0.0016994323522460655,0.0025023836929701747,0.0002250290136664471,0.01693924803189234,0.010947265359739052,0.08475430987081688,0.0012394051737633284
IL_4137970,0.047613120292121155,0.12658321566824066,0.00048568356407777705,0.32755420541596025,0.001240606461262281,0.00054811662095384,0.00013168631317164912,0.0033660669627421217,0.0033191482605434254,0.4885549726078624,0.0006031778330644925
IL_4183780,0.0586927602639591,0.6802588988324461,0.0008316597298348702,0.1973546567713625,0.0024883792019279563,0.0029998885527787737,0.00017986623792443391,0.00906345911176409,0.004879327951575819,0.040633156654791724,0.0026179466916346223
IL_4205103,0.04098781512330616,0.532044890386218,0.0004843286994716569,0.09373407861993788,0.0006940119560903092,0.00047310587586515344,0.00012645952421572927,0.0079467642013004,0.0032673968044412303,0.31943091286678277,0.0008102359423706248
IL_4212360,0.025244245278675217,0.7294389602148945,0.0011699606335971867,0.2139305591920814,0.0014834647065137927,0.0013098484987471846,0.00014809740539905184,0.009546265545527791,0.007064509408352883,0.009223010442205824,0.0014410786740050934
IL_4217178,0.05629543536817005,0.742293323906828,0.000642826162502791,0.11230089228711303,0.004149201454366644,0.0004729326167332998,0.00010475407006583284,0.005818924489208144,0.04107803664915853,0.036369612636512644,0.00047406035934098806
IL_4273134,0.02507291056934206,0.3689209344227403,0.0005397046341302795,0.05872058515720255,0.0009253291461740902,0.0004940781065494526,0.0012623691767996896,0.01002280982908553,0.004195382313108449,0.5293086726696752,0.0005372239751923857
IL_4304678,0.08072764472248257,0.35682847437903537,0.0012961268154864712,0.030405431192111164,0.0018519676345338252,0.0007897398896294127,0.000255592428354468,0.00889556773224776,0.002927824584752917,0.5146952223357147,0.0013264082856512132
IL_4365221,0.09315501407591252,0.7717359771024146,0.0013867223802041442,0.0871212913873615,0.0007190277311948405,0.0009867717822086414,0.00010654540454953289,0.012298684569984526,0.013690057548820137,0.018349210902151376,0.0004506971151982666
IL_4377002,0.08794850523263488,0.04375732457113165,0.0012731938447266263,0.10449370383265118,0.000623570647817882,0.003418259866843323,0.00046327022736427585,0.005771038862175561,0.00656998148872163,0.7450508214038101,0.0006303300221229933
IL_4378654,0.09938019535038418,0.5178500359134033,0.000939455224676924,0.3148843103867183,0.0013156989054665367,0.0020491921527619338,0.00018265175222681335,0.005152474699744345,0.011761547685062686,0.04525189908142414,0.0012325388481309917
IL_4383984,0.02262414415873841,0.057558805314159384,0.004318007613636716,0.4183298653720995,0.0013649725351585272,0.017031833424495327,0.00021634961001481702,0.34308437074920267,0.12993332554527942,0.003943824185187435,0.0015945014920278147
IL_4392618,0.08412350446422917,0.17343645741222166,0.0009001604871071943,0.07098507773492133,0.004294959691746924,0.002171455327391711,0.00019300895811336406,0.006722735913402276,0.005661470617967976,0.6506124131846829,0.0008987562082156566
IL_4393410,0.06401981975990247,0.4122025064671628,0.010045179576059295,0.05788704365649214,0.0015509635837151624,0.061241808233819306,0.00026357179383459906,0.009104054143902203,0.016414055623931004,0.36602789399457836,0.001243103166602801
IL_4404293,0.44113031377484396,0.06336606172144689,0.0015626138951577717,0.07676095384310666,0.0005270745047198762,0.0007738204761461227,0.0002929948969966188,0.006928012547183994,0.0030649385556956905,0.40516898515088023,0.0004242306338221674
IL_4407167,0.03532348512038348,0.34732486952988895,0.0010265811340423358,0.07157422697424641,0.000883064391976115,0.0011435817794223032,9.522996671542622e-05,0.002659037472238837,0.005759285225770905,0.5332766307606789,0.0009340076446363837
IL_4418818,0.024266898329097928,0.8245443161227126,0.00161697457402609,0.10569833116649886,0.0028214961976823208,0.000934311992925678,0.0018836765274616852,0.019654696028229054,0.009450225605412756,0.008602091350619798,0.0005269821053330652
IL_4429583,0.004320409437051255,0.0647366895192543,0.0011411298829837435,0.04565043202393972,0.0010096610520814006,0.0006365408330597141,0.00033949582301914707,0.8478246154503177,0.0292943414970986,0.0038780565166103226,0.0011686279645841012
IL_4447995,0.3156949488662476,0.22307293903380884,0.0018594794956884515,0.23975337687412468,0.0009773111504620916,0.0009753995525945483,0.00014899297365216578,0.00979503752799713,0.10303800189662954,0.10401577090595465,0.0006687417228402194
IL_4474915,0.01911811789794267,0.08017772849021637,0.000378267380900563,0.07634772782535201,0.0006388645009946807,0.0006831035520492555,7.913768893246198e-05,0.00277388770462152,0.0018720960430245162,0.817328494541188,0.0006025743747780288
IL_4556052,0.0586470353328049,0.027049045314858744,0.00020275180026606732,0.035052618182957684,0.00038822149526319976,0.00030446806378099303,5.717764276322276e-05,0.001388587402385365,0.0015718239555081758,0.875120840290746,0.00021743051866561703
IL_4629710,0.03738170377911733,0.7677530593437258,0.0008952617779606629,0.10440660379997117,0.0017679825018094672,0.001612238893688548,0.00011527970440448023,0.005140246993980764,0.0049325893866109406,0.07415931776432691,0.0018357160544038153
IL_4631015,0.017955218865949606,0.0232526792632263,0.004169470480578151,0.055945605939276076,0.00064846741096452,0.0006711991024606664,0.00013212931201436758,0.8553124884202677,0.03930259978322495,0.002024066229273214,0.0005860751927643411
IL_4632594,0.0008600475919577845,0.001585372311785219,0.0008401387805299124,0.0031992970475123008,0.00036320497471448686,0.0001558621127203763,3.6711745782507766e-05,0.0933421507537401,0.8988135007792054,0.000621527455213231,0.00018218644683870122
IL_4640947,0.4374573026561608,0.22228606454395952,0.02919023251404074,0.11410554905922639,0.004416893519891153,0.005938267485223903,0.0002454865066852442,0.010068378791652887,0.042848691008409386,0.13128147590694658,0.0021616580078033416
IL_4652828,0.059209722546559894,0.6845143258293891,0.0015118646376456437,0.13019338703238043,0.0049599116210120005,0.0010677754345775796,0.0007924411278130191,0.029763145308749964,0.01881151896027512,0.06816422255007042,0.001011684951526947
IL_4673376,0.0016854631973448194,0.00946039609102951,0.002414086011549433,0.004602228403509263,0.0005415479642912517,0.0003059289426978806,0.0041408300633894385,0.20560109171614757,0.7676605395296345,0.0020917899572252567,0.0014960981231810068
IL_4698973,0.11787845991269763,0.7244047389621231,0.0005342900660577474,0.09627385233754701,0.0005314862862243309,0.0004414401198770859,0.00011263276437464029,0.003447299020666379,0.00561388431512174,0.05034100647037639,0.0004209097449341354
IL_4703518,0.05584863745511888,0.48924574275532634,0.0029230164441364902,0.3907613271276068,0.004456254943667822,0.0014645256385977074,0.0002065780885988328,0.01397124428857702,0.01744699330560823,0.021312903043258488,0.0023627769095034726
IL_4708155,0.01651194224986015,0.025153725066452106,0.004595062640489442,0.05291332927387093,0.002190428133303583,0.007299923480077726,0.00021886506894879692,0.2892128383262389,0.598114014686881,0.0028735163667134135,0.0009163547071637816
IL_4733323,0.2383745659536562,0.35972569538970806,0.003049160324716692,0.270643680855,0.003226577283794069,0.0015331394274095216,0.00022206898872061074,0.008451972270476019,0.006049551834103986,0.10780291780264753,0.0009206698697674445
IL_4738780,0.059837485427905436,0.5656547629652104,0.008180299887673678,0.03511164198371287,0.024859157788184323,0.01760484890650484,0.00041677928175149555,0.1957105200260933,0.013429854735546996,0.0772671500990479,0.0019274988983686758
IL_4747648,0.11138829458083281,0.6074278947574483,0.0010952690104977787,0.18389755264541352,0.0016518545140814217,0.0012610703435687958,0.00020320355043044233,0.010766202082432778,0.01225954216433895,0.0657925548683807,0.0042565614825743735
IL_4761308,0.314335287421296,0.372875150174407,0.0010533995060104662,0.08197465842304427,0.0008427381616728951,0.001126117510449463,0.0001605665017777785,0.003737568078329415,0.0042430028267188905,0.21766665900729415,0.001984852388999583
IL_4787245,0.19152479279395893,0.13027495723869592,0.00043571082945994334,0.12512822795193276,0.00048491757094694816,0.0005430743025837215,0.0001025446002519092,0.0024911831861057078,0.0027168257521708837,0.54570978863946,0.0005879771344332652
IL_4796202,0.06624735832670926,0.7838228807066314,0.0005605560424748318,0.1160337074080887,0.0006401505029496218,0.0005086109038652582,9.208066627364186e-05,0.005479525420722232,0.005200181672764549,0.021062020643303224,0.0003529277062170924
IL_4805993,0.014282827417062601,0.8393361885327427,0.0014787514851777469,0.08881216524186146,0.004320582471948891,0.0005438291861906254,9.625712904987469e-05,0.005193063987953368,0.006727543716463368,0.03810235111049793,0.0011064397210513535
IL_4840188,0.10649032421591703,0.5791428004479174,0.0012503141486769627,0.16285762775491197,0.009461761042144943,0.0014786788890319888,0.00018353067042904328,0.011799535400141241,0.010596134028044182,0.11563147886734731,0.001107814535438014
IL_4848599,0.02673001601185227,0.7086777726706307,0.0011748800820390282,0.21415346436589022,0.0034074191658760838,0.005550849170692706,0.0002989248054336982,0.020310438438491795,0.006372338225473664,0.012350319096907116,0.0009735779667126203
IL_4848977,0.19941741683270225,0.5102495758383461,0.0011687302579568167,0.18209078691078828,0.001864524672344179,0.00802800562635716,0.00017913685941949598,0.013135749057200184,0.006864887062261906,0.07436284134267045,0.002638345539953167
IL_4907451,0.050001890758772816,0.06849176718255776,0.0004521913205274389,0.08732204686165766,0.0007310011505155507,0.0006523951474975596,0.00011425853283312543,0.0027833823371923912,0.0028867138403725996,0.7860752741148673,0.0004890787532056833
IL_4912944,0.12653794546619992,0.3563685447038919,0.011907308008087005,0.09121929908995105,0.0023615979639052954,0.007642073020156034,0.0004004868094081852,0.01709735731175384,0.013539803924684608,0.3703495445842606,0.002576039117701619
IL_4926820,0.0027192091569193592,0.05099431985907004,0.0026340476307293854,0.07091483791638378,0.0009284190219445693,0.0004800740793178416,0.00011885957907398797,0.7139396219485903,0.15255272843814793,0.0029406381493847543,0.0017772442204380544
IL_4928787,0.057667190494482504,0.7425207444893343,0.0004948490317138652,0.1685299022337256,0.002954939806944926,0.00037520987366394625,0.0002418583243119088,0.011956955201310645,0.007973123626810168,0.006667905071460356,0.000617321846241998
IL_4936385,0.19889766105275508,0.06734210583440957,0.0036726648726008023,0.47176272579963685,0.0008645910430216933,0.0009773878027803315,0.00023774040893908448,0.24275010830012106,0.009281734483791465,0.003427865824279528,0.0007854145776645666
IL_4942231,0.35421768818482247,0.08644646450280086,0.0008486345820711347,0.23062679458749868,0.0008774791712033604,0.0018542643592891575,0.00014540866571854786,0.01039910471296577,0.018774657971736233,0.29504660772852825,0.0007628955333655243
IL_4953244,0.17485034055135584,0.51209632541372,0.0010115985553940264,0.11065619609973454,0.0011637389426234197,0.0008621266664706753,0.00020296245745563742,0.0058611505308398225,0.004793419529991371,0.18748076378403666,0.0010213774683780388
IL_4955020,0.3586256353641771,0.23171859006998227,0.0012014295435929172,0.16966181542634656,0.003959859656457313,0.0020413007648434653,0.0002533730605828655,0.0105093705643198,0.007509723738512685,0.21363897861612732,0.000879923195057732
IL_4964046,0.10164689006755308,0.14497693013302715,0.0004984088174220181,0.05746935779766048,0.0006409277715279801,0.0007307849882311744,0.00016342290089291277,0.0035270233486861917,0.003240742504128713,0.6866194064369484,0.0004861052339219189
IL_4983934,0.07535737722622324,0.6301885534005357,0.0015789401167569485,0.07070755115449921,0.0012815236019337074,0.0012865845737315218,0.00015891004250731376,0.01996313658377624,0.018225456782532366,0.17416817998061118,0.007083786536892649
IL_4994761,0.11370145736193663,0.09557902281605887,0.004405979957280588,0.3309575537672722,0.0013962306636756349,0.0008888901249013374,0.0002361784916740226,0.39499943589572206,0.051905290282506386,0.004971060310415684,0.0009589003285565953
IL_5016487,0.02323336068076152,0.02883540398144358,0.0007321605174645218,0.866113713644525,0.00044682138087994756,0.00037099933751003154,0.00012327660010353353,0.04557105400709963,0.020673404583992312,0.01349754711975681,0.00040225814646312625
IL_5018680,0.08450312262021888,0.5343916947829833,0.004683619567148106,0.06406420490549881,0.0028344215904448217,0.008078438994797668,0.00023945667880293393,0.00922291990567143,0.005698789163120731,0.2772075109418899,0.009075820849423414
IL_5117306,0.02283838311095842,0.8180204050461906,0.0008209804553260307,0.12542280458496055,0.001276585607578782,0.0005897155930880032,0.00012956264188713354,0.008690638690047749,0.01254135874184314,0.008879653017932814,0.0007899125101868197
IL_5136565,0.13838399977155663,0.11943545367291163,0.0003323831908135508,0.07097143913780785,0.0012116541769202722,0.000356980343851893,0.00015800180214352823,0.0020382140001208764,0.0022517826608890877,0.6645074485948846,0.00035264264810014865
IL_5150961,0.0411174401423376,0.13470481762855543,0.0004142873745593375,0.05722570707135607,0.0007761411477711216,0.0004524938532396443,0.00025503550169026434,0.002545922000426372,0.0025947195261714477,0.7594812881361657,0.0004321476177271495
IL_5152620,0.05732041715694781,0.3266764613475046,0.0013123430672266345,0.39548257336773585,0.0025570026098974716,0.0017319170829879068,0.0004088058053321902,0.021866497118157517,0.05158581624499614,0.13946987827884988,0.001588287920364039
IL_5171099,0.004223461428938173,0.9467903577975976,0.0004320370298256328,0.010678486520713994,0.0004504758962092008,0.0003021562763867173,4.32384788624221e-05,0.0038055808497092928,0.011235605477304214,0.021774964770844916,0.00026363547360802836
IL_5172506,0.026728056509654263,0.04070368593742606,0.0035501522072552477,0.07980108854102047,0.003252323278577791,0.0009291158427061332,0.00020980302772375317,0.7768108808588505,0.060766813588663135,0.00580045214823075,0.0014476280598917323
IL_5188190,0.14200313291457461,0.21924701641877686,0.0013128068736984978,0.20281789282927587,0.0013505576141854933,0.003909476441607008,0.0024158388752907973,0.012063211217202281,0.1154566720335792,0.28017035689397646,0.0192530378878328
IL_5192693,0.018807656330523906,0.13214299553782943,0.0004898163134587504,0.10134957345887903,0.0004989123044087106,0.00044239986032367325,9.899928077062984e-05,0.002876266030232537,0.006304497943588479,0.7364888767912849,0.000500006148699888
IL_5195971,0.05050530139029072,0.6234035903111693,0.0012475551882138575,0.1796131197406568,0.00805807161130978,0.0012549738768079016,0.00017166219596246037,0.011769382120347989,0.08083976048926728,0.04095667241096668,0.002179910665007165
IL_5199215,0.007294901648379005,0.014471128744177993,0.00132200230046938,0.1784464278341609,0.0008759320015696903,0.0017140110860966963,0.00019572134876633376,0.7523883747232705,0.039836665243095315,0.00258559938973235,0.0008692356802818544
IL_5202722,0.12054043945433268,0.043984284988215175,0.0114594277907403,0.40722602354210824,0.0014091036389339124,0.0008571695202271592,0.00023238120780424347,0.3455388713810183,0.06422009810217985,0.0036982796392116503,0.0008339207352284759
IL_5227274,0.08433950518984071,0.45614306122832504,0.0008856501241381511,0.300270928978585,0.011993756859098991,0.00082339880600803,0.0007337039591241455,0.024667861610306097,0.03643056932657232,0.08282528299632458,0.0008862809216768295
IL_5227787,0.11332667170526751,0.6195131678354567,0.0012376152060535512,0.07886856895895357,0.0010401234242563443,0.0009429252387789057,0.000139752681462614,0.004655134340423688,0.014873324525159722,0.16427110260501487,0.0011316134791725567
IL_5242598,0.20845242367515246,0.2826002983708846,0.0008544356477306548,0.2261757075521706,0.0033204042497362125,0.0026624961191017075,0.000289551777721971,0.008525796735212091,0.03022714951239787,0.2360280072164891,0.0008637291434027616
IL_5308378,0.027024375386796744,0.017668534886361633,0.0020781472522419485,0.1902827132613777,0.022270099281900792,0.0024737868040081057,0.00023833217869346457,0.3121186537502102,0.42072545692056623,0.0037977198541461125,0.0013221804236970929
IL_5330356,0.014514905972327075,0.6231063162014733,0.0022503027719622515,0.15350460525733695,0.023335560876452437,0.005197631873489642,0.0002493948835383877,0.10581106366946784,0.061595638072279205,0.00883759665509336,0.0015969837665796103
IL_5334240,0.05758954983989198,0.22326477553025986,0.003585508553451533,0.2995963254198351,0.015358863206037214,0.01534141796261148,0.004587878046850938,0.12092043384774717,0.207030287332592,0.009329972448582274,0.043394987812140476
IL_5360549,0.45861454715512934,0.03147264288194865,0.00047093415739988425,0.08036112845317718,0.0004686264442959202,0.0009783519754723118,0.000130828943321669,0.002320497176643285,0.002861056221237011,0.4219454361944275,0.00037595039694723507
IL_5383665,0.1771999827686496,0.12683272051307046,0.0007064570937726378,0.4278946438409139,0.0013347837033003916,0.0012203825095314456,0.00018131576562032228,0.004639078563922855,0.006367590712544289,0.2522565538476913,0.0013664906809828454
IL_5417792,0.002202303924548465,0.005418296692859321,0.0036446197232284506,0.011760708899398823,0.001147805918160233,0.0006463680414860966,8.780531235720335e-05,0.03577889949766174,0.9370318655209788,0.0015347046950286893,0.0007466217742920606
IL_5419157,0.08577246641518638,0.623971180265713,0.0029685262500916396,0.06254204021100598,0.002027644214114493,0.004499561758932743,0.00015076132645065702,0.06074121390239794,0.13303164313290844,0.020985216902858837,0.0033097456203400382
IL_5461503,0.05792338168469623,0.3264360300084625,0.001138350188609955,0.034633832266527435,0.0024191372225140497,0.001675770623641324,0.0002152476365883111,0.01862198141266675,0.004017857272892494,0.5520534614803039,0.0008649502030971594
IL_5484022,0.147284597649947,0.3466002965640668,0.0006788096669995162,0.032610834030015884,0.01247352371172999,0.001456045217847049,0.00028382378937317815,0.010554109623884122,0.00357974302612865,0.4436833774192127,0.0007948393007950705
IL_5489843,0.011319897258804482,0.7361105900653786,0.0004523078508796221,0.05909247389275685,0.0007669022715844625,0.00039722698091244045,8.528884224274644e-05,0.003740646149914146,0.0025282413756252337,0.18415665856990993,0.0013497667419914495
IL_5493219,0.1783284381491499,0.05917468048135745,0.0004934361394527646,0.03234807516183322,0.0003806723375205366,0.00043428401014246814,7.403425447476822e-05,0.0022912207852212488,0.0022972993721683266,0.7238375135270679,0.00034034578161143875
IL_5512024,0.08631804776226948,0.0760662737013266,0.0007261906348270821,0.1785261286265558,0.00310683483695353,0.0014694859967799157,0.00016751694870852373,0.005251637378088116,0.004615221805503361,0.6431150089743186,0.0006376533346689428
IL_5545711,0.07267427589686104,0.01831154972374576,0.004184254675105734,0.6105580462506255,0.0023686045560253463,0.0008141317202161535,0.00019784133799913652,0.24138856767737557,0.045009976741836134,0.003541702342587192,0.0009510490776225261
IL_5552679,0.07970268077245697,0.26100303394172086,0.0023364465283696855,0.15539593923932218,0.005169252679524991,0.0019434512062507746,0.0001701964050645528,0.008836388475548821,0.00555841322774755,0.4787628389048726,0.0011213586191211582
IL_5562172,0.37416706781357645,0.2913512919728415,0.0016244733597954534,0.06041241898758769,0.0008569954276580855,0.0008135448713637952,0.00020059791214635864,0.007337320494007866,0.00482907643180822,0.25754106280264594,0.0008661499265686299
IL_5584877,0.16660807378423448,0.22525724660023339,0.06846382689426127,0.23126923733484842,0.002271681140629955,0.005367540121765235,0.0014493665719967224,0.19513631578716645,0.0853749978575544,0.01117345211097408,0.007628261796335713
IL_5603161,0.1454956985762114,0.11063935311221956,0.002853273890839558,0.5215327172721074,0.009832877981569585,0.0013524887513593244,0.0005929489551785226,0.10681352714378073,0.08883340099946269,0.010376641779381355,0.0016770715378900015
IL_5609972,0.15976080893481026,0.056072252528256476,0.0006908060148626816,0.47672708481836507,0.0006999271791681552,0.0006658525798142428,0.0003072895465388238,0.0842395945329732,0.005019604351956032,0.21516391736586113,0.0006528621473940348
IL_5632066,0.007585245404075756,0.04604282229269233,0.002382728906889378,0.04362581223891637,0.12895036588898456,0.0022668234134179573,0.000425539230732887,0.09867646369557487,0.6285130465598784,0.004822083316191032,0.0367090690526464
IL_5671982,0.05453807206911235,0.705564114989423,0.0012185594733494067,0.17879992143575,0.003182011073411436,0.008817279877422212,0.0001244309209051859,0.01165988695775755,0.00653710687419186,0.029005024491693978,0.0005535918369829211
IL_5695938,0.10329883399308054,0.40286647811286325,0.00415099605690658,0.3528769663303081,0.0320225726965239,0.017642547021064013,0.0002928387693417448,0.038571264748134756,0.028672920886319512,0.0183349255256961,0.0012696558597616204
IL_5698172,0.033950918845638306,0.5066838115950157,0.0033604415341897034,0.07994905425785147,0.003713781594867405,0.26724833475898707,0.0006322243838597658,0.02868486967641831,0.008858669039040217,0.06299304572221627,0.003924848591915682
IL_5712655,0.27272030201093134,0.08214373182344899,0.0009776271264765881,0.269519187117562,0.008879997643736919,0.0007669127104027197,0.00022180713494283365,0.005015049210400769,0.11509468500696039,0.24399665076099972,0.000664049454137714
IL_5746899,0.16310087123758094,0.14222744543780982,0.0005757448891558792,0.09040619048328347,0.0007712831603157223,0.0004846459149740636,0.00033715180869955675,0.013225385250111011,0.004118300794828563,0.5842463234210215,0.0005066576022195626
IL_5770284,0.0012108889590477464,0.0012714395947717994,0.00013516301444647274,0.011074979983505944,0.0001866353207152993,0.00033183293193872455,3.4258486638062024e-05,0.008068842977251363,0.9770987814330713,0.000456947153579895,0.00013023014503343996
IL_5841112,0.001612592689050106,0.0015752434511681112,0.0001746313603560256,0.008687722582794443,0.0007785524073348948,0.00013554156626982593,3.392102464358228e-05,0.007807853688100697,0.9784830293743341,0.0005596646700461133,0.0001512471859020936
IL_5873278,0.13310940647693678,0.47003922536869713,0.0022861647562924083,0.05626111390657798,0.016343248688821123,0.002396557141920843,0.0022972196817863167,0.036256043082883285,0.01831852014484474,0.25977218663662827,0.002920314114611141
IL_5886154,0.3452453348346663,0.012018922060798243,0.0033084393627961528,0.5921927827857216,0.0005405319252545004,0.0005652357834500504,9.248067020141823e-05,0.0190705582504194,0.02515786742201869,0.001539348429456868,0.00026849847521656536
IL_5891440,0.08893651496383376,0.20491778602514543,0.0008541964256639472,0.4513296929300934,0.0016283100181941448,0.0008740250545213746,0.00027999809711257655,0.013471177879762375,0.004787459159383886,0.2319894624797725,0.0009313769665166112
IL_5907718,0.036747554440611126,0.07989464276399005,0.00024599935255696236,0.011230051442823064,0.00037619493746778455,0.0003150029239572878,6.397149824910268e-05,0.0017379887121089868,0.0016699361064515812,0.8674539671759999,0.0002646906457841489
IL_5913331,0.14314784280745127,0.48372850974454884,0.011777550819396805,0.05696969786558505,0.0010297500105592137,0.19983065302524536,0.0001677293475179233,0.01476399565399722,0.03154952616239886,0.053481884359839464,0.0035528602034599188
IL_5917748,0.0988489107407792,0.6752234276977531,0.0005994289838088169,0.049465818861580364,0.0008303454041076188,0.00043000484290442307,0.00032726369947360604,0.003041874434942262,0.0020799155732003165,0.16864453968229975,0.0005084700791503872
IL_5924119,0.0010299672434456349,0.0014792493057480096,0.0003170130277089237,0.0022444503122299037,0.00017366482874720934,0.00023207340871678187,2.1803728939695945e-05,0.009296884323537341,0.9847431839562532,0.0003719423818681354,8.976748280513135e-05
IL_5926691,0.011547547023518404,0.0096209955116743,0.0008588521678960129,0.05680673549338676,0.004932369420407595,0.0005537063286266602,0.00014475377644158202,0.33970928416889284,0.5729437832708809,0.0022454606417627136,0.0006365121965122432
IL_5932158,0.19652373736550732,0.2665330604679132,0.007426857131544461,0.34698167266921026,0.0026563010497795284,0.006335012089468709,0.0006093854359104886,0.008142536049808042,0.03469040952614338,0.12833300225780073,0.0017680259569138668
IL_5978307,0.009059100743645389,0.05373183957322129,0.0014374142219160271,0.05513982462495269,0.00991796757334801,0.001774735514563574,0.0008614797989615913,0.09809673910840738,0.7647821964711818,0.003929866046222138,0.0012688363235800987
IL_6000978,0.04046650666733332,0.3673629714777527,0.005575552331953837,0.5000405613735979,0.01859616551352937,0.0021154590588316315,0.00031393786369285164,0.01958903701982592,0.010712427354304053,0.03405346602312119,0.0011739153160572843
IL_6012528,0.029186413934927685,0.2850635567581896,0.0004091004875913511,0.06967442346829425,0.0008819720102116608,0.0005503611278084807,0.00020634003568788852,0.0032977124585473524,0.0032875130110068813,0.6065160202144224,0.0009265864933124563
IL_6031916,0.1870601631663778,0.3151665994116474,0.009622247433872974,0.16118398070773463,0.009473005496186758,0.13171272962011332,0.0003479311719149014,0.021461788904903214,0.0873934314220886,0.06731668951088035,0.0092614331542801
IL_6046824,0.1311519929260493,0.5142804552736713,0.003508286441916356,0.11345463824109135,0.0008374053103941384,0.0008665535933037993,0.0037166053749469906,0.05825207889550664,0.01866888197468991,0.15333991016938608,0.0019231917990442454
IL_6051806,0.014356654410945267,0.2103335487532685,0.004040240102687048,0.22322598348900582,0.0007129134253061824,0.0008169945013910126,0.00018932966065924293,0.5195894135415277,0.02286388950395924,0.0028232158488917546,0.0010478167623583236
IL_6066131,0.17971259672852608,0.4610539861104525,0.0006205054567794647,0.03847389156324724,0.0006131314430519602,0.0005417802041358333,0.00012984670003883859,0.006460078598751074,0.0036421374628515597,0.3080845379090957,0.0006675078230697453
IL_6070882,0.21793776500735496,0.1211120554018844,0.0006939823401811218,0.11350373071299621,0.0009001648603582554,0.0013349657563980287,0.00018348277303935568,0.00401788314419149,0.009914181409414129,0.5296911074173551,0.0007106811768269297
IL_6075447,0.10660516342327252,0.6045360462601873,0.0014387324448976373,0.13711143254776553,0.0010071861684851592,0.0014613420429649168,0.0001398115311682624,0.006314493200985582,0.03558729832699707,0.10504894479859536,0.0007495492546806714
IL_6099493,0.03516133950481974,0.7877920497291313,0.0018430477962445013,0.1289592562981058,0.002154288649246452,0.000786284489114263,0.00038717529761312,0.02326166436078028,0.009554446284648778,0.008521872565779146,0.0015785750245167428
IL_6099858,0.05220526033089061,0.7112524595907801,0.0007406915826699327,0.09101958735319647,0.0006705546751889766,0.004144918561342909,0.00010837067601772454,0.009007578966535706,0.0037740684418756665,0.12622033001609637,0.0008561798054055841
IL_6129083,0.006560415026732711,0.028351178437925287,0.012749902853423773,0.0626988422741041,0.037891776583584655,0.0013147576300277673,0.0002042134714247517,0.05688648246538819,0.7870921147446539,0.0035800622878961294,0.0026702542248388493
IL_6163594,0.47495444055413943,0.11836271252041598,0.0008427877161789318,0.22541080903767466,0.008346934851584557,0.0021274342593939188,0.0002153799966813552,0.006559263215173113,0.00990351018699664,0.1523693784282095,0.000907349233551916
IL_6164735,0.06976567102759265,0.19270429920440132,0.0014865195858998362,0.34455639954441997,0.002731432794444889,0.01918882160945288,0.0002476151152670784,0.03306482021378049,0.025524529168715778,0.30864457024999614,0.0020853214860289994
IL_6191818,0.01714511635653814,0.03727243593729509,0.004430280972297265,0.20643046529142237,0.00046707887295766693,0.008671142712063708,0.00017760904036652242,0.006094693122794594,0.007285717532109411,0.7080603117668519,0.003965148395303279
IL_6197538,0.1088020024316791,0.33124474594509645,0.004257335787139265,0.17990529312971393,0.0014192881180535512,0.0016030097331875476,0.00040304656191310074,0.1648712621984986,0.15374742092368887,0.05193196900746679,0.0018146261635628626
IL_6214063,0.45329514215708444,0.18240329564496982,0.0008065656860797562,0.13695195444404604,0.0023682369282249267,0.0020920242596986762,0.00022792293746720402,0.005038275253063393,0.004598811718415699,0.21140794530196724,0.000809825668982799
IL_6247837,0.12390797236641213,0.649545173700959,0.0023378664674626394,0.12014439039410568,0.001674898905618041,0.002920794243639973,0.0002107777449776728,0.013192838403670385,0.0367179057450179,0.04608151146930538,0.0032658705588311226
IL_6254530,0.009455531012400072,0.1360562117093117,0.001194441613564939,0.1406353282006781,0.013611903113688482,0.0038162408229229917,0.0009851010899285372,0.16910363566659042,0.5164237479211569,0.007508544718642736,0.00120931413111521
IL_6298296,0.15338263568477986,0.5630636341712273,0.022909207202093697,0.07733007682657381,0.008922260177484539,0.08097171996349752,0.00024117318639423427,0.019984326727832156,0.044563608161671604,0.0269784932872869,0.0016528646111583726
IL_6311333,0.07094026971203742,0.35915133139142313,0.0008471290222856154,0.037604197905743014,0.0009628428195636239,0.0008326149803543022,0.00012116020540681299,0.0038344246712413706,0.0029144583868201198,0.5207542738679392,0.002037297037185399
IL_6364048,0.11317488083632266,0.5394480072794602,0.014925546531652156,0.12744988709854227,0.011258350980181114,0.03480419149079781,0.000365762747112916,0.06316788535343504,0.0399124521525185,0.04631298759920628,0.009180047930771063
IL_6375582,0.018957180699720758,0.7507909054891441,0.001216054860055834,0.1725599169340839,0.0032592126574854047,0.006582870021698086,0.0001603339469004993,0.013342529379022201,0.011282918583294919,0.020229344450469672,0.0016187329781246506
IL_6379178,0.04703207897650254,0.12623897882940355,0.001453721008729536,0.5869152679093945,0.001440352186019748,0.0008639868502704744,0.0004404025606120478,0.0805514204992711,0.1436110130880795,0.010634689558594876,0.000818088533122079
IL_6379354,0.4635034434676741,0.09606853608623651,0.0010246800238978167,0.3983211868008644,0.0006770342353150687,0.000605958804256205,0.00012125977995086317,0.009235349426317936,0.009890069949909389,0.02011175623652777,0.00044072518904996437
IL_6430602,0.050032357106929964,0.2831352762326823,0.004349618936969325,0.08252667335532538,0.0013468402806845689,0.0012239269344910845,0.00018009523882639463,0.017750653815000322,0.007407838751675086,0.5416432976311913,0.010403421716224341
IL_6444875,0.03255191222399391,0.627470359909551,0.0008745787157866595,0.26163696973314726,0.001685769694312831,0.0006293218608596422,0.00015746179104286128,0.01672714145250876,0.005068321783785163,0.05203891467626939,0.0011592481587425147
IL_6483133,0.004646057319293734,0.009167078129728383,0.001323446844303639,0.11391124983594371,0.013927645371988442,0.0018918631991722468,0.0005901985899868722,0.08136102061739017,0.7712207097755821,0.001514819069711602,0.0004459112468991347
IL_6492206,0.1824924876960617,0.4402338371829515,0.0014766491070745508,0.1791601848373653,0.0014157844042706818,0.0013625542291261933,0.00024495704317388116,0.07149784814817688,0.11445550883471797,0.006873463179677566,0.0007867253374038718
IL_6495967,0.23042651789735208,0.401406380472318,0.0016996811667798256,0.18203761819284017,0.0022882198539905018,0.014801731471920111,0.00033935514224690377,0.01647534623882892,0.015733426201987328,0.13071893971513085,0.004072783646605239
IL_6516078,0.014854286880731565,0.05614747282066118,0.0005296496866910796,0.10852439762012733,0.0005551776711457994,0.001367106733215084,9.350928571323001e-05,0.006213631452160169,0.003416351434617863,0.8075046726146675,0.0007937438002691801
IL_6579859,0.00786044584841433,0.06056912072707056,0.00695810461134436,0.03403488076231869,0.0036708332301745765,0.0008228840988358147,0.0002418729455686833,0.24555640469958467,0.6347909723670613,0.002722420907834996,0.0027720598017921144
IL_6580455,0.06511625852180869,0.1113106932508132,0.002901096365875252,0.3227995787444185,0.00177769851646529,0.000902711673382799,0.00019603843050749876,0.25654223951927424,0.2324586537663431,0.004848566557984869,0.0011464646531265331
IL_6580650,0.003094749733814953,0.009384061928165578,0.00393634347563529,0.022712345757666712,0.0006890733384922798,0.00047791299660834873,0.0008461777110630454,0.07011757145261227,0.8866510646202257,0.001530357820626621,0.0005603411650891441
IL_6601787,0.17330381406175877,0.575213231503953,0.001890901696824342,0.16088269508094158,0.0011802568974913143,0.0012291643539032477,0.002933688472502188,0.05302510461694291,0.005441071621417785,0.02189551179711974,0.003004559897145126
IL_6603212,0.12770685458639847,0.0665235826193549,0.003340422996313796,0.4985873558042754,0.0024292718882945067,0.014349300327725148,0.00047183347597943583,0.11026253211011164,0.1711748359746419,0.004158273140434357,0.0009957370764704615
IL_6607523,0.04993558491072691,0.502142923452078,0.003434646115107016,0.033164048704485395,0.07158793809578903,0.030867405529172706,0.00023796399605868166,0.14006907569546106,0.1381591158612389,0.02626823518983133,0.004133062450051061
IL_6614720,0.10970669696594028,0.5281381499228185,0.0011526019585277499,0.2945682777566347,0.001684371924120725,0.004725819719179228,0.0002219679698547475,0.00958710391374017,0.010899413702052014,0.03355252669581242,0.0057630694713194566
IL_6615378,0.04265007233975482,0.3877007353286931,0.002049230196396895,0.4443896975867617,0.004839108559655427,0.00218888284495437,0.00048077676648399317,0.07032178478064817,0.038360723688188963,0.005894368283204471,0.001124619625258067
IL_6619207,0.07809921803603642,0.8637337351058708,0.0031003312438463975,0.019331905845908454,0.0003692619322821606,0.0010972213479163542,7.441452069171335e-05,0.012552682631582457,0.0027048354032837363,0.01862097767295982,0.00031541625962165057
IL_6671454,0.37742777882801254,0.07063093497098945,0.0007712898924841166,0.07390079112597371,0.0004358202395336238,0.0007059292328322564,0.00010229925750798277,0.002555359893117488,0.0037466649581163404,0.46936946906274446,0.00035366253868802857
IL_6691109,0.019950722104912878,0.13108917412779308,0.0006272519770237014,0.2853966323650836,0.0019527270134379808,0.024593218292266766,0.00012613106441838832,0.008883463260945478,0.0031425462572181205,0.5224233210724833,0.0018148124644166508
IL_6705688,0.10352627060069972,0.2979443094546952,0.0010532925106514332,0.06966709016294985,0.0007920056080955538,0.0017894510365937771,0.0001540853819897291,0.0057560748175479815,0.00517853645633883,0.5124864080371591,0.0016524759332789557
IL_6720101,0.034604650308478604,0.5354320732589215,0.0018262819799653995,0.03406129410126297,0.0009003815257437426,0.002003408807976029,0.00013928406343772948,0.010125012084999215,0.004997777217646581,0.37506173286384037,0.0008481037877277606
IL_6730800,0.09786790642205152,0.5675716237218382,0.0011975098743029831,0.02569658885712765,0.0022004367327444737,0.02792791415902135,0.0001483148013739337,0.01463248274731903,0.006830292420938854,0.24922050246303262,0.006706427800249234
IL_6785749,0.05578250525703851,0.07404306129480671,0.0004517564843496774,0.38264537679944444,0.0004871894320446078,0.0005921243813763722,0.00011553728956002564,0.0052133429812354455,0.0030473776389273862,0.47712559356320117,0.0004961348780156827
IL_6799756,0.07219570157325751,0.7456124084039538,0.0004628199256298241,0.06976253030734123,0.0007181151826368926,0.0007367690176006458,0.00010443532552085387,0.0024677760536733397,0.0030542296402480307,0.10437755387396748,0.0005076606961704346
IL_6928115,0.041748856241863475,0.08152977055264393,0.017250146769464316,0.682427441471431,0.001719735205702972,0.002256482263721921,0.00014797569673417874,0.032291407807297945,0.04013989969156987,0.09959370548286839,0.0008945788167019654
IL_6943589,0.052395907341902186,0.1308402080370495,0.0007248257963323335,0.08529929338507986,0.0005167159524067406,0.0007621450663353741,0.00010657534887231876,0.005441123970495236,0.0028640965441234503,0.7201980898857256,0.000851018671677493
IL_6964671,0.13180823347745682,0.2946481643406748,0.00046399559249785366,0.05938948608941085,0.0024980546613971783,0.0007029308226485228,0.00012797787145522717,0.003803567670310113,0.0029925828283530833,0.500949701087299,0.002615305558496625
IL_7115582,0.06173910706964999,0.3275696471065118,0.011409810469971228,0.14597763982973105,0.1392375893432117,0.1550745559049291,0.0008852851956561625,0.0763153444941886,0.06470177141310325,0.01423147399664381,0.0028577751764031732
IL_7148487,0.2078010372591025,0.5220824883134668,0.0009537844027005857,0.2109026865636868,0.0012497325409347678,0.0010788371738180292,0.000159933788791156,0.008042622265471698,0.004451294718295796,0.04251952018098401,0.0007580627927478308
IL_7214473,0.04303819484220832,0.5751787308465053,0.001795967213900527,0.30498381054682666,0.009618748671723661,0.0069813922346827016,0.00017745824087219068,0.027088009286622295,0.018315995530641036,0.011299033433903611,0.0015226591521137268
IL_7218860,0.04094896961521302,0.11478473025640512,0.015090901042532745,0.1741175360702555,0.016200174965137395,0.002632106630750249,0.0007720317314854997,0.5129334549192801,0.10370338030985503,0.01739591051439804,0.0014208039446874153
IL_7220515,0.06588355013669546,0.6599942827823737,0.0012292038385615046,0.19040478905655425,0.005758099411601824,0.004473285277046282,0.000244862042372497,0.016619088009759777,0.016192169627149998,0.03729581587855917,0.0019048539393254319
IL_7336116,0.0008580543030791442,0.0017619020783924222,0.00015103061845649933,0.0027761306028955043,0.00024804370748485855,0.00015424679195750058,3.915427732324907e-05,0.05957656391940673,0.9337468164810596,0.0005346613185216426,0.00015339590142285763
IL_7352985,0.020828935184466203,0.6676541030231158,0.0008556334812073291,0.19650875274526244,0.0054294008922358495,0.0006516696144122629,0.00016049544234864483,0.011856501693600953,0.08149362926035846,0.01372532573536312,0.0008355529276289876
IL_7359666,0.34769659038596806,0.4961743536671991,0.000775432214077802,0.0887329668273545,0.0005183351376730299,0.001278628410921061,9.010688255919797e-05,0.005230975274045903,0.018451228479753327,0.040550905848864546,0.0005004768715834704
IL_7360646,0.2355135243488938,0.5144677077851649,0.0007271037161389093,0.13915673923326538,0.0009724464576230113,0.0014658736872561295,0.0006964848507568155,0.006557305485510677,0.025536302226454446,0.07115567085941095,0.003750841349525012
IL_7392612,0.15164165233558957,0.48933601314790226,0.0026155217837854714,0.2502171389108814,0.0010099489364218993,0.0010972070191122016,0.0005777245038141663,0.010684202818115386,0.009483312796948196,0.08266649122648585,0.0006707865209437087
IL_7432503,0.009139135723448964,0.020472907444895137,0.000925288061050389,0.07046286773422439,0.049379558814536297,0.0005426813967443196,0.00012843684632467595,0.17866340815147663,0.6671418771085018,0.0020367315350656974,0.0011071071837316909
IL_7433595,0.04168506376596973,0.7868831624510606,0.000569308465584695,0.026905466167145023,0.02584412058748415,0.0032168116896027703,0.00010253245500655349,0.010155266730879919,0.08731327382961959,0.01656567662298415,0.0007593172346627332
IL_7436788,0.5058485688320176,0.21161571233005128,0.001329376751575781,0.08859171885489432,0.0010817385675700544,0.003427755632424551,0.00021953655711150563,0.0058996347472182456,0.02383383467479655,0.1573404436814912,0.0008116793708488317
IL_7451087,0.059201444251392704,0.1849859139362742,0.0011183052537103333,0.4177188339967174,0.0008003929973015595,0.0006967941991120441,0.00017566250864861556,0.014408811817652429,0.004182603064476624,0.31543476487376576,0.0012764731009483048
IL_7452804,0.12127562496058654,0.026392748265508536,0.0002188485657773987,0.07514270974478841,0.0002509355767576963,0.0002416719150718323,5.6161964542873584e-05,0.0012992326397820435,0.0019916761544794353,0.7729005165445908,0.0002298736681143171
IL_7462703,0.04682661594931268,0.6914959546381225,0.002307844732208081,0.05821989451834822,0.06419781759210105,0.001230900404434032,0.00019114314173518593,0.013909250183445583,0.045326657452970806,0.07304534985798658,0.0032485715293352983
IL_7464129,0.0004263558166915774,0.0007154394959265812,0.0005579964719544907,0.0017164332730099992,0.0001635876456386287,0.00010781176105135197,2.07302906199897e-05,0.013956565900502756,0.9818771037676666,0.00035645054220005787,0.00010152503473802734
IL_7475868,0.09114916083961222,0.6256818283976375,0.0011238653143425268,0.21739537172032813,0.0014064915259058032,0.0039293852701046605,0.00027636337468133604,0.03668917470037664,0.006015816473579998,0.015541470036399706,0.0007910723470313809
IL_7505442,0.29175338077873214,0.1945256219253063,0.0009105710253371057,0.219911674431981,0.0011535934847042052,0.003643887066307064,0.0002258833235769092,0.0060781752120349555,0.005971477573651214,0.27464524822152314,0.0011804869568459982
IL_7512996,0.06663907149167723,0.2308258095462064,0.0006181281279212651,0.03759451931476316,0.0008992903926768828,0.0028161968664379283,8.673768265400167e-05,0.007495740882798382,0.0030794752880928746,0.6492971848858904,0.0006478455208815176
IL_7557824,0.026704998836325718,0.14357287004629693,0.0007675571472736314,0.0468446126578946,0.00048660259451798594,0.007028969059757117,0.00010048289076443508,0.010456622399897541,0.0033194119035695954,0.7599785563257067,0.0007393161379958181
IL_7559500,0.039356375662303836,0.031164317438212772,0.0012732794876873538,0.2552500446412868,0.0023077223305010483,0.0011180602414677977,0.0002824389294399008,0.3679312661441886,0.2963540964503356,0.004062387438059926,0.0009000112365164332
IL_7580080,0.008353648131064921,0.025665816829496636,0.002522406875959392,0.05141871761802193,0.07506370415374841,0.0007040319416949698,0.00040560960335625707,0.2663956654682187,0.5664641900597787,0.002126437361379203,0.0008797719572808582
IL_7604960,0.27661424292829706,0.5216405745633543,0.0007250348533189146,0.1004183391824798,0.0010014365942870975,0.001844715583323994,0.00013672860389485597,0.0039541493487528475,0.0101942759152473,0.08249014547946704,0.000980356947576747
IL_7612830,0.05564088235282703,0.7655766597494423,0.00118882947397523,0.13680908038691356,0.0011652340376433982,0.0006718900162730378,0.0001058305827622084,0.00844839658620133,0.008918119379601632,0.020646048791385877,0.000829028642974282
IL_7636226,0.1690945655001492,0.31179493100402894,0.0014743242688608263,0.43063407970654577,0.0010556154023332344,0.0008895801167107264,0.0025406550283882034,0.05882657052747356,0.015373433382764819,0.007591350580658638,0.0007248944820860747
IL_7640681,0.12591362206884582,0.611931135684014,0.0003347994854107142,0.012303846565549104,0.0009715926834777471,0.0018015334856502562,6.651438597696206e-05,0.0023772813670323617,0.0020323978810470405,0.2415090030739872,0.0007582733190088467
IL_7667532,0.1375984737554413,0.5233816748894848,0.0019653965541980797,0.20567885990281484,0.005809492637219863,0.009230848176162433,0.00027011402893648787,0.027402922827761664,0.014626436232149192,0.07147793251495717,0.0025578484808742533
IL_7720827,0.07428292869726846,0.3279946239363024,0.02706550902402168,0.052944258089363226,0.002527126880020771,0.3534829445611336,0.0002572294401793761,0.03412169553920739,0.009406689499284917,0.10279119864232945,0.015125795690888684
IL_7744265,0.034492090787010925,0.5204266393640424,0.010151653122315944,0.2715233520220525,0.03527651375200587,0.012991450868877045,0.00039409892342335087,0.05279006517007462,0.03814515408628466,0.02162032791674066,0.0021886539871719306
IL_7750228,0.14674196111040821,0.5172023779192638,0.002300845764602573,0.0954178875073419,0.008194043412035895,0.002187794639650688,0.00028675422431994214,0.015633304447899437,0.025937639353706386,0.1817034363672389,0.004393955253532328
IL_7772384,0.0944605215691503,0.3039212622023934,0.0005737144040427168,0.12650034615088418,0.0021906790997739565,0.0019465472016535839,0.0001395142573069908,0.007269194966554983,0.004252339425338316,0.4579281753315929,0.0008177053913086394
IL_7777526,0.006828321053317472,0.09134046505098842,0.003254443881864321,0.5352102035519551,0.0017052562660074626,0.0007655560919263119,0.00021021891232951911,0.09010883866938438,0.2657617979425689,0.0033232108657220904,0.001491687713935924
IL_7780812,0.13629736594235883,0.6220410283761755,0.0007653212784327789,0.16811951155108995,0.0024384944703232524,0.0010943896684368541,0.00017521361836373754,0.006096859112271178,0.017849791391646195,0.04417410352143128,0.0009479210694703445
IL_7814962,0.03336376760884135,0.4566753739224044,0.001870589669957586,0.12911501843173281,0.007626804154048355,0.002039508855887438,0.0016794913855194293,0.13067292775569522,0.21249989637896888,0.017971806641637812,0.006484815195306555
IL_7839360,0.030180680998931644,0.47503520452979525,0.004883335426628396,0.18674915577442247,0.04851217048039384,0.017263672328806393,0.00037982391425010113,0.026874284649983277,0.05324808953297333,0.0699815299238383,0.08689205243997702
IL_7845741,0.13466854902351777,0.32177413972127755,0.0009919292090825127,0.09470086278192785,0.003845673561831252,0.001208861854368353,0.00019143231424732253,0.0061075758687233654,0.00597392805902897,0.42955446262738517,0.0009825849786098833
IL_7858220,0.10280592112680048,0.8118874105838476,0.0004655921238290139,0.02330676969583059,0.00043713904270809055,0.0010635921682909603,8.461357692898745e-05,0.0026528224471003563,0.002287676966733326,0.05448664522142528,0.0005218170465053685
IL_7877903,0.15246933327894574,0.015835468273296138,0.001853320641238338,0.3062984863685715,0.0014886593182251821,0.0007267544351874423,0.00018371918608434625,0.07562694865434705,0.44223598765227307,0.0026256168201868138,0.0006557053716443832
IL_7896836,0.28505055323720596,0.36212383856980657,0.0007134880799005768,0.09735718852188135,0.0006751274288865528,0.0010098557768476574,0.00014863622494716967,0.00476070401376246,0.00555190114090648,0.2419606324685875,0.000648074537267778
IL_7914681,0.03198508683028612,0.6549718449580155,0.002462659908563249,0.03889699453431304,0.0028289391607900366,0.001058282685259908,0.0003818690674782514,0.016371116318566144,0.006651491167028173,0.22855798905960517,0.01583372631009431
IL_7917684,0.016587402419465408,0.04523918195841736,0.0009969464656351416,0.2056180499217476,0.006458077354984661,0.0007508810251498413,0.00030984346189222073,0.6306622323667999,0.08912373580888575,0.0033888412954517005,0.0008648079215705152
IL_7919145,0.18839016934730124,0.7220394598078792,0.0018712360754809718,0.0529029733946174,0.0006388484519232735,0.00905178864978785,9.417119225364424e-05,0.0038030010881272814,0.005009284090613991,0.015384665478659338,0.0008144024233556898
IL_7944285,0.05211424014667372,0.03571973594977803,0.0008681759277503988,0.6015776879041039,0.000619053381581319,0.001680774857202288,0.0001191011880774094,0.005285991793705511,0.01870074695033939,0.28286640307941796,0.00044808882137010504
IL_7945525,0.24913275169714708,0.3804730706833308,0.0015731767152987542,0.13048600169656618,0.004815890069951739,0.008855446527867832,0.00026693410962609827,0.012705113794234103,0.00846287785531739,0.20117144371058665,0.0020572931400733756
IL_7955621,0.02420243381093544,0.8089763852445656,0.0004982092361206496,0.13780800943659471,0.0018903036942899394,0.0010090546254764657,9.491755732231209e-05,0.003961543073408876,0.00821434093015445,0.009530137879665671,0.00381466451146597
IL_7983237,0.0021551693800950997,0.01032834121815897,0.0010568982561325073,0.009552628077925023,0.0006892974609452586,0.00024063426976923393,7.761130440771198e-05,0.06280321934378293,0.9114456458928553,0.0010091277164240658,0.0006414270795039945
IL_7988157,0.08541479829991591,0.5519200837994006,0.003446024318469747,0.1751248020763551,0.00262950814728933,0.030388288257844998,0.00026859368606617194,0.032901728388593766,0.024233650336333762,0.08963310397157723,0.0040394187181533245
IL_8041132,0.27881697353075485,0.18628359661721855,0.0015715425185749935,0.20203426495434298,0.0012476801260321278,0.0014837950024930778,0.00023210064942520725,0.008294165622959534,0.00652516262138185,0.3120231747218082,0.0014875436350086316
IL_8073225,0.023446529462907328,0.06312184259947021,0.0003838142208649136,0.06805236044920784,0.0003775784601567057,0.00036244741171362067,0.00022111696380721152,0.002586596751788086,0.0019696041300617537,0.8390757925053464,0.0004023170446759846
IL_8136561,0.019077145267984406,0.19292683116820866,0.0006162375716983993,0.03065825088325439,0.002947545140233703,0.0007252515756362045,9.820319926136261e-05,0.00393071154615444,0.0036303644330214955,0.7427362671931521,0.0026531920213947492
IL_8138997,0.11116772330722455,0.7584675485181047,0.0032171355032507686,0.061515013234807986,0.005046753064413163,0.0010677395541444916,0.0002466000937363111,0.005954569927400287,0.005062797114966862,0.047661982307487014,0.0005921373744638069
IL_8139746,0.013433496041595312,0.7506451244738721,0.0004905157389075237,0.20793887446762524,0.0021585304118215674,0.0004766949152834011,0.00010230697266874785,0.009396277639872884,0.008705933345308848,0.006258495372205329,0.000393750620839146
IL_8183381,0.5405929018473035,0.23676252969245604,0.00033345181115800634,0.048647514415393736,0.00036336157428299104,0.00035606642718230005,7.180723463837433e-05,0.0018177328635590791,0.004581694907115972,0.16617284506135246,0.0003000941655576959
IL_8191336,0.028399215133102732,0.843166114635584,0.0004176350581442957,0.09995186178157953,0.004159029699672955,0.0004468744645702396,7.661830618743216e-05,0.0027669512976877084,0.005815037768641201,0.014312358074276145,0.0004883037805539222
IL_8258340,0.024117610048151807,0.04106596607329761,0.0003099778473290325,0.058112918170722117,0.0004463841030372728,0.000625672872734213,7.319234582083864e-05,0.002082439662172901,0.0016041455078397808,0.871147109065889,0.00041458430300537975
IL_8288616,0.3941360435387287,0.02912012827221927,0.0033267255411314487,0.35041460692594845,0.0008635543786796765,0.0070491453326507105,0.0007235840641773198,0.19141573364185357,0.018686912837513486,0.003311906113021699,0.0009516593540756797
IL_8295267,0.2999364704523575,0.32593073062536465,0.0003200456388660669,0.06971884820213642,0.001022800583753361,0.000432906483605378,8.143017664168756e-05,0.0027367938941573896,0.004007600446237127,0.29532546195187737,0.0004869115450031171
IL_8342281,0.04572294106220239,0.8488332007656183,0.0011523486293591953,0.01389511189166866,0.00664308576028326,0.005318097519761659,0.00027124490438823717,0.01079668809459414,0.005127302834267552,0.06147336298696751,0.000766615550889033
IL_8371338,0.16150977086392249,0.26146235980093335,0.0006599521561193632,0.1340149752803137,0.00153391499467923,0.0008781117423291313,0.00014152786724074237,0.003980263820771906,0.006220503009881286,0.4289896277086394,0.0006089927551693991
IL_8415316,0.06259663059980142,0.35460927085892313,0.014952232517840659,0.12802308695772072,0.0028590651391041336,0.01942568342252748,0.001136470630937023,0.24702805812192474,0.061205088746945954,0.013809262347746848,0.09435515065652789
IL_8416177,0.015864085970041946,0.06702478220806739,0.0031517445157809862,0.39287148221861035,0.01188758150474726,0.002774346292099104,0.0016252865371541294,0.32651944750673917,0.16377689220416985,0.011346825613901618,0.003157525428688279
IL_8416753,0.06631953151135943,0.5417617026475242,0.003589581803207537,0.16681233680074062,0.012084566623993862,0.11677592858345613,0.00028719954711120245,0.03135071140334723,0.009851439330912273,0.048168584394765325,0.00299841735358209
IL_8449784,0.028561956706507362,0.7800065267673087,0.003470572266317071,0.14501169257234203,0.0017366257541184976,0.0005135961958838042,8.841394063179822e-05,0.01588669798522029,0.016321153654903022,0.007404521787629099,0.0009982423691382025
IL_8456893,0.0791737622396087,0.806287141329569,0.0003563012564167487,0.03500888843888749,0.0003400636289989832,0.0005451153531366515,5.996734273249818e-05,0.003234575819728712,0.00232362520681614,0.07226127076689899,0.00040928861720617956
IL_8510989,0.09643092592269975,0.7086513345952006,0.0007136400910243823,0.138862976461334,0.0008873263876787192,0.0011710252407409957,0.000596947750838002,0.023512436791833895,0.0062297043383571435,0.022412847971036768,0.0005308344492557207
IL_8524892,0.45516083299391985,0.034749998423828844,0.006589321697782195,0.4533188554561434,0.0006892639096532148,0.0010814755861173553,0.0005672233730481281,0.03014967845051412,0.010991660318150397,0.006216409266623689,0.0004852805242186981
IL_8562073,0.035355589403555626,0.34959276423864555,0.009160510957097696,0.15215805388225426,0.014246808093590708,0.003609640497361256,0.0005166559301620245,0.049394040784368314,0.1572932893451743,0.09092465984658646,0.13774798702120386
IL_8576492,0.06309396629881744,0.025065281260647228,0.00045562205434793537,0.46715544597612574,0.0005094945307586741,0.0007504899522158289,0.00011204288517046073,0.002544126477077697,0.004028798490036683,0.43565445848384826,0.0006302735909540295
IL_8579370,0.05767164567960965,0.04997857083332499,0.0007842032372988211,0.6969359012047356,0.0018328873735297898,0.001083420597533045,0.00018749056149646514,0.007140408892305839,0.009014370105078523,0.17452226757622014,0.0008488339388670981
IL_8580922,0.14718613256321525,0.6237559658473921,0.0004406052800843812,0.15560017958968914,0.003065940765744615,0.0005601231441891305,9.441446580433996e-05,0.003963314612526487,0.0037669071184832843,0.06116808989640442,0.00039832671646674255
IL_8587951,0.20170142138885286,0.25828945900612,0.0013914748471482296,0.23581685482119724,0.001018647186122642,0.0010652968268884246,0.0002076853544373635,0.011558708133433954,0.027972692492274992,0.25979884490900274,0.0011789150345216412
IL_8698362,0.0011627477952145353,0.004113402134835398,0.0004820823933262417,0.011223505804726659,0.0004936685811295186,0.00022626762437272376,5.2516759181736055e-05,0.14098640988603375,0.8400914903225498,0.0008902463210549313,0.00027766237757468525
IL_8706018,0.07836683364173452,0.6579623728110614,0.0028805363230141327,0.055025651637600564,0.002231957322775901,0.007753261947644419,0.00015029740507468617,0.018072756975949362,0.007631870634256959,0.16880988713820624,0.0011145741626817844
IL_8779223,0.08564667733998772,0.21543891984519672,0.0005517847221689366,0.1700693857612421,0.002518198613646323,0.0006968698738984171,0.00018140490165728548,0.008897117413770333,0.013026394700822078,0.5023554455223886,0.0006178013052214195
IL_8807227,0.03308572758631416,0.7559107479620839,0.0008403264249390594,0.1527513144675615,0.001477801473437603,0.0007839871990834883,0.00011425792322484035,0.00776207697512859,0.009526804130864526,0.037151686318129234,0.0005952695392332111
IL_8864283,0.0012810886017070257,0.0018938469246900366,0.0026628507304442476,0.005373172698830338,0.0005570114087795435,0.00025944541620039855,0.00022265435575992396,0.021252532203615053,0.9650136308638387,0.0010793720160296918,0.00040439478010500396
IL_8869852,0.03868903603293092,0.6315106332285587,0.002799664697753084,0.06516962956998958,0.027413811790092554,0.04467682006447281,0.0002536101746531473,0.029846313052992943,0.012334181586674606,0.14556600257993074,0.0017402972219508674
IL_8892064,0.2655065341999445,0.12185744561624229,0.0016703479530848233,0.2718440288613739,0.0007552233336716137,0.0012157318577553009,0.0001401639634367701,0.01179542141123499,0.00837699933331526,0.3148514997854759,0.0019866036844646716
IL_8894007,0.016834486538012377,0.031979519055763427,0.00133810719788419,0.02388427110800978,0.0008757721496162453,0.0009072342392186807,0.00010940771781725051,0.7430003392882146,0.17734922779500883,0.0026807236361181108,0.0010409112743364076
IL_8908749,0.042330913980300255,0.11942727024673683,0.0008930406846213727,0.4159623740493279,0.001155005947403739,0.0032262020338816007,0.0003955678020397419,0.0057215542533501345,0.004818752464619276,0.4049478283207533,0.0011214902169657608
IL_8914785,0.031422463196539824,0.014920439144529764,0.000139489158097634,0.01618144233375714,0.00021168849771319127,0.00016664315596380858,3.74980721463856e-05,0.0008490011409811314,0.0007964817758410967,0.9351216969259706,0.0001531565984595072
IL_8947300,0.07194388482693548,0.5349106590842125,0.004371579878836887,0.2984090272644601,0.0070960873289889655,0.010685239525246103,0.00017678756937024922,0.0068078192456158815,0.0484663192230457,0.016171903280603417,0.0009606927726846302
IL_8974391,0.061292540891089445,0.1875800619064675,0.004559970985723799,0.042726391436093816,0.001346199994556626,0.016033259253427,0.0001900433185253493,0.03872694851366908,0.014796232420527324,0.6141499489062757,0.01859840237364432
IL_9036064,0.12682539397326845,0.72528927468371,0.000559223040067399,0.12035009767855817,0.0008252230692283875,0.0006083231103622605,0.00010866016531225303,0.00663149119561357,0.005419879800452081,0.012868224793211994,0.0005142084902153806
IL_9058117,0.06765604388443656,0.6274114760006145,0.003571113522572115,0.22766142180284166,0.003204961939118261,0.0009762945562440922,0.0022824677604897543,0.030200690924471293,0.008185404863252081,0.02717561660478635,0.0016745081411733177
IL_9061839,0.1986583598025155,0.30596058776627216,0.0010350947731644065,0.149624040330053,0.001098861380703856,0.0014789940011928357,0.0008367581937401796,0.009768948443496918,0.01975606099388777,0.31003694759204226,0.0017453467229310755
IL_9079153,0.05242181874588993,0.574595186760943,0.007047170774338767,0.15228668585081817,0.0009054887936283387,0.0014930491580814394,0.000336296507988614,0.02321025818690016,0.031571523794362066,0.15056747997924422,0.0055650414478053195
IL_9143254,0.15548140742589073,0.09897920610207091,0.0015202854298194846,0.18806963477253624,0.000814620544038987,0.0007921832590719122,0.0001751516074520057,0.004560571526899806,0.0047267705594714595,0.5437419232342244,0.0011382455385240554
IL_9155981,0.20045148312730562,0.3611232578127348,0.0008129520089687095,0.20516555503326409,0.0013731021951162623,0.002131068707506127,0.001813084065084896,0.012568330412886105,0.007144307825029689,0.20653400907694347,0.000882849735160266
IL_9157122,0.20467177192309285,0.48066314354726813,0.0017091460269826743,0.06378668798265093,0.0021286581793050125,0.008640518631612217,0.00016509427189763273,0.04671227842917501,0.17558849290877726,0.015141119731645744,0.0007930883675925161
IL_9227624,0.06943710164928885,0.5746743468743813,0.0008610309682490592,0.283881674622458,0.002550755671382313,0.0016304093758197646,0.0001751760697159136,0.007538366307966199,0.025094560707701278,0.03323567633473193,0.0009209014183054669
IL_9237017,0.033992047190405696,0.4412819361430744,0.0005910633848540744,0.11079450397434532,0.0007843523717867881,0.0009670205579503676,0.00012451930537675878,0.005411632006413997,0.003869450607467138,0.4015465547684761,0.0006369196898495174
IL_9273684,0.015104395317119622,0.08231041043774721,0.002602107581348632,0.31733052546787105,0.0004133333086261598,0.0004489034874983732,0.00013007821491752944,0.5709436684492956,0.00724320346475226,0.0031156749491372706,0.00035769932168649456
IL_9311083,0.1838946184367699,0.45708825945500103,0.0014712659450838556,0.17199610335734478,0.01927179702558475,0.0024232052585724624,0.00020297633161633045,0.00982471969090695,0.013391559911191609,0.1389654575140224,0.0014700370739058964
IL_9322263,0.013029895682904549,0.12882957380791363,0.003362598574095328,0.10534325746478408,0.06546248655471107,0.0034282134968968234,0.0002989798922379296,0.10526491427734205,0.4780666071611025,0.005518196409375516,0.09139527667863648
IL_9341332,0.032956331780443694,0.8322031780336709,0.000383611211373467,0.10511692209764881,0.0008031888947721284,0.0004911227423736984,9.310060201717205e-05,0.007565422381408298,0.004748579043591656,0.015275849889990105,0.00036269332271013463
IL_9345649,0.036206195463551624,0.6580320444360144,0.0014888680786957294,0.14397959301252142,0.001444118758019324,0.0006105515285112863,0.0016679812911791852,0.09044473924293277,0.014687369422405831,0.05065917911032895,0.0007793596558396394
IL_9406058,0.018238526787271205,0.042354989941799426,0.000625479864993626,0.521028247681643,0.0006608126171751609,0.0007401256421567795,0.00011653326732892643,0.003142980451735405,0.005419139692457481,0.4067950477056085,0.0008781163478304766
IL_9407964,0.009656201866902133,0.8693097253096345,0.0002879014650683888,0.08412090893840188,0.0006705107257891057,0.0003271821478506247,6.155668386129868e-05,0.0035853591700791805,0.0040424414397145945,0.027582602110065354,0.00035561014263290133
IL_9409250,0.04587911513357316,0.536558806002817,0.0006613098927298762,0.18908332091828,0.001121772879694571,0.0015248196661027161,0.00015545599432447007,0.005947173756508037,0.006242706801570775,0.2057022344400256,0.0071232845143738245
IL_9427286,0.08998287996437808,0.05754839638532516,0.0029463222182854534,0.08122527555940519,0.0009536990173899565,0.001073298282230386,0.00016521050682041392,0.010665291072606565,0.005314443021364407,0.7490954316069962,0.001029752365198089
IL_9436519,0.002353465843769283,0.00936055020847852,0.00043097121036849193,0.11436270286659941,0.0005536992232628009,0.0004565301447070932,0.00012165886936233408,0.7132030269658989,0.15687201403464918,0.0018499970925346305,0.0004353835403694823
IL_9503512,0.08505565021006357,0.7891865788071338,0.0009140948240033255,0.07201479227796004,0.007537352347209173,0.008931542075067826,0.00018725406327131013,0.011680272932852936,0.010119524374079474,0.013739412806060235,0.0006335252822981716
IL_9521484,0.2460030000853301,0.12950651510802824,0.0005087170233798471,0.08515931505239836,0.001870535139896759,0.000636738463948038,0.00012698218413582178,0.00307922574751852,0.003264037381761784,0.5293488152706263,0.0004961185429763066
IL_9540224,0.04797655224897224,0.36586593258582795,0.0009437618708480384,0.4033128880209567,0.014952607211466195,0.0010020081686934054,0.00027013696757229315,0.05541816511125641,0.102991493523675,0.006611707377979006,0.0006547469127527854
IL_9561518,0.009826748141154,0.025475205233150507,0.0001643367497439719,0.06569264555650413,0.00022547033311851565,0.00018367120123297594,4.498630422109374e-05,0.0009215517364321721,0.0013346945388689995,0.8959417165952932,0.00018897361028046494
IL_9572511,0.06680920551518006,0.4038566989521133,0.0007805190971582314,0.4915088261316876,0.003373409049013164,0.001884810541227961,0.0001355103438545178,0.0074890147239592125,0.007909780996666777,0.015681163590522445,0.0005710610586167972
IL_9601760,0.04254111338624835,0.711988725315092,0.0007726246492860262,0.14897414304489812,0.004865027165264242,0.0008747364671325898,0.00013105853526239466,0.013219879245747728,0.05481508138474214,0.020257819520613705,0.0015597912857127133
IL_9615893,0.006627975351333057,0.9310512733709223,0.0009153741815197447,0.031194705854809775,0.0012297390571499656,0.0005547385949419501,5.441990514742673e-05,0.0035092060362138244,0.004899543768207251,0.019636171523333804,0.0003268523564209045
IL_9620950,0.10291211081924713,0.8205336034479592,0.0002855602732397484,0.022071685430926333,0.0003420650590711682,0.0003327920955766402,0.0001257294237653564,0.0016813135202869702,0.002864510615313284,0.04840379495826129,0.00044683435635286704
IL_9623576,0.09773391210122744,0.052625909720065325,0.006475696363146617,0.24989069320938076,0.0017427174501538237,0.001175907699371732,0.0003103894377138098,0.568203240586718,0.015985264793082925,0.004835161507838833,0.0010211071313006679
IL_9647002,0.0470735393138193,0.8051321131893266,0.0006937905184884393,0.02160171149516832,0.00711562027633382,0.003944773849846024,0.0001112759732853577,0.00654835157397077,0.007406945862246746,0.08922046606158061,0.011151411885934059
IL_9655170,0.2345731797696582,0.10426493260199694,0.0005271175833192289,0.038069000975538114,0.0005737058668697244,0.0006040242505196366,0.00011392059598709298,0.0026521831437369323,0.0035186216855069784,0.6143998124690396,0.0007035010578275288
IL_9669202,0.25040494372567396,0.5094713646982796,0.0010501085937006044,0.13066330802177187,0.0008274668556155982,0.001341121696510774,0.00015240570357099982,0.00832328244603419,0.03709705141622856,0.06001331683738525,0.0006556300052286726
IL_9675212,0.010424627925733915,0.009924372415409359,0.0005263598877798561,0.011174972539244704,0.0003106687058835766,0.0002827748161703987,6.193585592233153e-05,0.05516990031906881,0.9103667931454833,0.0011864018095870967,0.0005711925797167619
IL_9675469,0.038530436875052136,0.15135046895225657,0.0019861321640852582,0.20080998445609077,0.005929644632169283,0.0013974872056738532,0.00015346017588283755,0.015509458717128128,0.011362834101820667,0.5684006241719674,0.004569468547873155
IL_9692632,0.12604284483590145,0.4851702324555106,0.002040251939372302,0.16317576142362517,0.0069909093727790325,0.0027705339040018607,0.00037811954882692624,0.019853970551173793,0.05247680504805923,0.1323305801422655,0.008769990778484135
IL_9693077,0.012958748114552493,0.04201173448204424,0.18960106440235555,0.04179987012487358,0.011474067859409352,0.035629340701670426,0.0007943436456455089,0.17076892504226476,0.3359725927329632,0.005293001031258352,0.15369631186296245
IL_9695113,0.03528648814257307,0.25982075450637954,0.00034231751985233124,0.0699083154187097,0.0003698683025941371,0.0004257527331309709,0.0003853835486110995,0.007964532990974407,0.006069681728798612,0.6187697060742853,0.0006571990340907987
IL_9696386,0.050167045586226165,0.7366119789527228,0.0018952332597463682,0.1475251347039483,0.003466476162438333,0.0006560404642671942,0.00012734437607723873,0.007141200171917965,0.021953620424202593,0.02989874336107235,0.0005571825373806634
IL_9697828,0.02175597533836648,0.336471513882836,0.0008314707555872684,0.3121615655275356,0.0011016823255985742,0.0007984342115086529,0.00020578506513062856,0.011293714791606957,0.004846693210013616,0.3097726106938975,0.0007605541979187683
IL_9702105,0.11255392687885758,0.6425220378079539,0.0006299915621341594,0.14632533923108312,0.0012608810058300675,0.0010072765839655856,0.00011758370821990555,0.004498268260331544,0.010065815429139329,0.08042790026369345,0.0005909792687912491
IL_9713310,0.02134042901157674,0.030354375458331487,0.00018692599399815777,0.06037019799340745,0.00022643648635806347,0.00021122311380963036,5.624333963657578e-05,0.0011914700146583705,0.0013037869095754752,0.8845360661114705,0.00022284556717748022
IL_9722277,0.0037160181130238223,0.013376448802943704,0.0019351464262667743,0.03211444551590723,0.009801776241789729,0.0006312420557216138,0.0007799123022215346,0.4403775316671352,0.4934443003043607,0.0021815623059188837,0.001641616264710859
IL_9728655,0.39211236004005046,0.24182191215311954,0.0006629112900332685,0.16377968363046141,0.0030037693167698615,0.0013387886244383212,0.0002121262179113768,0.00652574383155593,0.006350528883466505,0.18346482775414877,0.0007273482580445467
IL_9747613,0.03497378172032959,0.05150316206814293,0.0004831959305482063,0.11330730658382267,0.0004745932835567966,0.00043522931417497616,0.00010652191472393431,0.002686280728620708,0.0027507772118942307,0.7928591075168253,0.00042004372736059633
IL_9776207,0.009993388900592625,0.047971810397644296,0.00644298601379545,0.04837614865457964,0.022354991147108108,0.0012332508019065936,0.000354146073079679,0.11959832140067007,0.729365265826834,0.003664959054030711,0.010644731729758744
IL_9785286,0.0012542359651907566,0.001674088490224267,0.00018017567905073505,0.008844984954722293,0.0008298505781578082,0.00017624508971024992,2.9080986243198534e-05,0.014807740596015962,0.9715584353857882,0.0004967402052364438,0.0001484220696600525
IL_9794109,0.0007866389752900286,0.0014960065193947239,0.00034882220214043226,0.0023061068438124262,0.00022410221957947445,0.00012210211128912342,2.0983598547779356e-05,0.010220591200744885,0.9840178295640281,0.00035932203600505216,9.749472916806765e-05
IL_9810905,0.14352933954934555,0.5001008684551248,0.006054269299449016,0.2112329096534797,0.0015515110000331308,0.0019312312497567594,0.0004572680570012183,0.033171795497491094,0.02498709830319355,0.07581475460588716,0.0011689543292380325
IL_9831983,0.11164525377673229,0.5129151277723377,0.006109258814088262,0.1342882803873717,0.003998317713028938,0.0025424260046928134,0.0006236774592711876,0.13204601627221943,0.046430989085481905,0.048083722095647444,0.001316930619128307
IL_9896495,0.618883591921296,0.0729060842595682,0.0007568561345922472,0.1732423529950627,0.0005571051896288205,0.001028472722209558,0.00024891988104222226,0.00825557584721338,0.011830760313279854,0.11183590315278845,0.0004543775833185144
IL_9908692,0.1063111017326711,0.679406354508782,0.001520327564805568,0.04961410460839402,0.0026606225502278486,0.001437219733040959,0.0001770268545797249,0.005490314011722909,0.007950499262398993,0.14288868964663176,0.002543739526745207
IL_9914512,0.17191852415751624,0.16850838182294392,0.0013752133036861718,0.19431282592314444,0.0009466036266758751,0.0028703057823257715,0.00017254645639751227,0.005659884998050129,0.005455940745660099,0.4476947210820669,0.0010850521015329292
IL_9931816,0.06922378435291794,0.04048905786160752,0.002201418049913903,0.21108775602497307,0.0009305578366640061,0.000561686398947937,0.00016558004141624272,0.5872285013525546,0.0845739941458725,0.0027273085427212615,0.0008103553924111198
IL_9962396,0.0146641602154687,0.10758623539435858,0.001060535030049958,0.1640804347773912,0.0004913446089310471,0.0008890348100251527,0.00013616407383939367,0.003475199877855691,0.003917773988787286,0.7030710990747137,0.0006280181485793139
