lesion_id,AKIEC,BCC,BEN_OTH,BKL,DF,INF,MAL_OTH,MEL,NV,SCCKA,VASC
IL_0006205,0.05868358979952216,0.7978518932924118,6.78551831723443e-05,0.028110394368903835,0.000343602946212785,0.0011600424009202658,0.00012044978753021819,0.001446287409182097,0.0006759962910885084,0.11131467271989753,0.00022521580115845828
IL_0025400,0.05633648503418386,0.8059656345861811,0.0003941358815511778,0.12022707157619308,0.004692824919980272,0.0006920934190744779,0.00024772217998557855,0.002027435016603229,0.004931912618006948,0.00414801471947993,0.0003366700487603923
IL_0039001,0.023416556377653212,0.2961940435481377,0.0785517141090098,0.22065589750458162,0.055635855921035995,0.049719303847076145,0.001995708693267976,0.11753258541393762,0.11712403559134985,0.014500119578899143,0.024674179415050915
IL_0046799,0.01945009680995894,0.10019550225338905,0.0002584876081423734,0.17632853402426715,0.000878349409344773,0.0005269723420171527,0.00015111037293359406,0.0032093072626091174,0.0021940634332256693,0.6956494498282138,0.0011581266558984135
IL_0054262,0.002423970655535478,0.2878597216903952,0.01885625802796567,0.029725039655504645,0.0526299177601469,0.0040854296531188305,0.00032305015269063804,0.07287046823501236,0.5157360524714225,0.0028053419712499614,0.012684749726957772
IL_0056788,0.2959660003298716,0.4347929200381497,0.0003787709179781823,0.15126926557749845,0.002533328611268694,0.004201452698238067,0.00041555524059805316,0.0052771898471240305,0.0051035916739140775,0.09975923553559475,0.00030268952976435833
IL_0093956,0.07473629473194852,0.549054342442804,0.020645106345906637,0.030550324095610246,0.010449501162324933,0.142576117561782,0.004634408045159018,0.028236880292541965,0.009837020237364357,0.11755324344696856,0.011726761637589693
IL_0103904,0.12252694123285326,0.24137463531683462,0.00045377795626218835,0.07567501155479243,0.0029555790791331053,0.0039267059969804305,0.00044822202400035007,0.0038761618146107638,0.004830817398284751,0.5433824168868703,0.0005497307393778893
IL_0118369,0.003544046631733725,0.028603943182929685,0.009902083036824447,0.07362456956023045,0.01660110660302456,0.004086628581450468,0.00022929408800794647,0.10040410627305814,0.7549480384250391,0.001259176022142003,0.006797007595559465
IL_0151990,0.0001715640964332731,0.0007446867915001673,0.000714739407636598,0.005933373371909443,0.0004552455518528021,7.696635076351652e-05,9.585634868877622e-07,0.07636748526158932,0.9153521523606885,2.087122731654906e-05,0.00016195701682290077
IL_0171236,0.040323940967804235,0.4651705920997025,0.04136789742957399,0.07625590788510789,0.05697935833737763,0.032958702793904136,0.005116180775053826,0.019458684371365727,0.04874502868367913,0.07832055488106113,0.13530315177536978
IL_0183960,0.03498568657284982,0.19486010641073304,0.1147549618916274,0.03672516960926461,0.06109880320275059,0.08591499211987454,0.0042633593187851,0.05645571369785506,0.22887429748351484,0.032342547583183924,0.1497243621095611
IL_0207706,0.002789562436794015,0.014457598396581407,0.0007864273243619079,0.28999055441309923,0.00016205800482653053,0.0014901419032486703,5.316290878882254e-05,0.6724937205047484,0.016679632945149434,8.139694493218264e-05,0.0010157442174693727
IL_0207891,0.3742069014611549,0.20451191982342004,0.000996529961384493,0.053992593924676174,0.004586446548658886,0.002967616299605677,0.000426130168057648,0.00445044309611506,0.002064211488390437,0.35137651306900974,0.00042069415952692557
IL_0225203,0.032228864940841574,0.5284209693281958,0.02007073088053798,0.14066507456084246,0.028931636142583206,0.008013323311162581,0.0022080456146308537,0.05643122575209834,0.16386195472216727,0.004698682787760092,0.014469491959179754
IL_0227635,0.22324507938239196,0.608991310811855,0.0004997360818065581,0.11116719533967949,0.003377327532457589,0.0025802625756526625,0.0007036363868287252,0.004246057630239096,0.004335994115732852,0.03985055317724918,0.0010028469661067117
IL_0259815,0.039941637445720275,0.029253114924731295,0.004633804858895062,0.5758222860419062,0.002032026178526607,0.0012723115171064034,5.277937045053044e-05,0.13062505290471305,0.21483962340372573,0.0004849231928248795,0.0010424401613998633
IL_0260810,0.01701502946969187,0.8475834248287522,0.0009150671359350284,0.051535649039913076,0.0073732419039992106,0.0017775454204378665,0.000979175002990837,0.0031011914213591976,0.003183582746385842,0.06413090502447531,0.002405188006059528
IL_0262469,0.3470008939213479,0.07015386117448463,0.005916261370338375,0.47516861815780864,0.003675597888203054,0.007301280149133623,0.0007859629326876571,0.06278217328420942,0.022512955146823027,0.0036692797419152034,0.001033116233048491
IL_0267598,0.09121185007477613,0.13165931631108532,0.0029077233395642874,0.3472706908214814,0.01173420641481443,0.002654308987434509,0.0003718158682386199,0.04865699238196068,0.30762444103397557,0.05415134045325434,0.0017573143134147055
IL_0312376,0.02606173302689948,0.8407906199941138,0.0026962212842863115,0.058202735175914566,0.0048370633804065005,0.010859475979654708,0.002002361449450647,0.00978164708413061,0.003695130196031169,0.03367308165323202,0.007399930775880298
IL_0331012,0.05373458401947826,0.7874488998936436,0.000655843055316024,0.11882593029718998,0.00362999819757349,0.0018827432164144062,0.0006724348601306608,0.00832436152746158,0.016584292537896058,0.007522500476177032,0.000718411918718851
IL_0344325,0.05852505242362248,0.5741144736071616,0.048257871415447524,0.08115698184182565,0.02431105389444585,0.06722152083628391,0.002393408744747651,0.062429825797167236,0.05924514935066861,0.015025011962379271,0.007319650126250198
IL_0403731,0.10294859621569309,0.04017052608992591,0.0005449232171781013,0.24694550626532957,0.002010789476935569,0.0006945968264400709,0.0001751757924788036,0.005890412544977388,0.003823956531090185,0.596213254583599,0.000582262456352299
IL_0404181,0.024123281241792235,0.8973972252413713,0.0002963647670030144,0.06146631967553086,0.002131857157234296,0.000717390350429747,0.00036458701884973805,0.0028004032095625166,0.0023255548275560862,0.007997719065493911,0.0003792974451762132
IL_0465184,0.013198085465135132,0.860302670971203,0.001681378884409349,0.08795520660746646,0.007082871337405517,0.0018154129366667843,0.0006988407064362053,0.008139969911284146,0.011470339916438815,0.004617928460519751,0.003037294803034732
IL_0492696,0.001915311325246034,0.007504899171383602,0.0035006006589099587,0.05316268382958729,0.0016410067773903318,0.0011030729478674949,2.703858738368198e-05,0.4723953481671903,0.4576479712627848,0.00012423363735799615,0.0009778336348986233
IL_0560781,0.08545507129712027,0.22183642425249575,0.04220600863458246,0.2594497726014596,0.027587877887642664,0.029242767399680646,0.007084244217281523,0.202794301252273,0.09249196186498183,0.01027245585688149,0.021579114735600615
IL_0575017,0.09226343671289412,0.42340419095516785,0.004016519740714796,0.2915876977608863,0.0267029738668924,0.0032970397311401743,0.001020143544103229,0.017791633521254374,0.09865351164009585,0.03540567227100864,0.005857180255842255
IL_0578791,0.004413375559665998,0.7019608189933788,0.022266123597447843,0.023594115065688766,0.030170172130785572,0.0343803682619132,0.0034725391731873696,0.03879804530443052,0.024824743134948757,0.03204900216963938,0.08407069660891373
IL_0611781,0.007154737182895175,0.9760869993379224,9.479701722601783e-05,0.011252442913733682,0.001546463118167946,0.00012417477540801442,3.4652939089566653e-06,0.00021270050352553308,0.00027973050008345377,0.003187505707660319,5.6983649468429164e-05
IL_0649132,0.031828045271003864,0.5715250216927751,0.0017541050577901712,0.2583686755024266,0.0025390036175806873,0.0018803892890957043,0.0005083239105713186,0.01065381529281707,0.009322712257481535,0.10840884271897543,0.0032110653894824987
IL_0704269,0.17564804473257967,0.14615958520067457,0.00043800220541266317,0.15167478719576805,0.0017348923898842024,0.0007278136470099111,0.00022080135824835076,0.004818513969289594,0.0028413447240003475,0.5148307656442802,0.00090544893285241
IL_0718371,0.04713406996077798,0.08647750829599371,0.00044043721112081876,0.11289661644359456,0.0005090621062089662,0.0012722915908287026,0.00011263732667466804,0.0017595358349300073,0.0006656759243304527,0.7483858771901741,0.0003462881153659844
IL_0721442,0.05501886009280779,0.061157614255990464,0.0004128379729820879,0.12662529447158344,0.0012555844269553679,0.0006635472159335449,0.0002866711117370273,0.002189005868499728,0.0015975294459783065,0.7501478797238528,0.0006451754136794351
IL_0754056,0.08191658048603348,0.8187958582296584,0.0003212298063151357,0.0611059787462723,0.003553251698371393,0.0010814957362435215,0.0005579763916153127,0.0029143558515099584,0.005555373997327392,0.02369094196709157,0.0005069570895616206
IL_0808321,0.019092276627133805,0.03659364215925988,0.039403923779948564,0.08633099639143132,0.0269329387539224,0.013238634416686053,0.0012854630642050787,0.47289336726415254,0.28953108378935066,0.002495136122043335,0.01220253763186635
IL_0854378,0.14111133900126088,0.10236348280130972,0.006448955757244449,0.2360364771366344,0.005987028814701062,0.00501447098265757,0.0010600498731756808,0.01576113864491743,0.01785414219801202,0.46394687087874387,0.004416043911343009
IL_0895462,0.04088218229715909,0.7271341787703542,0.00033876383976052247,0.10571244211851902,0.002147637275166623,0.000784287004463861,0.00025055268276320884,0.001410864375178631,0.002463402707037154,0.11712378334835379,0.0017519055812437647
IL_0928130,0.09385812075071842,0.11946645703655001,0.02823563548131196,0.4971071875634474,0.02116443460668782,0.00963991888314226,0.002095492925907652,0.0922476194948621,0.11768673267353653,0.009146238669270145,0.009352161914565648
IL_0977585,0.039252287655801577,0.1720706934413501,0.00023153987994858514,0.15076261062065538,0.0005194520340961906,0.00034443440925186467,0.00011666635580496117,0.0024221611199600804,0.0013566177115222958,0.632315298487405,0.0006082382842040406
IL_0977986,0.0008174559583443332,0.9721134100211946,0.0004985947910150373,0.0076774413858019894,0.0047660449242594915,0.0007061818281147401,0.00013288383527845538,0.0007853667074137725,0.0030611672615394048,0.006854958759771695,0.0025864945272666565
IL_0996202,0.002301611997733939,0.017412594171663395,0.006289793511998178,0.04189587164063473,0.007175466211670893,0.001264431919238953,6.225508801762972e-05,0.2317250057113699,0.6866079014845543,0.00042109119897149364,0.004843977064146721
IL_1009731,0.07673982943518085,0.4020560533711405,0.0032581121007184554,0.09354437822390832,0.00822876697030317,0.006715288893866422,0.0022581346591298464,0.004900516943471738,0.003923152084428091,0.392327840847659,0.006047926470193607
IL_1011664,0.006143261853667663,0.06777161466314792,0.04640873504522122,0.07746667241663252,0.019727408430307725,0.011370696666722852,0.0011266140128317766,0.43418303383443324,0.3076844761211169,0.0019727288706860874,0.026144758085232075
IL_1020124,0.03736558695833349,0.29219192690992213,0.05470620138458483,0.06249796886729624,0.04374571225975159,0.07453847291823015,0.0065401212937702844,0.2708469116888038,0.12322544806532137,0.012567970716851227,0.021773678937134902
IL_1024284,0.040767416128059564,0.3228732660908943,0.0013904270144900906,0.040698254658411204,0.0024255437554247137,0.004940128396079547,0.000894752373462821,0.001912399950377805,0.0006991851185581641,0.5816463037443872,0.0017523227698545705
IL_1024365,0.22000619194594295,0.44293093915551807,0.0037986315059163785,0.11921386620451699,0.013370976765684267,0.00790864825108412,0.0011268900322954762,0.017903035038408868,0.02519042339310488,0.1463838508284545,0.0021665468790735215
IL_1080907,0.04099940718280966,0.8133480061830494,0.003909551680642095,0.05490836490967897,0.017496335881289533,0.006209390309059464,0.0036962386949767004,0.013477594318339087,0.012697538774197787,0.028518615371794204,0.004738956694163082
IL_1159502,0.031455047538445254,0.8461525565153004,0.0007083486955342528,0.06975388045978453,0.0036515279001554726,0.002256891497072063,0.0013627152535965665,0.003374945761797167,0.005793651117775014,0.03262725637835784,0.0028631788821813363
IL_1183203,0.2006818878554417,0.3818085684238307,0.0002763250472760133,0.0513619885816021,0.0009845870779810874,0.0037988211880890677,0.00027554816185611073,0.004685619687107824,0.0010727764560349343,0.35456635398590375,0.00048752353487662705
IL_1236220,0.011548863243342398,0.07546160859869563,6.167063266349628e-05,0.05865141022911871,0.00016286677806425914,0.00021151658851893514,4.5390117886243516e-05,0.00047470487689797486,0.00011828460905403173,0.8531197561661448,0.0001439281596134881
IL_1246958,0.004014491492042233,0.10347197679696536,0.06472291660391435,0.035392947097630884,0.13698429825706812,0.035106829555436224,0.0009639203775108286,0.1358146650747694,0.35679280860815377,0.003988960298746626,0.1227461858377622
IL_1248470,0.007586333493000299,0.28710794449802923,0.01611897950280356,0.08342458831268282,0.006034435769446996,0.005796602706408008,0.001074895053984885,0.4323535761678724,0.1554056385066735,0.002582321944055755,0.002514684045042567
IL_1266003,0.004572143181316742,0.06165191082181861,0.002353261934317479,0.3196156765721417,0.0019628721011925253,0.004594880633278832,0.00010289413133030699,0.36580169642982396,0.2254983056761907,0.003587544620099044,0.010258813898490224
IL_1298091,0.02192178000744422,0.8312793284437021,0.001900816088500219,0.05860324191488078,0.013138867254444058,0.004178927871867782,0.0002762213127002839,0.011604975655199221,0.021379641238065697,0.023547704373601586,0.012168495839594019
IL_1418346,0.06508418059345314,0.6782398620043077,0.0003153657121047849,0.04559187836493293,0.0019052590769312134,0.001196258205610034,0.00030939182907968935,0.0016587062054161884,0.0018286407599142792,0.20194192436228997,0.0019285328859600676
IL_1420891,0.0006525421222096867,0.004936586290553619,0.006489502474969077,0.01791843353374567,0.005710691752035498,0.0007624643112490535,2.701712453244579e-05,0.07326865892079189,0.8811271803802736,0.00014197689930451154,0.008964946190334827
IL_1431089,0.002372196819257575,0.9609215506740658,0.0002761740124686874,0.007275723512019843,0.0015650235677019044,0.0016762146095104472,0.00012790056664310193,0.0006236529541446199,0.0006608036323169222,0.022106508165563254,0.0023942514863078755
IL_1450991,0.032436719941574446,0.323548430084202,0.0004566779640057286,0.02452263575493577,0.0022255937105098295,0.0016082001075817818,0.000718819397010615,0.0008786374452846548,0.000556841365498018,0.6119552092711836,0.001092234958213608
IL_1497560,0.0401629510840255,0.6722730047699437,0.0007227457575128392,0.25414676253043234,0.003573092643627656,0.0006143951792123091,0.00012110950212927986,0.0029245430487520245,0.023839459887656178,0.0012715927022870553,0.00035034289442112637
IL_1502550,0.04119377468235512,0.6107491609979894,0.02999383469968042,0.06759920559488826,0.02670190100676864,0.04602432608483308,0.0019172098116660551,0.051212510600607386,0.04424414955840426,0.05907225295678489,0.021291674006022568
IL_1515580,0.05690515690381964,0.777888395167486,0.00310131491950299,0.03860257739178345,0.005168796321604919,0.013609912731396293,0.0013160417488512974,0.010227975241951614,0.007085441299808951,0.08056133836721713,0.00553304990657774
IL_1562660,0.015875343588183235,0.8202138063900033,0.008227558761342383,0.04032851539389161,0.007835683252716014,0.02918040368780851,0.0013931896292391057,0.0137114174488154,0.020608965974987667,0.026893158037086178,0.015731957835926687
IL_1574123,0.030460483844453094,0.07942230262743187,0.010709384308842473,0.19372548845298532,0.01149218617303657,0.003673071229411364,0.0006670186995908724,0.3597582770387161,0.30488540808901743,0.002141462182203785,0.0030649173543111194
IL_1619785,0.0066033652957258535,0.022533078024263343,0.0049845009493358575,0.1573469836119259,0.0018724386770842699,0.002758054463563628,0.00012225521782233055,0.7141367633255076,0.08832783614066024,0.0001744247008550545,0.0011402995932559535
IL_1633612,0.22278927199107446,0.22787771447169156,0.00018557579505493256,0.05602799540976073,0.0018251525693524016,0.001246176879892348,0.0003160369116846341,0.0015797279315052544,0.0006250149970570022,0.48717946698684866,0.0003478660560779542
IL_1641818,0.22425176582965248,0.28170206497834305,0.0028207422581982312,0.2775229666162131,0.003034417306398049,0.012689402914015612,0.002686387359657279,0.14909244997176585,0.020816329676511765,0.023184734180053738,0.002198738909190941
IL_1643221,0.16828076638461995,0.4108203873558277,0.0026975414181084206,0.11144646813725334,0.0034014014013483626,0.011107972126809373,0.0006036941638955979,0.011222994513388993,0.004308238690533115,0.27376486411242884,0.002345671695786306
IL_1664752,0.0862122851481516,0.45969947016006574,0.0007160613448078616,0.07066579036985421,0.0010388420817334758,0.002966610403524317,0.000595899566755513,0.0019232214149318596,0.0016131752810353665,0.3728355822662921,0.0017330619628479285
IL_1681515,0.18464943752678797,0.4199114767035803,0.00016292185352288814,0.05567634804329054,0.0011973673874174468,0.0012466235192277496,0.00012417486718266317,0.001550920863888145,0.0009370101069748242,0.3337568563618771,0.0007868627662504521
IL_1688338,0.04551946744690438,0.7773915111613304,0.004032087521174054,0.07699338227072577,0.00442785008031553,0.018112781130200907,0.0009071240509782024,0.005851425346257646,0.013828934169785936,0.03170508672319042,0.021230350099136715
IL_1706933,0.025612246755077995,0.8393238817476301,0.0010108348920385907,0.03384284149770435,0.002924856522749276,0.006830295441065607,7.027567017653592e-05,0.0026606057986721826,0.002227604636744104,0.08497095010001969,0.0005256069381215963
IL_1860067,0.05594752061130896,0.8394334592267709,0.0006566899402354883,0.07709272368876184,0.0030140536417530765,0.002314775103653326,0.0005947472729914943,0.009329912185249518,0.004036460519853862,0.007203538878334413,0.000376118931087052
IL_1884002,0.03339837712785174,0.7281879486725372,0.005335290999998753,0.16346586952289782,0.005096343898805116,0.014320172072141459,0.0010761965218198267,0.019185807277093816,0.015494426974733924,0.011209492435177508,0.0032300744969427538
IL_1897663,0.04211003935367742,0.05615207513653621,0.00023412240845387727,0.09077272553373283,0.0007544567152445937,0.0007925404888921234,0.00023191746582800624,0.0036643573526789694,0.0019749853238605008,0.8027993287759451,0.0005134514451503033
IL_1901178,0.24828669344421195,0.2107035759117726,0.004198715307104468,0.19158991839370382,0.013508079103377577,0.005530466178166394,0.0013145586756930492,0.01462524559874564,0.011890851629897373,0.2956961828522551,0.002655712905072087
IL_1935222,0.0739999899118858,0.8353951268301458,0.0008844849725201598,0.021186288472303902,0.0012872078076593212,0.010611275532783819,0.0002446464834649761,0.0018273861286025954,0.0017754723812257057,0.049314192931319306,0.003473928548088673
IL_1968737,0.013294937963778088,0.12144051465190689,0.16227100342402806,0.029463980371940153,0.0792091839112089,0.1320672160673479,0.0011602556639543024,0.04720757335337102,0.10308726817028341,0.02518509449569737,0.2856129719264838
IL_1976391,0.0056829332024428015,0.007601971359361442,0.0066329043556131876,0.07838867359272411,0.0045097582595797275,0.002138741568578626,8.160385973087625e-05,0.27995431755726335,0.6131527517055056,0.0003613840373589542,0.0014949605018412847
IL_2021485,0.05444395298742887,0.20277403023334362,0.00019167322817905796,0.040464597312259674,0.0008227410294182352,0.0009397395047907486,0.00028996499227126014,0.0011087140087053732,0.0007433426581604059,0.6977861173798849,0.00043512666555775873
IL_2031231,0.01347039047022611,0.7930651679538739,0.004794989088542111,0.01718478185704159,0.03543076260861899,0.007501252213573421,0.002471503910075534,0.0035650113625422027,0.009224907473550086,0.10297021482025084,0.010321018241705246
IL_2042306,0.008858781694776857,0.14237033511837568,0.11146010175870011,0.07348355071528692,0.062018870685403446,0.0274596986408,0.0029660513199398393,0.09597495385661628,0.41526816423038104,0.0071814832493326,0.05295800873038726
IL_2057670,0.03812759556714253,0.362877911605444,0.0006378235873970298,0.1695578845134636,0.0013254549185885926,0.0010574149330837682,0.0005563591306303656,0.01152629178668578,0.005876003415045005,0.4055426580264426,0.002914602516076584
IL_2058271,0.02398793772555883,0.8137103163413019,0.0024625739706811687,0.08590479750663461,0.00039078796303187383,0.00037737624644083563,1.435626851910611e-05,0.05113917347692108,0.019309922137358826,0.0014234069017838229,0.0012793514617679507
IL_2068901,0.6094522886130038,0.053382063941124706,0.004181788264755628,0.2745818159632003,0.0038496477333612826,0.004372710220818148,0.0007989258621130813,0.029345062868648554,0.011975245990578916,0.007559170933991707,0.0005012796084039265
IL_2076993,0.11603880904121573,0.5769576857749698,0.000536016510498327,0.15818803848031474,0.0016215229494311975,0.0012681838023972285,0.0003924918581729785,0.0029300437143479478,0.0037488876064359195,0.13653223087223731,0.0017860893899788804
IL_2078226,0.055086245880740584,0.17013459550487436,0.0014914087438855379,0.5453311216944169,0.0017913376829616374,0.007061534165079656,0.0010837133417715388,0.11396592183528002,0.026098463381772387,0.07534512365609822,0.002610534113119168
IL_2081710,0.00032365542998924685,0.0004748564569183175,0.0006742904566912804,0.007571873324262477,0.0008669523752696527,0.0001863425872901104,1.4010965450515941e-06,0.05280815730353574,0.9362769106841613,2.078770981118353e-05,0.0007947725755256356
IL_2085556,0.09721289956733314,0.7243213678371615,0.0015481121650722874,0.10277712269606695,0.004284113502472936,0.008133734509978707,0.001053522861015931,0.009698646137315225,0.008214925988170542,0.041801514270941566,0.0009540404644713333
IL_2090864,0.06941800460932024,0.592471627036838,0.00048619974887783776,0.27720617834385636,0.0031792516585636013,0.00098717832983918,0.00037599671879249235,0.013282124472372321,0.015801241289941263,0.025648822109963866,0.0011433756816347181
IL_2144290,0.001022651170277782,0.008384867070359316,0.011347080358414342,0.018575497172210024,0.0051583683563750996,0.0014001484733199847,1.9146940002551247e-05,0.1961096643133385,0.7562967510223813,0.0001989462721919897,0.0014868788511290276
IL_2157015,0.2984724405006965,0.4394414604315613,0.0019307949769226812,0.06391914222336864,0.005765793228681086,0.010520249158610396,0.0009287724338131947,0.008984773346683048,0.0033173793832944314,0.1655428551728357,0.0011763391435331025
IL_2190574,0.012064334440476249,0.7850816536322486,0.004631339513200934,0.03503699950895245,0.01828971937108822,0.0078082120272645345,0.0013109466716147884,0.004371826962746997,0.008596327299659517,0.11755533292132597,0.005253307651421776
IL_2207792,0.010136214009569048,0.05299810491257699,0.009919348706117262,0.07102188313229173,0.015355344472378213,0.0017956816673702456,0.00015288714562903394,0.20535341632457285,0.6287554613597539,0.0035270319852706827,0.0009846262844700835
IL_2254004,0.04667997572139247,0.7377807791870952,0.000715680119412955,0.18318199132865526,0.0023399026231028155,0.002657253326211398,0.0003986996160274844,0.006990194772726391,0.01259013025599931,0.006269466705800189,0.000395926343576479
IL_2274232,0.1188832499876585,0.7224732595610172,8.955976451135231e-05,0.13676543718908915,0.0003171332691220074,0.0018723610768029157,3.5405909356774625e-05,0.0032811581021169513,0.00200092547127863,0.0142180602680834,6.344940096314343e-05
IL_2283965,0.060789235152367366,0.06192905177444091,0.0001555561830169457,0.1435344736090508,0.0007648429842722476,0.0004173108966735208,0.00011200955056218122,0.0012986159122304571,0.000854699145320091,0.7298325705653234,0.00031163422674205653
IL_2330498,0.30602434454297056,0.3341472525807045,0.0013983977174596336,0.1221270805542429,0.004655288428783186,0.0047168409427911775,0.0012255265033290724,0.014265262781358642,0.009900337788240836,0.200644391991819,0.0008952761683005294
IL_2354191,0.0074592746108061445,0.01899758152489083,0.01360518453641284,0.06668850959116483,0.007355112844041171,0.0038466147189459383,0.00022051620387918862,0.2531323886242537,0.6224155013003996,0.001668324882027872,0.004610991163177824
IL_2424578,0.00011398847434706645,0.001095545419662208,0.00035462920630812973,0.003804775211753946,0.0006510158540790986,2.4754054391911917e-05,8.049517247440169e-07,0.03574858382675985,0.9580283088800889,1.8973823937664498e-05,0.00015862029694641353
IL_2440740,0.0003020473807225249,0.003262660402370809,0.001472903754178514,0.010011144260560441,0.0035615686530450228,0.00016592359649485923,6.510281491954694e-06,0.045078705732335335,0.9347102783830878,4.907693388198211e-05,0.0013791806218308653
IL_2451306,0.017534572848411766,0.5537851743578166,0.021090001199816112,0.08357428856427429,0.0210829186359913,0.05415082478307823,0.003629548559681754,0.03910720747902679,0.09768955828424293,0.06116097812652632,0.04719492716113386
IL_2508459,0.001207288255681979,0.01634830165911861,0.0018805571999081386,0.03915276873106727,0.000410248702224679,0.0011485399016494707,4.1828582301981e-05,0.9214038476007529,0.017915149443754642,4.013420343122211e-05,0.0004513357201089759
IL_2512501,0.610985970932499,0.08617254254885134,0.0027546187033132114,0.25797783376292177,0.0028864449801199424,0.0051246928494015,0.001225459170369212,0.02273552770125752,0.003153826569402456,0.00610963425868699,0.0008734485231771522
IL_2520283,0.16172056491334605,0.34571776872004223,0.0010670493611822762,0.07718826968953822,0.0018578929093802858,0.00294119241863366,0.0007432518445414081,0.00710077440212583,0.0026194559854137533,0.39792015222008853,0.0011236275357077686
IL_2532113,0.12400358892616875,0.6289766899499204,0.001292417523388654,0.044580778075833064,0.002679059951283604,0.014238460884860088,0.0005844397932352898,0.006980023571972459,0.006404623102311869,0.16909595201098937,0.001163966210036497
IL_2541202,0.05862220007356592,0.3619549707607203,0.04188605327088571,0.08559231546186319,0.07077411658314967,0.06448073185064992,0.0048950602644251134,0.04276782297797255,0.049179112191020405,0.1794417610056066,0.04040585556014059
IL_2542731,0.006639264476175413,0.12780710503860984,0.020476845369303852,0.0921867393244937,0.020267651878876303,0.004060301336255351,0.0018806696227544975,0.3706087816370938,0.339888033580239,0.0030884156541892177,0.013096192082009014
IL_2564178,0.041465169624282476,0.3664892461968297,0.0091527938254472,0.05287413106602713,0.015120631275480597,0.013263748431538205,0.0047632412856035075,0.007265207996872489,0.011032442552011513,0.4694438833247483,0.009129504421158795
IL_2579528,0.19558324452617953,0.0945617727590645,0.004489981267837286,0.47918990363465325,0.0013264127541754943,0.005630721031466925,0.00046454087654665015,0.20299077499766258,0.014505182357156862,0.0008471272074393026,0.0004103385878175948
IL_2580737,0.04857165067027221,0.8852534324766674,6.126753764976402e-05,0.05304924329460068,0.0006674460567269256,0.0005122539902625326,6.738056756163805e-05,0.0006366584105044341,0.00228112242162058,0.008811455231169975,8.808934296384622e-05
IL_2620364,0.33749644777576904,0.24432793121709154,0.002186206743217203,0.359628386786374,0.003971544181149057,0.002642702219435364,0.0005614638062874251,0.026505378035158365,0.01615499016615161,0.005758591191506137,0.0007663578778604008
IL_2631882,0.052152745046693864,0.6042717538561496,0.0009805278312095475,0.196556735172249,0.0034458584279444403,0.004124727918980533,0.0011060199867933748,0.03371293377977155,0.02453854085674184,0.07576198041319035,0.003348176710275826
IL_2632245,0.08903518668265845,0.08187872790848803,0.0017515801113325007,0.3610291548026905,0.006385127235995432,0.0028364107898364603,0.0007229928313842292,0.010739318582011109,0.010561218563543372,0.4326398639608238,0.0024204185312361403
IL_2667257,0.002465994771261269,0.9632117203198599,0.0007009810704364987,0.015024573561342573,0.005245307482835673,0.0007979968955363438,0.00026782549827205997,0.0013091067250075828,0.00254574990634906,0.0056090011343350515,0.0028217426347638946
IL_2673683,0.25061033732874005,0.2674495285502955,0.001076479733411695,0.15818342331095425,0.006501450760879889,0.0035843565022722957,0.0005561771709624786,0.00774563114446243,0.008368148532032663,0.29434600534711264,0.0015784616188760647
IL_2695389,0.015152848366969826,0.7948419524699888,0.009739512572068648,0.056249926187898994,0.031190435306277502,0.013193075781538098,0.003735497179228681,0.017076936526290012,0.022610681232400585,0.025479567985245286,0.010729566392093718
IL_2697064,0.019989144103035837,0.7262514372552389,0.00700850658457907,0.07281732141459005,0.009788273961102307,0.010240955806909206,0.006535826324228108,0.03440155194935474,0.006558335529811726,0.09810387687259606,0.008304770198554065
IL_2701771,0.014686241494094913,0.524100743023111,0.06807048105337708,0.08119257879826242,0.04708322678495075,0.10546481435170921,0.0031006509540078895,0.04399430337162252,0.044876356268942305,0.015561852429903161,0.051868751470018674
IL_2713699,0.15764970277646773,0.5384272115390774,0.003532233753832024,0.22132133569632906,0.004985297459500375,0.01249550665331233,0.0008699885064808129,0.011818053793086014,0.012578543946197769,0.033388652538845945,0.0029334733368706067
IL_2726821,0.20127808995181531,0.5718605962071777,0.0028999062230410854,0.1433275373769318,0.004030506998165078,0.013717120642318682,0.001279423674795997,0.03968689494373927,0.010917897119610616,0.010240920347494745,0.0007611065149096328
IL_2729600,0.05634090648685787,0.4617099616197728,0.01345664645586933,0.24734049542955305,0.041548373136217856,0.005058478237395341,0.002027476759508581,0.02837636226061584,0.10095132181190503,0.038175406563305134,0.005014571238999148
IL_2741580,0.04290737889074502,0.7972982304436484,0.0005209668225929277,0.02394515233551847,0.0022072475365530132,0.003762713332754786,0.00048696137950962,0.0011438330274424675,0.0016811588318265134,0.12149795632939579,0.004548401070012957
IL_2778741,0.07089638361889204,0.8142937247838443,0.0013062928959095069,0.05048643231496905,0.006851084535719632,0.0038701147521303498,0.0007067582722595806,0.012070054490082943,0.005104137629163514,0.033541321904404266,0.0008736948026249278
IL_2784674,0.03794332474072617,0.28009453722905,0.0001817348496000749,0.07186292587817873,0.0008983657417078294,0.000602252347423638,0.0002771909185654406,0.0015885910759651366,0.0007279901430010074,0.6052179556515834,0.0006051314241985698
IL_2788623,0.24244619757522085,0.4719166843997809,0.006033450518989883,0.12166195523919032,0.004924455683609057,0.01927789416905555,0.001956373300431666,0.06931491586458328,0.03344320696477379,0.02603755943685339,0.0029873068475113106
IL_2824067,0.08123825767371073,0.5380162064695087,0.007951504778615785,0.13811051201794425,0.01778364835522156,0.014352503733382108,0.0032299089637344734,0.024375837667563727,0.06539447238413146,0.09248414611834782,0.017063001837839386
IL_2840498,0.04442598631493702,0.5505511687237283,0.002788309825114763,0.2157294567742524,0.008744504326202183,0.0019317865685343004,0.0004539705502371273,0.03773171611193444,0.12582426969029498,0.00798336804115982,0.0038354630736047468
IL_2844654,0.006046623573685736,0.010234206987035787,0.0056863530112922205,0.1300580093634127,0.005541158332894899,0.0025180932061864437,0.0002258215542088068,0.2356223282553198,0.5936133668949453,0.0010458914693638203,0.009408147351654529
IL_2849392,0.04226499963963562,0.5366814313041303,0.004151950682756609,0.2125003799760598,0.004908803462688935,0.009736480577430933,0.0016354754042614233,0.07570844427245252,0.05069471098674369,0.05123416873367348,0.010483154960166705
IL_2851462,0.12052140574472639,0.21908012762740992,0.004827267880226738,0.4901485892091408,0.0019045467022850567,0.010942146843307377,0.0017791535443737617,0.1348522849500358,0.005395109178719717,0.009156924051799265,0.001392444267975135
IL_2921273,0.21534971836331243,0.05475463323989735,0.0017028662149880746,0.5909392462822004,0.0016298881089343205,0.0022016867723347855,0.0003178318883171711,0.092382709959194,0.038016725856781036,0.0019234270940641503,0.0007812662199763725
IL_2936438,0.06869193114870696,0.6945951940499367,0.0022740830522514064,0.1849522562211067,0.004092887774395425,0.004279550378752361,0.0006292867626556469,0.010413457324728977,0.02407845295736718,0.0049026217153345835,0.0010902786147640143
IL_2947403,0.012238540179070952,0.8216266409450772,0.010047100249262138,0.06177356506015866,0.00939303531962088,0.024556024168925463,0.0007632653826283651,0.0131359442644599,0.010634372217522366,0.018668845637808153,0.017162666575465987
IL_2978149,0.0038273682073826825,0.008346092779522094,0.012987695087145673,0.019592360737731657,0.009191220406661416,0.0030267520682894615,0.00011768494962492346,0.3840122932619446,0.555140927275776,0.0005667580625248205,0.003190847163396667
IL_2996774,0.10386491975513862,0.6800408777599692,0.0027268670483146366,0.08231126464336729,0.003682099796005331,0.008865593866910774,0.0024199577113927697,0.05843853773497684,0.011158054643536816,0.044240222583107086,0.002251604457280569
IL_3007459,0.035108834003147404,0.041966283120292415,0.0003763498150007162,0.4039674911107637,0.0007603740743771224,0.0013973442170972206,0.00016329561841566513,0.010306536909714278,0.008867782922915133,0.4957727534467278,0.0013129547615486218
IL_3061357,0.07795868208958076,0.5184667740291471,0.005122841438966696,0.16007203077983392,0.005361626409254918,0.004168840479230609,0.0015146909149916714,0.20139251535211922,0.020633702557043162,0.004356866499839799,0.0009514294499923029
IL_3076877,0.08252072526654995,0.7369042683714799,0.0007074788205473276,0.08434432037667705,0.0021456554385691495,0.005529584489926736,0.0005340797319487658,0.005042829130765971,0.006412012043664345,0.07357488022607647,0.002284166103794379
IL_3084993,0.022986769486778198,0.7961436510731393,0.010376167925275993,0.05449605835045158,0.025161379839267382,0.009958171230805463,0.0012790872881879595,0.02710940744492103,0.02582425861270362,0.017627161357994622,0.009037887390474834
IL_3109240,0.09211428016288341,0.11284258073117667,0.0007534941073864687,0.0883402532363513,0.002244683942113103,0.0010449082797045442,0.00036475559917974616,0.002961463266452565,0.001869567947775801,0.6964168201764893,0.0010471925504870272
IL_3124812,0.09412075746309459,0.6160427518088993,0.005292999180367512,0.18598559885902644,0.006314785806254894,0.005473363563331353,0.0014750072699893776,0.025200503298759246,0.04073932020522204,0.011989173072913386,0.007365739472141862
IL_3127619,0.03499028573731563,0.8160900885863882,0.001010370389281409,0.12187876039011884,0.0025303539425295266,0.00210854515795466,0.0007731798099712148,0.006183792243234891,0.005921260876319435,0.006545996056943365,0.0019673668099427716
IL_3149454,0.03501896155762008,0.8905140906152227,0.0019108058201237172,0.03002905327804042,0.009368451404258772,0.0052160992292791634,0.0015475764370959833,0.007819379144835256,0.006588433624018095,0.009225519311813448,0.002761629577692583
IL_3153787,0.018481438804218875,0.3321891449362927,0.11588729976218205,0.08929403777021197,0.04780512709771774,0.13589206667309814,0.002183454055538079,0.10606035429116556,0.09220689681699085,0.010829338334822417,0.04917084145776155
IL_3156984,0.0012693556120621167,0.0072906009405919025,0.003660732693300794,0.06262954354494699,0.0013004332930742486,0.0010159974541147589,2.1666073484331395e-05,0.7253248411254821,0.1965564174476016,6.380904417707085e-05,0.0008666027711642405
IL_3200972,0.0012298676350184703,0.0861177566270264,0.001933766129390569,0.010439635873164366,0.003091731920418805,8.864834201258622e-05,2.5821540025533694e-06,0.021253214939594832,0.8755640818666929,5.3887730069243125e-05,0.00022482678260928404
IL_3206011,0.00044645666911754503,0.008090167417659605,0.004172201670557781,0.013061599399624532,0.005556169710809454,0.0006986198283081981,1.9895188595516006e-05,0.03877011327968668,0.9261214273404899,0.000195152806177035,0.002868196688973902
IL_3245297,0.02924071062383996,0.06377360394333943,0.0003169758257576599,0.20625214766731342,0.001008247559948134,0.0006335622187730794,0.00012356445849585716,0.004043057857020685,0.0026770323040812495,0.6913229604527107,0.0006081370887198706
IL_3275405,0.058525850846265624,0.4505013459277826,0.006845347963634103,0.10493217512850188,0.019219242325016126,0.01142709157339013,0.0008056157126084126,0.011123926161222722,0.06340275372131558,0.25050556782279043,0.022711082817472344
IL_3278464,0.10520524125746102,0.26700264626557624,0.0002116137834283999,0.0470381388309209,0.0019665367439635675,0.0005889284683105779,0.00028001588760650473,0.00136664609083009,0.000975027815428062,0.574605612169802,0.0007595926866725875
IL_3286203,0.03995442914981041,0.04100571013374264,0.0015780202269497967,0.18278015021122948,0.0004976396058581081,0.003579866417834597,6.269593091817512e-05,0.005448476610562552,0.0017726373568490944,0.7231156160556276,0.00020475830061741188
IL_3304841,0.011836073972947555,0.048640106933032126,4.533890568550053e-05,0.03302430018584397,0.00018876119398341008,0.00010760024275284556,4.397109737882831e-05,0.00028562740338316226,0.00013445912172172867,0.9055925459881025,0.00010121495516837793
IL_3328321,0.1101429618288301,0.0698741503497848,0.0004218932630657257,0.11574657617765996,0.0019875038423393565,0.0010775723784666868,0.0002943371465141197,0.0022215214135823166,0.0011036262068028718,0.6962792352882997,0.0008506221046543064
IL_3355205,0.12780553350329749,0.7036643002936509,0.0017130076344384368,0.06765842619696909,0.003938781874471063,0.006555195021177161,0.0004993996191218792,0.007075758662776881,0.004703852175723688,0.07529517558590937,0.0010905694324639546
IL_3383918,0.0708238569595294,0.21304484416431438,0.0005103047428739102,0.4376033105823092,0.0007172178309777734,0.002550949960187161,0.0004313192083099609,0.027357672252933646,0.003883496198039802,0.24152815952644752,0.001548868574077203
IL_3405674,0.09304710794961733,0.21051018368418623,0.0023709962677442,0.11102747903284704,0.00739929187429774,0.00349231134231973,0.0021210493547543048,0.005122507239758559,0.0036051036459227416,0.556916686198048,0.004387283410504112
IL_3416109,0.06365760294328841,0.0864071147062604,0.000889761295489359,0.36722629203602675,0.001982815262900814,0.0027692415066870313,0.0003836625735079313,0.04126551730253379,0.042529099163702774,0.39059015957840904,0.0022987336311935643
IL_3417042,0.11757149623486197,0.6690591314884451,0.0016987135701711771,0.14579165344072165,0.006243264588997655,0.004441074478838003,0.00102197983811063,0.007404642708411339,0.010318327747998743,0.03479474629041596,0.0016549696130277358
IL_3475314,0.08530103035978001,0.12268832101250357,0.0016123521637883996,0.2600686644687805,0.0037078100897195306,0.0025685496138009908,0.0005750169874593228,0.009933149646463392,0.011267241065125881,0.4993650290297321,0.002912835562846239
IL_3502631,0.06940389711270736,0.6067218029542659,0.0015108625201713142,0.16051444804203213,0.0024961747193305867,0.0028484359219377764,0.00209417762812049,0.04603510132906137,0.008584680782867683,0.09667343072934634,0.0031169882601590386
IL_3512099,0.04379740564515551,0.8134574845427207,0.0023112808955919276,0.07401705023605608,0.004849819765392302,0.016349125306524395,0.0023233884443274464,0.008538137263145932,0.004644173944959554,0.027948359190862523,0.0017637747652637166
IL_3516247,0.01647166139454008,0.6621653149500162,0.019977902934637963,0.12393164853121277,0.01846857629623951,0.04600433777421723,0.0028974958702297953,0.032257751331627546,0.03442876621939362,0.016798597803427583,0.026597946894457884
IL_3525336,0.003326732547190075,0.08534385765234259,0.005119127830498959,0.0667428601696146,0.005303501448302814,0.000976428164865275,3.0868503182681004e-05,0.10193046967881389,0.7297926005799936,0.00016764147066150527,0.001265911954533999
IL_3584159,0.05455664378495506,0.08028190497766194,0.003538604425144865,0.31150778922997513,0.009275917005911074,0.0036292310045759895,0.00016298851344271438,0.11816634769701062,0.41189247479847013,0.0045803724430742605,0.002407726119778238
IL_3592184,0.05791873569715641,0.5379024593946315,0.0005485756885278172,0.05724760035276146,0.0020770309988687877,0.0027680213090354676,0.0003877536642096441,0.00281323267386547,0.0016256898688728123,0.33571094806031254,0.0009999522917580389
IL_3662013,0.055185887037156,0.49956469494590694,0.0018639400060161764,0.18923718215415164,0.003947973648418033,0.0037439210697367106,0.0010841604489505168,0.00812376691384167,0.005701578417214902,0.22708471079644227,0.004462184562165092
IL_3682737,0.00015924887518934484,0.0014257706553317663,0.0008120206402583269,0.004538953613288604,0.0008118042948874256,7.961814154846923e-05,1.3426152934801971e-06,0.0174233235277581,0.9743162927110361,3.274585349643335e-05,0.0003988790719118833
IL_3708176,0.10276019804027722,0.470122710521275,0.0008962840677973065,0.06850968888320327,0.0033768896266243237,0.005915717211613522,0.0007540003212290146,0.003929226975001463,0.0020936005182374063,0.34063669751926157,0.001004986315479833
IL_3731984,0.07090708348847272,0.4367575276546902,0.0006806172654141198,0.03976136633790912,0.002637349606063521,0.0021395097072348544,0.0004279525595801409,0.002909122472948353,0.001301998938458355,0.4414508288195954,0.0010266431496331824
IL_3743750,0.03501263647665216,0.8201603176018184,0.001252164104716412,0.09310518237343203,0.0070641735941543386,0.0010978121715979822,0.00036856915732014114,0.004789628801711583,0.030845958726665672,0.0028986744417168935,0.0034048825502143807
IL_3769258,0.5850761790202347,0.16339823926851565,0.00027472501106390833,0.12310559168904156,0.003632861168053716,0.0006368118844521316,0.00041489860737155623,0.003007749872932715,0.000856239872152177,0.1192748260988328,0.00032187750734919047
IL_3770691,0.0338068530902013,0.7182460032410873,0.004106874645346009,0.08060616169616593,0.005441868205056673,0.013199050461230323,0.002112574662839873,0.007620712952311338,0.008458961408442723,0.12198044187265039,0.004420497764668062
IL_3795536,0.07515697809993174,0.10298989515655235,0.000609879992355977,0.1380122327896335,0.0022464403957523646,0.001309981924890447,0.00045321378805652493,0.004358996605321557,0.002697835885085898,0.6711264968276707,0.0010380485347490863
IL_3825170,0.05529272730996269,0.7764907106060834,0.0002522548446227592,0.14697091555009006,0.0019679067672764283,0.0005100581145026489,0.00016559689535264953,0.0021512222303130433,0.009784666436570276,0.005956607966152639,0.0004573332790732822
IL_3849919,0.02136528325293913,0.6332684618730502,0.0018949325250685448,0.24219257664232385,0.011547534000228836,0.0007783049657941517,0.0001197486497584681,0.005646827422702898,0.08072989220579224,0.0017773922460999007,0.0006790462162417639
IL_3863962,0.057542487902221905,0.15088421687603035,0.0015073294454993281,0.14953236684784915,0.0018153278130089282,0.003232228375405083,0.0005401316880748006,0.0031616093789823174,0.0018265746902551678,0.6276794732113036,0.002278253771369384
IL_3890738,0.03958395987959031,0.5504701174558051,0.00025194592925570234,0.05524800760042377,0.0005221624909551903,0.0009864945312233332,0.0006436067905417134,0.0040346804783573,0.0008734654424305174,0.3467863245075297,0.0005992348938873545
IL_3916806,0.009430827590870468,0.8923154211670691,0.00015038055439661822,0.08778123715894504,0.0013009882125310627,0.00024396671863344767,0.0001038708773762834,0.0018271549388319344,0.003265672833684911,0.00321795297349948,0.00036252697416169056
IL_3918658,0.004439369191464132,0.7648136407628753,0.0003373701227028233,0.007511636136261657,0.009691779730190354,0.0011592217382444994,0.000652314621013169,0.0016269105544606678,0.0033623555879077668,0.20281295097619806,0.003592450578681392
IL_3925046,0.03916293194854415,0.10160400797774871,0.000222619535960994,0.09806213839510833,0.0008739406703396865,0.00030781559172674315,0.000187741797292489,0.0019137177089699994,0.0013802351591790574,0.7558434279927336,0.0004414232223962541
IL_3944678,0.15955787359543608,0.16338660045867975,0.018392273463678967,0.38278955169660317,0.021191887302545988,0.0057179207156072874,0.0008338588587884343,0.05835502178576574,0.1754148809196607,0.013157228848307353,0.0012029023549264969
IL_3989231,0.002223041398742828,0.018037423028887816,0.008823376072754102,0.014511725911038028,0.005357322719366909,0.0016763475330550401,3.440268401107613e-05,0.19701602028766968,0.7505013143596662,0.00013888473115440526,0.0016801412736538322
IL_4014940,0.07817510541426485,0.7982356260098198,0.00045386902077603354,0.0801783200905743,0.0027652416038991532,0.0012581616094909742,0.00045293722740667394,0.004667397630662667,0.0040456133162826225,0.028616578919484395,0.0011511491573385241
IL_4030473,0.10242974449804493,0.6361938422981801,0.010678203685740979,0.09430167531400102,0.00599161180818923,0.04585491290075969,0.0018193026029541554,0.03781471904600299,0.025369909949814008,0.03674181376511019,0.0028042641312026394
IL_4032940,0.0579378926699711,0.835176275687741,0.0012572776421046529,0.042141071655060765,0.0027008293344609044,0.0069879216459672695,0.0015917507112046619,0.009426970500111887,0.004734115421580866,0.03634836350189002,0.001697531229906945
IL_4048093,0.02723219357062477,0.24522518809035715,0.0004087586087487039,0.1535339793299663,0.0013099695197961161,0.0012649053967101788,0.00022407865786522088,0.004420392889723508,0.0032874078425656926,0.5621344328225165,0.0009586932711258427
IL_4102420,0.10903596891012944,0.21045915890703631,0.015211893004845156,0.11454727895757877,0.013054810534212603,0.01497074427051065,0.0035364411417225508,0.020940664276828693,0.012523303624207442,0.47274088772449246,0.012978848648435915
IL_4113222,0.03999726068869758,0.13605755996043667,0.00019916066707918848,0.42988747747077927,0.0006639114913183151,0.001140820469895108,0.00010673042507108519,0.005284145669445036,0.008228240316429892,0.37742251341674293,0.0010121794241050024
IL_4121028,0.07397671811312956,0.63398112029119,0.004723058187822014,0.11154297273934319,0.007711237436062461,0.02213427386374131,0.0029274769592563176,0.01299302632613092,0.014395180321782948,0.11257158886025648,0.003043346901284726
IL_4137970,0.05549280866995809,0.29414633795763695,0.0002758512071858484,0.19637358533487254,0.0009268953801020095,0.0005610899672238062,0.0001659528336536278,0.0019631047792385433,0.001734156046012836,0.44731823994837233,0.001041977875743402
IL_4183780,0.041888487272483975,0.8225974230797213,0.0015438011583857188,0.08044338158277295,0.0033480958733704707,0.005013651684325826,0.0008382013408872648,0.007017546890765159,0.004798039238008627,0.02942342117111272,0.003087950708166114
IL_4205103,0.03226040797572472,0.7210668806268512,0.0004338617049752984,0.09840253832345285,0.0012901167502303698,0.0010869280594038837,0.0004077679456039774,0.004343024620950478,0.0018469000017422572,0.13737765408027247,0.001483919910792419
IL_4212360,0.030936127991895775,0.8080754625806155,0.001299801060074381,0.13754566280155578,0.003604209519885717,0.004133740760807722,0.0004347199988918759,0.004710132938659204,0.0037982863976033865,0.004904684353519901,0.0005571715964909193
IL_4217178,0.019628641284969512,0.7859273937437261,0.001507099428661277,0.12218833985387519,0.00801846674662644,0.0012720085791855962,0.0002956735398921334,0.004891599417836883,0.04645541527719253,0.007982473019403833,0.0018328891086306274
IL_4273134,0.042721848417824615,0.38215439257389483,0.0016129225942294076,0.05732952117123657,0.004236509269530696,0.0023094723005566186,0.0023322938764000324,0.0073199107910322265,0.0042163190437302335,0.4936240651641922,0.002142744797372573
IL_4304678,0.0246229301087822,0.696544197615879,0.0009606330549922803,0.012011747169429576,0.0034283846072744916,0.003809017486644979,0.000811643018985109,0.001181513499483651,0.0007972544303605318,0.25333741878233623,0.0024952602258318324
IL_4365221,0.015098989673475439,0.9066431913015198,0.0009587062108650588,0.05513345404410794,0.003235548142362118,0.001298238755417843,0.00013772027004649794,0.008726672967910501,0.00688543849118149,0.0015208619549886323,0.0003611781881246598
IL_4377002,0.0826143744361369,0.19493464523234116,0.002634583034359417,0.16258147623177557,0.005112926180415756,0.004063267160775732,0.0010426639848114935,0.005920627019561708,0.009117509003652956,0.5288991536848147,0.0030787740313546206
IL_4378654,0.11363779027617316,0.6637698636858536,0.002095691834470533,0.12901657803744926,0.004662280713253903,0.008826769941988328,0.0012509218321003453,0.012168227725808401,0.014584511967747706,0.047209211165685105,0.002778152819469684
IL_4383984,0.08134102668631607,0.1244291088641614,0.023799182302005447,0.19035089034734992,0.017966261913978498,0.015796932273821826,0.0010911371655567634,0.3091518011551004,0.22726656769041328,0.003261779079577363,0.005545312521719009
IL_4392618,0.058593136233185884,0.3118773209366226,0.0002038662434860674,0.04337862786400636,0.001658444356663847,0.0014297532623492515,0.0001773739266840048,0.0007503882467886536,0.0004197044584735529,0.5810544563496616,0.00045692812207820437
IL_4393410,0.11935637865976892,0.5123452016909945,0.02043540499640978,0.0370855368528578,0.013538160513568386,0.13059110748318434,0.005036650871991077,0.034620865020879986,0.02528640404790313,0.09054051593783821,0.011163773924603937
IL_4404293,0.28169029713471866,0.2790898359333975,0.0008944342344158402,0.07505935058963582,0.0023762282399919297,0.005138026088904552,0.0011998370883103521,0.004997564716317037,0.0022228310121655197,0.3464776407933679,0.0008539541687748945
IL_4407167,0.05658938804145823,0.48347346907514344,0.0003819907356885553,0.02970194859388531,0.0031945700770098545,0.001999858858289405,0.0007831996262742329,0.0013967877008135815,0.002173121705436519,0.41880918700894454,0.0014964785770563635
IL_4418818,0.023744312948977515,0.7543106899671408,0.005764192284839558,0.10825539948125612,0.009997774951245314,0.00808617814172948,0.001976176315503988,0.020486265920129584,0.02292515836142301,0.03853134796245071,0.005922503665303869
IL_4429583,0.0043502933006589126,0.1694453232934772,0.004635261236649095,0.0520179526426333,0.00114163797505192,0.0046059505202831145,0.0005112796454119345,0.7499871266557654,0.012202907945023756,0.00042625819030685675,0.0006760085947385318
IL_4447995,0.1656602871608793,0.36419508511899273,0.0007247056350591587,0.36331748149087395,0.0024703988300352414,0.0015890457315101093,2.7214321355513784e-05,0.011610587933263465,0.061101394621761694,0.028819637876369313,0.0004841612798993946
IL_4474915,0.05144114893145356,0.3657021735676498,0.0008400017911449116,0.07604277810095353,0.0018389579008633674,0.0015580117388589157,0.00031540710107721433,0.0018529619233281273,0.001195448133424053,0.4970710064956675,0.0021421043155790574
IL_4556052,0.05601588707146025,0.12124177448466598,0.00016324703762743946,0.04253077462679572,0.0008611839854525446,0.0006652435251256603,0.00023114983140500766,0.001120118305742846,0.0005743294274603983,0.776296490225612,0.00029980147865198414
IL_4629710,0.021831856599061606,0.8239343797630596,0.001086299273007834,0.03854564566364376,0.0034150672340755176,0.00803739637039764,0.0012342417035531893,0.00551235012194208,0.0037577956069202037,0.09129792410233302,0.0013470435620054255
IL_4631015,0.11708317532274115,0.10129464327991035,0.020439980583705216,0.3080956867751447,0.0055584688673701145,0.006820056020668055,0.0003599157345003755,0.39138021507360854,0.04719758361356647,0.0006993708553268251,0.0010709038734582773
IL_4632594,0.001529943047696545,0.0013367774489580824,0.003578657669069301,0.00928850062425326,0.0022855763857571806,0.0007401194338251501,9.133411570981748e-06,0.08649411019677969,0.8939370478322013,0.00013920086522448415,0.0006609330846639347
IL_4640947,0.1404500153273651,0.23711465988404723,0.11622021343227364,0.1641450995809143,0.06475159225732043,0.045032472836376874,0.016160451047453984,0.0442242035618326,0.057688116034077364,0.09490060041814152,0.019312575620196996
IL_4652828,0.032602213403312916,0.8230233745645558,0.0007528317532195821,0.05771773899194832,0.003460534733321394,0.0019620967770982785,0.0008872498127706974,0.00921850250479185,0.0029549716824651146,0.06569899749185347,0.0017214882846625372
IL_4673376,0.00016113817575851648,0.004436975334757795,0.005916393574009583,0.006863733452539526,0.003879739896675693,0.0005210251678968161,1.091539419983821e-05,0.10753155012790626,0.8669660291364072,6.164530595662261e-05,0.0036508544338921794
IL_4698973,0.03258504292073417,0.8608654756632521,0.00033102303026537143,0.03166715713353452,0.002424681817897541,0.0011447483763723527,0.000637046450878465,0.0009446519157705375,0.0018914282402075692,0.06660760272586354,0.000901141725223825
IL_4703518,0.02259854421934658,0.6518682224576794,0.01198755420239047,0.2042461692267114,0.013160411660868895,0.0144131957638013,0.002188351459720489,0.0260037682498845,0.031264338998001455,0.01301376404170835,0.009255679719887132
IL_4708155,0.03409988448550222,0.07999808518713897,0.018116310690086866,0.06867572729915153,0.018566933403797566,0.008592846939874858,0.0005173951647403867,0.3456832724264235,0.4206566883658224,0.0012194249869817077,0.003873431050479988
IL_4733323,0.19520701441124858,0.6489354476965421,0.0008398351050939759,0.04932589028206785,0.002791784611414854,0.0050485732363339236,0.0006290485911738709,0.005380748955094388,0.0016884701758062863,0.08953519056380092,0.0006179963714231156
IL_4738780,0.053523280608300285,0.7042507140652075,0.007155020813159817,0.043270592583866896,0.008154575817824604,0.05094351204088805,0.004082981430086129,0.03581918995012308,0.007783777976838572,0.07406011548630181,0.010956239227403327
IL_4747648,0.032612489231911804,0.7976419179909436,0.0028883362174314904,0.07523773688278534,0.0064248288449598664,0.010342107871359944,0.0013919157898567222,0.006238608094544508,0.008814948304517206,0.048692046261514334,0.009715064510175005
IL_4761308,0.05262289415829748,0.7476154321877827,0.00196639396538944,0.042341723475647894,0.003994124845137851,0.0076216064461768086,0.000815697960661264,0.0027613769494850486,0.002635959839000038,0.13101464449135544,0.0066101456810659966
IL_4787245,0.08068316550134005,0.2526289282100511,0.0008404250890378456,0.12003830231043854,0.0035426355026077893,0.0016166851068047004,0.0009429035284462725,0.003975177696786177,0.004999130703079164,0.527315939930142,0.00341670642126637
IL_4796202,0.012480197010610778,0.8955201520495704,0.0008197392827093618,0.06848632636180214,0.0022697637427455553,0.002326394302150146,0.00010284448892957374,0.004858598533586506,0.006150330304745616,0.00638971747258749,0.0005959364505623647
IL_4805993,0.021195454189824353,0.8985485029458177,0.0011407073878063488,0.030725566507399805,0.006278006132934638,0.0035581518198677152,0.0015342525763268073,0.002282083636756277,0.0031816169659723567,0.029662701388877777,0.0018929564484162068
IL_4840188,0.04258424814498618,0.7321100764669631,0.002506135386369321,0.11269107784391849,0.013000018467268101,0.0029969776535975655,0.003146081862534067,0.009218291045727531,0.011634579578255652,0.06519047184643503,0.0049220417039449104
IL_4848599,0.07114963449841905,0.8088901786586025,0.0021627910086461878,0.048070347999365624,0.007805594400347875,0.008444236297157239,0.0010909867962577615,0.014260325685467812,0.0037645557974730487,0.03246120786498238,0.0019001409932805336
IL_4848977,0.12663721586913143,0.6547589155439755,0.0013662200578412054,0.06431754264382541,0.0028588684203962175,0.018053748449945905,0.00037295059815507857,0.007535611538483931,0.0027095167840578563,0.11994135108621455,0.0014480590079726857
IL_4907451,0.06053178748435943,0.10046312748442378,0.00038652821992834807,0.16358773032837925,0.003021814107069184,0.001289391223933433,0.0003396378892815273,0.002763817322747254,0.0031064866827935356,0.6636805348690105,0.0008291443880737087
IL_4912944,0.058874894251452536,0.4260811965991095,0.046383648477564134,0.040201097093795504,0.025688827081168836,0.09566650193552702,0.008648499099146821,0.03589908962252315,0.01758950095797076,0.2019225581987845,0.043044186682957244
IL_4926820,0.0003247633437618655,0.014169148733554026,0.0008563113521229283,0.04453451046367183,0.00038143614008336296,0.0008908316877963463,5.561436274414463e-05,0.8939401324436278,0.04194290428358258,0.0001516216627748267,0.0027527255262804005
IL_4928787,0.029029522767082726,0.8484217275350923,0.00039904703244210925,0.10686817139758722,0.00448161010299127,0.00042858317044297393,0.00013649243001363843,0.0016693085934532182,0.001208807135328255,0.007068949540671904,0.00028778029489448493
IL_4936385,0.2566539019331438,0.12685358812681652,0.004582865893544589,0.5011321636761275,0.0012545760394945965,0.006857321692328907,0.0010046838707082493,0.09590870774237947,0.003802206460260218,0.0012075123241943135,0.0007424722410018306
IL_4942231,0.5890438762352914,0.03374765833211169,0.0010776360635920256,0.1420999712305543,0.0027174782241344694,0.001561363555991527,9.835972417260937e-05,0.013402977887622184,0.007283449453968238,0.20863872185791565,0.00032850743464596057
IL_4953244,0.09927481326286651,0.6902727282831749,0.0004747149849231977,0.05148276941614434,0.0016621806135861225,0.003416577201431752,0.0010607949368729155,0.006878303309199874,0.0032599006394861056,0.14078715826383406,0.0014300590884802602
IL_4955020,0.09223420735918403,0.610698018066585,0.001201142543095912,0.14319198302080727,0.004412569924281948,0.004204153003224793,0.0007565708397060789,0.02241897579301654,0.01100176730383247,0.10817804013427285,0.0017025720119931028
IL_4964046,0.22528446616184533,0.5294506978784912,0.0005845889000786849,0.07731280381847291,0.0017471518150757976,0.003779299219506211,0.00035969865117745656,0.009460452102536075,0.008004215635813447,0.142883116154225,0.001133509662777764
IL_4983934,0.019082318355754208,0.8532114054367147,0.0005138146644239046,0.01877757506287082,0.0040161796427894015,0.002810083853076854,0.0002642321791342683,0.0029942462284088464,0.0025472499066933373,0.09407739245713911,0.0017055022129946788
IL_4994761,0.059764366708580444,0.5311238755235755,0.0030146077521540564,0.23110813673804761,0.0033472094952033647,0.004449334241487876,0.0007410628038893053,0.14045906926208873,0.020799122804461497,0.0042186992940311556,0.0009745153764804691
IL_5016487,0.014942402624783385,0.023971050970116474,0.00021348813533188482,0.7563458434608307,0.00032281995818316764,0.0037565322584032987,3.133346227142986e-05,0.10803973690872454,0.03684776754402166,0.054715227956441875,0.0008137967208915463
IL_5018680,0.0313853178331568,0.6353393339010973,0.004061687567197819,0.020306825582657183,0.004808349789061748,0.016947773046499307,0.0008411278542135028,0.004595499179462155,0.0029674681826313974,0.26022213617667733,0.01852448088734548
IL_5117306,0.010994322066281686,0.8837027178325259,0.0011431009318523427,0.08307456738049741,0.004575374598267164,0.0008638389977137751,0.00039921898040533744,0.005149388160609985,0.006954600351128756,0.002077734531401318,0.0010651361693165174
IL_5136565,0.1665497645227748,0.18146876367411274,0.00062753964841957,0.06663131052448175,0.00424963073514145,0.0013473860432036179,0.0006033510701239698,0.0034088970681206377,0.002019921430623726,0.5723355622330687,0.0007578730499289324
IL_5150961,0.06628093671849658,0.4643890259393435,6.138953067591638e-05,0.07954338919311563,0.00038470314610731637,0.0003453396607849963,9.711052080867702e-05,0.001284006229868393,0.0003934523162464451,0.38700955581487617,0.000211090929676378
IL_5152620,0.03537657095688874,0.3558423836540662,0.0015544372550752492,0.15472282286952105,0.003700345398415253,0.0026576433858268344,0.001338895450334212,0.008105375029338826,0.004585125187835798,0.4283768532892351,0.003739547523462709
IL_5171099,0.0012584066718915648,0.9586897071071799,0.0005518019709007211,0.007065528611744026,0.008778369160904121,0.0010008562075313934,0.0001524851614353524,0.000775329976422759,0.004448006321073448,0.01542787661604703,0.001851632194869648
IL_5172506,0.010889224025440621,0.08279159515034801,0.01606485177730617,0.18784538381525617,0.005597477781432036,0.00960057432536644,0.001241543014877986,0.5981921114384771,0.07696144762264578,0.0016298233969458398,0.00918596765190388
IL_5188190,0.07213230004606622,0.5023300108242228,0.004630023797261175,0.09005024769358688,0.004883200302085519,0.009468340821192944,0.0013261191501045245,0.011232306821657188,0.0371408479941223,0.23276766480383043,0.0340389377458699
IL_5192693,0.034653259358301956,0.23982742467120297,0.00011945768741816768,0.04930676690953118,0.0007224535762809129,0.0003360892259008344,0.00022357072191958398,0.0009852409796810514,0.0007135617021777347,0.6727053805935383,0.00040679457404722516
IL_5195971,0.1411697460365526,0.6338060098005204,0.001105474278815817,0.1475870092320772,0.009177783523751343,0.001466228098088111,9.872226305044907e-05,0.00791957577476551,0.025655693825835466,0.03136626083403119,0.0006474963325118783
IL_5199215,0.014105568521425013,0.021678840663547472,0.003382618005095839,0.22562279020122422,0.003010935530177599,0.0040936912384400516,0.00021581924656371643,0.591701164531822,0.13268021701575375,0.0007576075516512507,0.0027507474942991953
IL_5202722,0.07710928272102943,0.077856348642273,0.010918194096508696,0.6286847067017505,0.002603740787911976,0.0077288009161685855,0.0006692931958667749,0.16976071091841066,0.02199781074531926,0.0009715441167427172,0.001699567158018555
IL_5227274,0.05874648782581643,0.5758610437076732,0.0009897619480567894,0.2602842347746171,0.007618721128044158,0.000861015826329964,0.00036983044723459563,0.013381438471997366,0.037480953354446185,0.04314506238590895,0.0012614501298753025
IL_5227787,0.04093843296694864,0.8277457537715718,0.000813353444112998,0.04871643073342177,0.003841249606477244,0.003662695326387392,0.0007934227519538837,0.005332432669834597,0.01487896265288307,0.050658310271053,0.0026189558053556195
IL_5242598,0.17645239139566057,0.7111000253995636,0.00012628626637561837,0.048368630756406565,0.0007598354478931514,0.002584751263732172,0.00021395224653733926,0.004075591225079821,0.0022523336898897014,0.053866941202852084,0.00019926110600923563
IL_5308378,0.0178358057738795,0.033307257896268906,0.02895646863341425,0.21134299833347592,0.025002927816746623,0.010439367837685815,0.0005907730212050279,0.19831076466935474,0.46238105696353926,0.0024873132803759665,0.009345265774053946
IL_5330356,0.023690925703777465,0.7451513941842745,0.010213083172561808,0.09337230514849464,0.021346870549745187,0.009983938352514593,0.0008949885493487273,0.025812772658337677,0.05901179188777429,0.005209388488226883,0.005312541304944211
IL_5334240,0.026323801895787872,0.22968620694674619,0.06350522922609518,0.09413829691860973,0.03990897028661221,0.02744093027725817,0.00376715123884693,0.14540579071554197,0.2861786456672354,0.007307156403734972,0.07633782042353153
IL_5360549,0.17837149214173836,0.2195563207563055,0.0005130547404438911,0.09211898605142776,0.002215349019292023,0.003528983205477029,0.0005184662525569747,0.00374050351729849,0.0024370499876357854,0.4962762815183902,0.0007235128094339447
IL_5383665,0.14675958515272833,0.09295929997722853,0.0010123265477294608,0.3885306224806903,0.003020371877320782,0.001624571228852348,0.0002476721711133143,0.008088614622149687,0.012371694972886507,0.34351200317021363,0.0018732377990872298
IL_5417792,0.000612950808534984,0.002928308510173734,0.006389590513967223,0.007716673164836143,0.0036421683285161096,0.0009071121214681948,2.002519494693588e-05,0.05418085764208115,0.9212013533001886,0.0001605829448926484,0.0022403774703942695
IL_5419157,0.04232562839881762,0.6329609248149928,0.010008199522727412,0.0999840741327334,0.014542609632768835,0.01704431916557699,0.0018238887948265863,0.05147329976157332,0.0954913765326326,0.017716177152140362,0.016629502091210068
IL_5461503,0.025774469830970897,0.5198295164067528,0.0007624924161273671,0.014592216937480425,0.0027083344991664557,0.002521741689634698,0.0002910241116901854,0.0006168074312048606,0.0006480418721437984,0.4306291654461242,0.0016261893587044543
IL_5484022,0.1432607360509555,0.5115885441600323,0.0006834628302141995,0.027532732250532488,0.006198947709821899,0.004172722414707264,0.0013473117666888803,0.0025619398544016363,0.0010730370708341302,0.30028983192667047,0.001290733965141118
IL_5489843,0.01860735810311503,0.8950368822900139,0.0002804690359813191,0.03563035613667938,0.0011456391162628348,0.0013431576796537953,0.0003212998599569448,0.002155115318040915,0.0015058378780868546,0.042111902339174785,0.001861982243034234
IL_5493219,0.2174704174418492,0.13975592121901703,0.00034693196327894503,0.0588002828857814,0.0023598554938878396,0.0019306914266896359,0.0005802133867780501,0.0029729297222153535,0.0010625767716844938,0.574165411097379,0.0005547685914391274
IL_5512024,0.11809436801507928,0.3124670965267506,0.00045183423437733766,0.08444409825187293,0.004687607557774937,0.0025092440848330923,0.0003734140867738861,0.0033609808253660793,0.0035445819640297594,0.46934250522070525,0.0007242692324368914
IL_5545711,0.06649680269965688,0.10572583871614552,0.011498951065103265,0.5335520603713307,0.005368994444649608,0.004950744015882062,0.00029606056460268097,0.18330993851955277,0.08570200317490312,0.0009172359499278682,0.0021813704782454465
IL_5552679,0.05468714076678564,0.5667057214642883,0.007539954710736173,0.046811775704013785,0.014738066257525691,0.01214290484535436,0.0032881775293380736,0.008409000432389492,0.011469990463153052,0.26647120023636567,0.00773606759004971
IL_5562172,0.11947954441025045,0.4241132971520114,0.0009449512997542196,0.043279166281829005,0.004128761616898361,0.005553039623787973,0.0012622262192170375,0.0036892013212959426,0.0018854421543886206,0.3942808998593873,0.001383470061179598
IL_5584877,0.14335818916899032,0.274433960239446,0.04844270512963761,0.17795118308988564,0.03866299252769317,0.024057496060359278,0.0052019604469083075,0.21131630786794597,0.050072400753371535,0.021266856548226028,0.005235948167536102
IL_5603161,0.021969691782377683,0.15710853240960845,0.015728543545426427,0.3428004082777957,0.009678071089340198,0.012675285166267387,0.0014838863680376921,0.2427331063027989,0.17150675873826635,0.014581662063080076,0.009734054257001176
IL_5609972,0.10249180371777938,0.1838838552737772,0.00043468959062447195,0.2374315664552683,0.001063889164581522,0.003874153955166158,0.0006426063093605274,0.01923803881675254,0.007290950007109526,0.44224104420159494,0.0014074025079855385
IL_5632066,0.002294192381971872,0.1512803726862168,0.04469205490595631,0.021905409771848777,0.04828386466825904,0.007116019189126251,0.0008371343607275206,0.06985018101989328,0.6065691482690115,0.001625038125643423,0.04554658462134514
IL_5671982,0.025196168968895163,0.8605497864814086,0.000500913528433498,0.07051590872783559,0.001389242272098136,0.0061972066927068,0.00024224365690775012,0.008481283907863721,0.00415792099485966,0.022068346949270925,0.0007009778197201937
IL_5695938,0.15476352968246573,0.6147281101193323,0.00676268972355251,0.11085051682526408,0.015304169394198165,0.023278739652968422,0.003961151302568294,0.027157275804068515,0.01327880898978651,0.027032616625857035,0.0028823918799385294
IL_5698172,0.07160596835329035,0.5877143020563951,0.010845354960939288,0.052332334726047355,0.008996070584391832,0.15322044064767837,0.002114002770990271,0.026939389042587372,0.008857360895484952,0.071326343067349,0.006048432894846108
IL_5712655,0.1772682864665261,0.06387262305964707,0.0010400518442412374,0.3985546101271403,0.0044227000836622715,0.0011350360582112777,8.601525076125125e-05,0.011046955110805723,0.033911314490183045,0.3081784385827282,0.00048396892609344974
IL_5746899,0.0806466834441528,0.5292965361050237,0.00024068877810816164,0.10025967612631637,0.001091890476574312,0.0008268715827038325,0.0007717801705629372,0.010342760568825033,0.001982692175068925,0.2739274375679929,0.0006129830046711006
IL_5770284,0.0004155540427126552,0.0007381634509414203,0.00034928137691490744,0.005378912593992883,0.0007606240779477628,3.209176792210982e-05,6.771573229570154e-07,0.007416500483110664,0.9847116865760033,1.95386809587062e-05,0.00017696979217274387
IL_5841112,0.0016936803570756372,0.0024794497931546846,0.0007923016076351561,0.02037530991475471,0.0018822040516481013,6.8914951801247e-05,6.365166039889355e-06,0.013117831108981856,0.9590793597304594,0.00016079386330412947,0.00034378945514528366
IL_5873278,0.07616745215566312,0.34469554397246616,0.02030334239182816,0.103550598173276,0.05737132391901867,0.01803888394120011,0.01277002176583426,0.06854606025718393,0.09821179882908336,0.1622531333081337,0.03809184128631254
IL_5886154,0.4007532116562932,0.05792723704870682,0.003405291082474626,0.48144625572409805,0.004379141514951421,0.0021428562755808032,0.00021272410162808574,0.019227220125602677,0.026289230807106833,0.0036906045941848004,0.0005262270693726969
IL_5891440,0.13309167897420443,0.22506378598585708,0.001950869064730778,0.2536329225257564,0.005294035043115628,0.003292310890491497,0.0007260552447230906,0.006294102735521672,0.005143388111541592,0.3637205719547237,0.0017902794693341094
IL_5907718,0.08695541633736226,0.30551201282407614,9.561909921612495e-05,0.043342621766274,0.0005985869475281763,0.00046390981311271283,0.00011494535742432674,0.0009092399954634063,0.0005503886686871356,0.5611192308482089,0.0003380283426467961
IL_5913331,0.18040797534061428,0.721857072370452,0.0011302900997778311,0.036735859689967836,0.0016461675930678301,0.02420228597474288,0.000763429712982659,0.009685614607943838,0.002429266628229103,0.02024566264044281,0.0008963753417789713
IL_5917748,0.021666374321195274,0.8708524878051505,0.0008902639799364305,0.018777754734450494,0.0020523943898933857,0.0028333868519795097,0.000840497447716383,0.0014143264689229682,0.0016100576350113432,0.07346624826063428,0.005596208105109544
IL_5924119,2.439652670301608e-05,0.00012028452130922673,0.00012243786462504396,0.0011347997997984772,0.0001359245733497243,8.07300558346494e-06,9.745674837820706e-08,0.00766936996494314,0.9907343347324747,5.352059267704001e-06,4.4929495196961266e-05
IL_5926691,0.002355680648109203,0.016752246531042358,0.006664152137356397,0.0767261455404283,0.006053803654874819,0.002394133919728418,0.00010469909699337509,0.18694720282548782,0.6963563187972457,0.0005860176732250267,0.005059599175508531
IL_5932158,0.2314712180579352,0.4893369722494407,0.002158871435042106,0.09033039803709937,0.003757905223217099,0.015007198972691739,0.0013268828911648886,0.01128276478030647,0.005347406243780997,0.14769849504748758,0.0022818870618338013
IL_5978307,0.010311262237455482,0.050127721666405944,0.021909343846374454,0.11730123313065897,0.046258964642655595,0.007935042671297684,0.0007217842543656158,0.058502811122739536,0.664223455089729,0.003915578209747986,0.018792803128569825
IL_6000978,0.1308453293859214,0.563390864511462,0.00500069846453759,0.1797006578828704,0.014047485833082596,0.012046662055180412,0.00233928364991668,0.025011491452729993,0.013798882291759643,0.04924784747877888,0.0045707969937604275
IL_6012528,0.04500515111135868,0.5249578178433542,0.00017871575720538888,0.08102164287115696,0.0013459762076190329,0.000949324779750001,0.0002585226597753966,0.0018759467194458073,0.0014612865448141376,0.3420263816696003,0.0009192338359202516
IL_6031916,0.05432526860641672,0.5646737671941702,0.042486055474658946,0.06046972112091146,0.03485406559667198,0.13107145259789985,0.0025610595278111317,0.03476046825581347,0.03717508887824977,0.027923132825294544,0.009699919922102038
IL_6046824,0.048745326230051914,0.6170646795417921,0.0015839981277816874,0.06026238285532462,0.003885965841268796,0.004401487912176303,0.0018478983017109305,0.008689658068400786,0.008764177758815755,0.24176183437794424,0.0029925909847328684
IL_6051806,0.053390738418717505,0.3576925140735357,0.0064828829871024195,0.2655654521009932,0.0028808539725524696,0.005576675201991589,0.001633451091332097,0.2973818233821669,0.006640100095621718,0.0009907386669850253,0.0017647700090012617
IL_6066131,0.06658700098464775,0.782839301026981,0.0006824091254582548,0.025175649782992363,0.0019000564740868746,0.005268977778443271,0.0009662458188254533,0.0036644977349537364,0.0019065135892329427,0.10958352151104135,0.0014258261733370923
IL_6070882,0.17912587755627918,0.2244562973079135,0.007173152448254488,0.15785544575282498,0.012961294242667613,0.006405952477846354,0.00294688293338833,0.012660049446372262,0.016721400619801718,0.372337368720368,0.007356278494283632
IL_6075447,0.042681922413790416,0.6936764438367039,0.004393923003926885,0.09153927170793834,0.012612063694032083,0.014166895786629698,0.0015239080294439282,0.007930185513197999,0.01340960486463853,0.11604539670660802,0.0020203844430900938
IL_6099493,0.008881303678360992,0.8730629752567397,0.003143612558960617,0.05783280924092979,0.005138931073785016,0.005705471448442798,0.0018963974758539966,0.01729150691423486,0.010654377431853072,0.007985380291837119,0.00840723462900202
IL_6099858,0.030061935197355304,0.8809674041555302,0.00022087247330301022,0.05034682644222122,0.0006398871430357716,0.001926498314947877,0.00015446940872953884,0.002597344834178889,0.0009703164174779384,0.031831171637591485,0.00028327397562885376
IL_6129083,0.019642011946264006,0.034911681743806905,0.012559266785898696,0.08804501763815786,0.04053769309947597,0.004104245390781141,0.0003675868469281924,0.05459670163937731,0.7293331691133251,0.006864832020681834,0.009037793775303029
IL_6163594,0.19551622130969493,0.3033504530952335,0.0037429372396210374,0.23218664207590517,0.011350934335995237,0.006475238671107091,0.0011944489297950295,0.013053350502818662,0.014283698538572032,0.21565801640155186,0.003188058899705472
IL_6164735,0.025391866450962062,0.1933941778524585,0.0008703144772833917,0.19672475757953126,0.0037690811172237486,0.003987384518305973,0.0001705946029407803,0.010054850212111563,0.014600764739570882,0.5496918605079104,0.0013443479417014307
IL_6191818,0.006306770175504234,0.015565095811526243,0.0001334322445153357,0.2720663219697525,3.7706273360850755e-05,0.0003812346340708501,4.212412875973969e-06,0.0014416199981037612,0.0001978765620393456,0.7038389271655418,2.680275270924963e-05
IL_6197538,0.012475329779348645,0.5808978698347068,0.006910654478902259,0.13449030948797422,0.01823304134759881,0.004732181375131297,0.001288867245204292,0.08343556512214902,0.1259106676822555,0.026203889964818365,0.005421623681910737
IL_6214063,0.176576958528829,0.4806023273488764,0.001172792327750139,0.10906098488927271,0.004857768459270577,0.00755245426091683,0.0009635572177659369,0.007740999914763873,0.0049557054892252995,0.20489145080779275,0.0016250007555365152
IL_6247837,0.15235099435406757,0.6838153777175364,0.0005100927326283319,0.030573825233613863,0.002025846974630152,0.005082946854037831,0.0003981936920871101,0.0025970280961154627,0.0009451557647299105,0.1210969731712138,0.0006035654093395868
IL_6254530,0.014562143770950227,0.3711374696977554,0.015357239248825975,0.09447142958819486,0.014441172606721207,0.007422796410415345,0.0013272008668324012,0.29294464513924795,0.17750498449558538,0.007475735423357393,0.003355182752113866
IL_6298296,0.04134394966392502,0.8368474171938493,0.003331963419070887,0.04110830748059853,0.004363486737718364,0.027416341156919984,0.0013364770826548827,0.010942086586553594,0.003889354183681611,0.024192903861333402,0.005227712633694454
IL_6311333,0.03243392456290787,0.676817027584554,0.0011244717205881312,0.021650594000727528,0.0059316130844748564,0.0068489816861119135,0.0005722251909347911,0.0023806212592645763,0.003156752203394663,0.24702404893870794,0.0020597397683337713
IL_6364048,0.042864794646828436,0.661138060545063,0.014134997598836394,0.05830569587867867,0.0312696411068384,0.05960360310789854,0.002356652419450417,0.026230260914220423,0.019741669906173147,0.07004528794943152,0.014309335926581113
IL_6375582,0.03074894149022503,0.848177429865647,0.0019181062481580166,0.08542457129657914,0.006145289516442465,0.004022996559338271,0.0018536551354724664,0.006411321461413883,0.004366999159518814,0.008575097384412493,0.0023555918827922024
IL_6379178,0.03694023031858881,0.08834065236388416,0.003669579228075021,0.4370922750845894,0.003665109900136,0.009540626503988155,0.0003890164619059697,0.1288080406956686,0.26455557131822616,0.021145198515206232,0.005853699609731415
IL_6379354,0.5396202067619951,0.17392758699702346,0.0002529607668174964,0.24116527690326234,0.0026868082803747657,0.0010783161961950823,0.00025203110905439854,0.003663905298907446,0.0030419487140910637,0.034135612947505944,0.00017534602477289692
IL_6430602,0.04098967351931091,0.5456759120007784,0.010507633407091726,0.07520545309826004,0.007479112560168691,0.009875706979258768,0.0035311824042875964,0.009974047465285626,0.006409028252566618,0.26536925790866156,0.024982992404330016
IL_6444875,0.0657921469949369,0.8193554405286034,0.000765744063836558,0.06077545254993917,0.002670397710967289,0.0029643000642789745,0.00044335786148899496,0.00685670556549153,0.003930634790242702,0.034404160056209686,0.0020416598140046804
IL_6483133,0.0035431897629796105,0.012788065999560096,0.025236832113686075,0.023514146391620312,0.0367639240201051,0.003487765151422574,0.00030247778028088005,0.09063417075216107,0.7966197849039954,0.00087760094515763,0.0062320421790312795
IL_6492206,0.009371058027457808,0.8171556112112636,0.0024661449477123344,0.05732241457763736,0.010525404739307962,0.002202916222672049,0.00027258276012545954,0.041973035051775735,0.05320518707633189,0.004014524655341181,0.0014911207303746148
IL_6495967,0.18218975273150187,0.4805037397351105,0.007990955421438413,0.1235275009560788,0.005876255582761929,0.03275003153176362,0.0007523927222355424,0.028124085014600494,0.012960175151226746,0.12127848307410596,0.004046628079176092
IL_6516078,0.022621343599713586,0.1926836231273411,0.0001522659397263434,0.14355459266176973,0.00045202991403529695,0.00046790144014493065,0.0001252540870007578,0.0035140344872892845,0.0027097716126873407,0.6328695460412403,0.0008496370890512353
IL_6579859,0.0022534123076329484,0.15957346497959318,0.03580451794251727,0.053214223908222724,0.03448437581690619,0.0036463269821032673,0.000591805556201418,0.15850734637831215,0.5031190454900881,0.001438228231373769,0.04736725240704896
IL_6580455,0.03372365825091261,0.18606901582129404,0.012777959759351936,0.19214561408789804,0.011723383188268701,0.004257323979216156,0.0007308547855036745,0.23650775865739437,0.3142754281983592,0.00310556525002474,0.004683438021776586
IL_6580650,0.004856607162609051,0.03416285167271306,0.01315950183791116,0.04304664066826559,0.01063797278997164,0.0018602304082533706,0.00012548138313715103,0.1273644114392817,0.7607058154556352,0.0007755927761704422,0.0033048944060516863
IL_6601787,0.07290918250890005,0.7092805242018005,0.00903384657246681,0.06926704853648401,0.015333615121338153,0.013300414356609386,0.009809907539796579,0.02171232472399804,0.006217093963215424,0.06381498118577582,0.009321061289615053
IL_6603212,0.21649361940274847,0.2602709845227839,0.03191238384456262,0.26490764855357535,0.04390493247861585,0.020874819146791488,0.0005361608371488573,0.04234417918577743,0.11041117265312711,0.007096737671054965,0.0012473617038139633
IL_6607523,0.01277009724402806,0.5242537409716829,0.027687319631144514,0.0596666769293683,0.07687680330341341,0.027514985095468868,0.0008348202346991813,0.03222214273480321,0.2021655987693165,0.005122744814087216,0.03088507027198803
IL_6614720,0.13275739567538894,0.5579517427661053,0.007478135861475715,0.2011008996104243,0.006460104279328741,0.019214324063555648,0.0014000144294056716,0.01529950066223508,0.018865693456963043,0.029893778930679564,0.009578410264437984
IL_6615378,0.07696962936626228,0.7241570312697474,0.0015706660310873116,0.13827986898827316,0.0037383780580982494,0.003174670674783335,0.00034737096563512747,0.033233054465733394,0.013375239167219072,0.004668926719622755,0.00048516429353800874
IL_6619207,0.032630794817779536,0.9113513611405077,0.0007082014188551248,0.024287335795396596,0.002020438239486664,0.005729183335140603,0.0009175506263668818,0.007494494162051977,0.001845519607786829,0.012409989717007963,0.0006051311396199106
IL_6671454,0.25761844700137054,0.2733370665548078,0.0008376365793699768,0.06482226069250584,0.005387921138870976,0.004320551391441035,0.0016667866090306791,0.0053695228649055715,0.00268583007550478,0.38305818904803424,0.0008957880441586144
IL_6691109,0.022151376126821228,0.17327712234689824,0.0015408441900984441,0.08290995794060292,0.0016711615908880737,0.0034949658216962753,0.0005107878145485865,0.005717431655335688,0.0011030384390954343,0.70619214307287,0.001431171001145069
IL_6705688,0.07942727862699288,0.5921038595358764,0.0026292849969637017,0.10159677000465307,0.002183735019823761,0.007691481693707259,0.0008356873135508367,0.00674393876886922,0.005040332367950639,0.19615800396135458,0.005589627710257631
IL_6720101,0.10263809883219283,0.6009789647914069,0.00022016921349989505,0.07214562810521973,0.000771827282898246,0.002036989122118164,0.0002616340040725844,0.009206933720100983,0.00539590266174131,0.20548012407641797,0.0008637281903314517
IL_6730800,0.01387029164351411,0.7792019977817557,0.0009574212601490859,0.01734059466672018,0.0038605925863240487,0.004197523772822867,0.0005614384155650727,0.0032798456110837643,0.0013468494198769464,0.17130332263925388,0.004080122202934298
IL_6785749,0.06971488507718153,0.18370952524936546,0.00020528968371873033,0.1766821045218318,0.0007880127389114165,0.0006406341394086916,0.0001303266219953671,0.0013651183809863705,0.0012335993005842577,0.5650564752192065,0.00047402906680983723
IL_6799756,0.09239123630291163,0.7885118567867839,7.231720031859733e-05,0.03432846325605119,0.0010673262498182591,0.0008367863335042877,0.0001322603308748061,0.0008974669499523091,0.0008270414208223658,0.08069822331413234,0.0002370218548300426
IL_6928115,0.04010772057595048,0.05300806499570922,0.0007932267243133386,0.5838430176671893,0.0014736407714062796,0.010213611202488255,0.00020036976666475283,0.08685789562360799,0.12128252661205068,0.09969461422152039,0.0025253118390992898
IL_6943589,0.038575592814579396,0.24182473824838382,0.0004260799937998185,0.08730450800838216,0.0009388025419352083,0.0008057702505826372,0.000298821621673536,0.0018757666260601753,0.001339805745577667,0.6250031313930074,0.001606982756018088
IL_6964671,0.07684835507100485,0.5043347602588412,0.0018656513791736602,0.06702463525991631,0.007759702247111902,0.004372166788582006,0.001845606483411608,0.0036605221152385846,0.004462034835999569,0.3213678671492219,0.00645869841149839
IL_7115582,0.07806010436820549,0.5439718355859351,0.03445904011683788,0.07475212367513082,0.07324212162651231,0.05822122747810383,0.005760521505971295,0.052095682769634444,0.033791945183396885,0.03018641216166309,0.015458985528608776
IL_7148487,0.1427571377889319,0.7810597114673953,0.00017195595034120398,0.03809228618133534,0.0009259424559106426,0.0026901155809535638,0.0002136983940064545,0.002622363764267585,0.0005301193972854304,0.030766673631854563,0.0001699953877179461
IL_7214473,0.03897170464268515,0.754273544803409,0.009767428762839455,0.11994039629721655,0.010593139891412686,0.02842670185793247,0.0015295951281521754,0.011364219131297204,0.013123188902103771,0.008691601136753904,0.0033184794461976986
IL_7218860,0.0714184832121168,0.14319562111980982,0.006136443992594029,0.32524073849099494,0.006254916469309256,0.015791549587268746,0.0010201890026575549,0.3066937347791677,0.09884929478482717,0.018473494179989166,0.006925534381264795
IL_7220515,0.04357552749550374,0.7999408678235697,0.003462952887647715,0.05513034189459579,0.011062738529848768,0.016287903360439768,0.0010611734302685757,0.01095488053665138,0.008049565204903922,0.04311725564601396,0.007356793190556791
IL_7336116,0.0003374252319107104,0.0004890574308146916,0.0009233969954588875,0.007053938741991913,0.0010747280510523907,0.0001748476546290684,2.667806092670244e-06,0.050256446496731416,0.938910373830209,4.551757242451181e-05,0.0007316001886848069
IL_7352985,0.015811416405024557,0.8098204302354842,0.0012591224241556807,0.11159253160115701,0.009076096494316638,0.0006600473154939271,0.00026385271786257995,0.004269920179218989,0.04145022214906706,0.003636302943242623,0.002160057534976547
IL_7359666,0.17121125658317543,0.6741199719961124,0.0001283743431406696,0.12090897388082714,0.0010557531222074082,0.0014368475553297063,0.00010202376790318856,0.0037505681110567603,0.003165058557124329,0.024055312439820814,6.585964330216155e-05
IL_7360646,0.06608079457303963,0.7173760640941946,0.00018090469693782127,0.0879955153175569,0.0006991022297657933,0.002281660445203842,0.00014756657494366707,0.003610074909025282,0.01616667416668757,0.10383900159073964,0.00162264140190528
IL_7392612,0.11243170795801433,0.6950646109186318,0.0007177277691419905,0.10263988230007154,0.0025815471567021855,0.0035117167434529626,0.0015830814751963658,0.010020894546533439,0.0040400327855577185,0.06667067763687401,0.0007381207098237332
IL_7432503,0.009373735452885043,0.028775275404720652,0.012379379530638586,0.060371244265389826,0.016858749182879457,0.002984720102844844,0.00020856251550907504,0.10734722036542921,0.7546329253142605,0.0013090701121767402,0.005759117753266199
IL_7433595,0.008024995320565715,0.8751534810270423,0.002735754735519382,0.047295915435306216,0.011270597492040523,0.007888216310304097,0.0003377925253717914,0.012308494508707643,0.028178451134413262,0.004443053042596695,0.0023632484681321815
IL_7436788,0.5942205087879154,0.03603950221399327,0.00047150631340130047,0.25024282088005023,0.00010347572360883651,0.000586619628581301,2.8587302168075423e-06,0.007660077857543119,0.0025892658360926733,0.1080625909482191,2.0773080377852112e-05
IL_7451087,0.04826490546050284,0.38168822223757004,0.0001482964461009424,0.16105998617159673,0.0005389452544717753,0.0008179384411765642,0.00025788598834845285,0.00282146429416707,0.00200400090102025,0.4007843119740946,0.0016140428309507602
IL_7452804,0.07533674062057377,0.14464788098206724,0.00012827992494779308,0.11120213998092955,0.0005217328651144182,0.0002806658266453427,0.0001248454602455626,0.002656718229910724,0.001491679745561219,0.6633124583705885,0.0002968579934157229
IL_7462703,0.027024674798162188,0.7024347794427658,0.014473271713998367,0.04857723151376912,0.030801397094163213,0.02187276349200122,0.0050036005603427795,0.007957958606383228,0.031950535928978965,0.07107866036954136,0.038825126479893814
IL_7464129,0.00021378656413275217,0.0005836940254502247,0.0023565462306812854,0.0033263337157295597,0.0013630231938466168,0.0003301702015908378,2.626035111281194e-06,0.0411594344680132,0.9498498204797663,6.461532162884525e-05,0.0007499497640491026
IL_7475868,0.041588325278231406,0.7949023260812177,0.001257895709036828,0.12064557167487276,0.0026793765603225863,0.004269459157380432,0.001110234370376743,0.013365810755770806,0.008970582948162407,0.009598560057975283,0.0016118574066530038
IL_7505442,0.13912175806613014,0.4802663412963457,0.0005885448439476458,0.08532761934462588,0.0019198648486527308,0.0028068337976986817,0.00020458531723640156,0.0029145634096441227,0.0009256492195006808,0.2854425646358496,0.00048167522036832926
IL_7512996,0.03261215984962687,0.5858390329554571,3.999789403202945e-05,0.057913980654901324,0.00022622874769566263,0.00029801550042576284,2.43850534638039e-05,0.0007046095770904409,0.0005243947134038761,0.3217189373863706,9.825766753256059e-05
IL_7557824,0.013491859317276172,0.42847624119614053,0.0004031611272717681,0.026020593294971993,0.0010020500308074857,0.0015653127144221097,9.655536218375324e-05,0.0007069133621512248,0.0004344199949738121,0.5262799868474594,0.0015229067523418029
IL_7559500,0.021432098345146037,0.013393904035517925,0.0033053599764446776,0.09455299812189276,0.005057191149095314,0.0006757429148408472,0.00011455606137155471,0.21030674820750128,0.6494891788862042,0.000917841150307019,0.0007543811516785014
IL_7580080,0.00552861691331101,0.07941754034276134,0.02750711080303172,0.05023326953700368,0.01926553830761635,0.008312382090070052,0.0011982359887241665,0.3336956809700082,0.4605456832710083,0.002334204826112095,0.01196173695035314
IL_7604960,0.054940660658787124,0.7542537023873686,0.0034896046838589065,0.051783516983901004,0.0076487932110968024,0.020334110339836342,0.0018070752250786911,0.0064501531985135035,0.012236434523569255,0.08445319009957808,0.0026027586884117544
IL_7612830,0.024279961527604046,0.8675183175303093,0.0019918261051901573,0.058140156316661674,0.007351484811405958,0.004289544953388822,0.0016671081619285106,0.007741308952378368,0.009394560551235113,0.01478785563808737,0.0028378754518107443
IL_7636226,0.20937399557551334,0.5139648181832067,0.001639079555867882,0.19493714708682502,0.003658733884412739,0.004690551640978393,0.002091625096998697,0.03959890988555637,0.00654336727839803,0.022310151427492184,0.0011916203847506185
IL_7640681,0.03144510251225224,0.7994775943157619,0.0001750040296768588,0.011434275045866676,0.0010023853372438762,0.0014483817566883959,0.00023133621033419836,0.0004983862103937788,0.00032154669276778175,0.15309931487807335,0.0008666730109409637
IL_7667532,0.06446517937020564,0.7329752796165256,0.0022398488556354956,0.11865835511107045,0.00546570068186973,0.006376903521304112,0.0013105125922764208,0.007344175838157484,0.0044351590565031,0.05393696121677521,0.0027919241396767167
IL_7720827,0.019218450072605704,0.5618282208862475,0.029457117153503475,0.042804602171722654,0.009297543980939675,0.15156015808135492,0.0029159644273852358,0.012927287423978645,0.006208126590547215,0.10937955881972809,0.05440297039198677
IL_7744265,0.02435214500259935,0.68022046838517,0.0321924344089025,0.06888704397992582,0.05844981958695768,0.021811634846215473,0.0007732318833337979,0.023750811290935286,0.060391817122104625,0.018617558910519038,0.010553034583336377
IL_7750228,0.09379899717373227,0.6879687717759452,0.008264832813895812,0.06063798239120513,0.024162777524646704,0.018720717524230653,0.0015802351925740658,0.015094930455343146,0.020279987971383383,0.062312504769660465,0.007178262407383144
IL_7772384,0.05309760734672238,0.5404829865644181,0.0012465851645539394,0.08190309788784175,0.004975910443970277,0.004628544485671152,0.0005973664465987254,0.003278587308606664,0.003042797759536796,0.3028088755026336,0.003937641089446699
IL_7777526,0.007648092956717827,0.3245016694330371,0.001984141493684306,0.38149808705537275,0.0045952800266619185,0.0020842447966221167,0.00011174589506686836,0.05672085545692286,0.21400009785141783,0.0023915711384373236,0.004464213896059054
IL_7780812,0.12095899395120988,0.6287385811495139,0.0010118769685054016,0.12975823851064433,0.008457044935899197,0.0029431595095782757,0.0005642043803480354,0.00928023786045654,0.01591500258586593,0.08112009984662134,0.0012525603013573017
IL_7814962,0.0018912929117114465,0.808374502733037,0.00305208188050685,0.028587368369138468,0.019216244293360746,0.003505574998502235,0.0010037536644055998,0.06028251913689325,0.040147683254100994,0.00892334191358828,0.02501563684475513
IL_7839360,0.022750177181177486,0.4579319804890093,0.05495859104607728,0.07780243279585224,0.05478194581357113,0.035430851071801286,0.004851773979643824,0.018532623985238427,0.04910564690800791,0.06624306825792955,0.1576109084716915
IL_7845741,0.09884638692588933,0.6362386404249984,0.00107182745896124,0.05964283371533146,0.003122136180666542,0.006538336199544232,0.0010229902614007308,0.010211089755460192,0.005468605794281345,0.1758404484368667,0.0019967048465997584
IL_7858220,0.026200263153262158,0.9061875058321296,0.00020416826801641122,0.01657533768113567,0.0005447645937231378,0.0024705929308797697,0.00015827629473550488,0.0011707431937613502,0.0019353761496390964,0.04221269593999346,0.002340275962723922
IL_7877903,0.04742975705434553,0.04794829234418416,0.008392922480552243,0.2292461769339843,0.007115042429484804,0.00222276915506946,9.345275429909111e-05,0.07775582023991562,0.5771122886774662,0.0011031654494578368,0.0015803124812408579
IL_7896836,0.1977533493459064,0.6306921096663358,0.00042780514761307613,0.08998220365215776,0.0016062777491955347,0.0038835467193828266,0.0003473342556303099,0.009431124906307958,0.016232094950123066,0.04854262371555545,0.0011015298917916834
IL_7914681,0.012317344615553387,0.835660945153643,0.005012791093120014,0.02186419797940727,0.004624141923819531,0.010061057949837231,0.0023542928619681245,0.003914884283203574,0.0019901322221517613,0.09171664798296811,0.010483563934327858
IL_7917684,0.009334204755927777,0.05664835139710058,0.008816216169083482,0.13102514615829403,0.005584935048135334,0.0071617083371294755,0.0007259236400513859,0.6393756485315124,0.1353617863554603,0.0016303891992369838,0.004335690408068136
IL_7919145,0.03772522370950785,0.8667065380304247,0.0015635215840447058,0.04239877647646033,0.0024922544431355553,0.019707911157310794,0.0010642794106832999,0.0051993320297363315,0.002297155722198993,0.01995874308032651,0.0008862643561707559
IL_7944285,0.0146316582170244,0.015437648662414337,0.0001671763341125664,0.829317175569402,0.0005883616024547959,0.0013158473077408122,6.779298490899966e-06,0.011916171612588176,0.07084393161516514,0.05531081073796212,0.00046443904264483577
IL_7945525,0.16521362935305584,0.5455767266890232,0.007343248201238944,0.0562059004165881,0.01115400898634527,0.04713368514241888,0.003161467677929425,0.01673676080418735,0.007037226460016603,0.1361041378381837,0.004333208431012704
IL_7955621,0.014115897234044859,0.8589067068810796,0.000510068778698218,0.0958806646161299,0.003815945804618698,0.0010004539919806065,0.0002595764704008685,0.0032637855923404774,0.01512442727319168,0.004086026883644932,0.003036446473870097
IL_7983237,0.0005971142227079773,0.010027490405663754,0.004224707797222134,0.014228054724862552,0.0030737068241887106,0.0010265326737491716,2.2550994945283512e-05,0.18804654210985314,0.7762187897001984,0.00013777385478738033,0.0023967366918215037
IL_7988157,0.05974505198499662,0.564612666605634,0.02397541687296749,0.1336153870144614,0.021077422488786246,0.03442405182479183,0.00423459453514597,0.03714516370525938,0.03706472055688843,0.06784499566738256,0.01626052874368602
IL_8041132,0.0863497715983624,0.29729552606694765,0.003475707741408958,0.18545407534039282,0.004036250312697407,0.004391684449995687,0.0006107421714033234,0.008226259848024983,0.003932750069037417,0.40232955483271676,0.003897677569012546
IL_8073225,0.03488202917236632,0.314862602960697,0.00015064885380075029,0.04698057220963556,0.0005101408819471855,0.0006264892626000236,0.00018364986074119032,0.0014139970631465984,0.0006440402008271323,0.5993666620439172,0.0003791674903210399
IL_8136561,0.042320044004203666,0.3929895006680679,0.0026868653323996413,0.030282537092400044,0.006696283749352445,0.00474910935132981,0.002230070942459411,0.004800145399334033,0.003945639243727431,0.5028384706953781,0.00646133352134739
IL_8138997,0.04167157050706903,0.8957805730871067,0.0004510604910235512,0.02513450217102892,0.0032214070638996884,0.0019377577293940395,0.0006092551356261237,0.0021276017287445385,0.0006649706413555604,0.02752265602700822,0.000878645417743652
IL_8139746,0.033145430460786184,0.7979946962979088,0.0009145313440514378,0.14776500222559844,0.004201333938849455,0.0012344550996153019,0.0002125091162930355,0.0021031168341265087,0.00766555891310942,0.0041849341589514175,0.000578431610710111
IL_8183381,0.14298824236452895,0.7207602167830012,0.0003475971621425999,0.08492323951444092,0.0029914540890374685,0.0023225140785693033,0.0004100597615005095,0.0019666136296770907,0.004297004269258774,0.038743510217943075,0.0002495481299000974
IL_8191336,0.02000991339874333,0.9053789406676416,4.23959247960192e-05,0.03868199327524034,0.00033093683470381496,0.0007983028767771859,5.814260968457057e-05,0.0010242293819775435,0.0019461034827389612,0.03140690903452539,0.0003221325131713577
IL_8258340,0.017408366378535167,0.08333469074060494,3.95350197656838e-05,0.03336011255043289,0.000271444816510583,0.00014218702081309466,5.278244503873863e-05,0.0002877289207050602,0.00015721141369335346,0.8648566144024796,8.93262914210344e-05
IL_8288616,0.3491289550749843,0.04728825954134509,0.011588308407487074,0.44016300105336226,0.004606321679390372,0.014485546782214863,0.0007203406129646999,0.10135371839239526,0.02627841668176814,0.0035132776045386904,0.0008738541695491088
IL_8295267,0.2031841155803645,0.46003861015646086,8.018454315816813e-05,0.1209576789277325,0.00122101375100772,0.0006597633636785576,0.00017529787059311448,0.002298827211807207,0.0019371958529192563,0.20925838344633743,0.00018892929594071148
IL_8342281,0.012102186008367401,0.9461944004244498,0.00047514131600900607,0.009860801804593278,0.002417799956926488,0.003367861161371554,0.0006188529681070345,0.0019640116878278545,0.0006075216667733253,0.021272969562312463,0.0011184534432617122
IL_8371338,0.04838610880904502,0.29579672380582134,0.00038729458651195255,0.13448803123835099,0.0015750211279534918,0.0020236892415503344,0.00016309685925890648,0.0023938216484726406,0.002234123350009576,0.5119970441116112,0.0005550452214145947
IL_8415316,0.01780032794027238,0.2668646503129469,0.05689251768921651,0.07590087749335482,0.04819884519446608,0.046638628359285006,0.010708687373666658,0.17943198058384194,0.05541649262830145,0.020689372694978957,0.22145761972966932
IL_8416177,0.02843757170127296,0.15488906950336723,0.03756393331045769,0.1497214544951752,0.033498030810116264,0.018226497718931176,0.006471991199405853,0.42453219388455704,0.1135411245954413,0.007690791076126739,0.025427341705148473
IL_8416753,0.03304570205891204,0.7827923481228198,0.005385221456927974,0.09510010202268987,0.0045881949662336455,0.02533496655800077,0.0012557111775139752,0.01549375313774115,0.007528310556311308,0.02342686857446427,0.006048821368385106
IL_8449784,0.04866624100181339,0.7201195575582696,0.006129376463151111,0.15036374858880608,0.022104444044135394,0.0036142146403777215,0.0007453829364082013,0.013129757288172873,0.02827828710780024,0.004909199250028187,0.0019397911210371818
IL_8456893,0.026337555924447087,0.9084025530927948,0.0006587553797114612,0.017795624564701573,0.0018623910616722564,0.0057037057146578545,0.0008135659310732283,0.0028231483442439946,0.0020011708881424676,0.03145957434362341,0.0021419547549317076
IL_8510989,0.037659480413502866,0.8074841834967615,0.0008095544281364856,0.09031496475780643,0.0019382689254643615,0.0040197262245611175,0.0002572814682192357,0.018753067826393327,0.008351449587073262,0.029335056743389584,0.0010769661286918635
IL_8524892,0.413352835687603,0.09912632568088145,0.006968428700853615,0.4029025304615891,0.00576666434932094,0.010566429171248965,0.0021698674588212616,0.02232420383759892,0.011541865811192395,0.023768655367363164,0.0015121934735271747
IL_8562073,0.023929136706778938,0.4145755257816568,0.022825132655698088,0.08977036005080186,0.017254516314115093,0.014967501127337673,0.004096906729415345,0.01348354714358723,0.10695523584861341,0.0810186194439046,0.21112351819809103
IL_8576492,0.12431952408578292,0.04083387083637112,0.000745761072040251,0.26387395153026805,0.0018125942567207398,0.0009806580517494655,0.0002524645436758188,0.006140053184492206,0.003567757723509854,0.556762636979131,0.0007107277362586124
IL_8579370,0.07633295296648196,0.07192526401355423,0.0013866000672253377,0.6513447965470365,0.0020615369110811984,0.0018422861618502691,0.00011866022288818884,0.015136006541018812,0.03189129786375752,0.14642891393346508,0.0015316847716410381
IL_8580922,0.11727685863534659,0.7740634773389512,0.0004437982472139091,0.07220093820358867,0.006124830942505886,0.0013276907625220137,0.0004018171330997853,0.001741684993955164,0.003255548523946057,0.022772971614158314,0.00039038360471245996
IL_8587951,0.058485676333339266,0.40069316906031127,0.0007553092072433707,0.15901844840276805,0.0015689420111599135,0.0011322416016930161,0.0005893935527922866,0.004464956052666786,0.002955998587042877,0.36802897049716177,0.002306894693821405
IL_8698362,0.000785593047860965,0.006111082504699361,0.004851304589588929,0.0239235199125426,0.0022466307949900693,0.0007627904061296563,2.2192212271602514e-05,0.3193039994678979,0.6406579822898844,0.0001633396867427808,0.001171565087391838
IL_8706018,0.07427753647268275,0.8350450645305407,0.0007549639512385773,0.010458477350907585,0.0015948619962582998,0.01679733929566139,0.00015779383077241038,0.0032032343756372263,0.0008716777684412839,0.056324358648527584,0.0005146917793321462
IL_8779223,0.11508548939387614,0.39323394950088875,0.0009607956658924696,0.11759540867157256,0.005983341864134636,0.003181382592599805,0.0014192879940780325,0.006003802447951842,0.009842580729005106,0.34522273468376885,0.0014712264562318869
IL_8807227,0.0317473865756695,0.887932466214057,0.00033649025576919825,0.04337520022572103,0.0017170112004217999,0.0016252937111938866,0.00033600625237507556,0.0021025902272014726,0.005415139724540244,0.024079074161976778,0.0013333414510741824
IL_8864283,0.0010866666962658328,0.00540158000593074,0.013710370600055054,0.016858792976058575,0.009211628687152883,0.0016543898995134436,4.971096959457367e-05,0.030224481048547726,0.9165321673528298,0.0005504438802154681,0.004719767883835824
IL_8869852,0.03966260335146666,0.7795086693162903,0.005493952779232044,0.04545323439770936,0.015455255874599907,0.009822596800920893,0.000728766910955861,0.008339603183806835,0.010697226868685229,0.08031830170952513,0.004519788806807701
IL_8892064,0.21000313638481583,0.11087354744688925,0.0034625987191174564,0.2039289052313561,0.003263077871046508,0.00383725150575763,0.0004609172025920632,0.020132001002717576,0.008228199922141419,0.4330573487786509,0.0027530159349153207
IL_8894007,0.0006278975970659417,0.011876975139382705,0.0021455714622755366,0.025105332694194453,0.0009178293963833121,0.0005257321493915701,1.7479695349958795e-05,0.5797587913811295,0.37858850434312064,5.799268866211324e-05,0.00037789345304427925
IL_8908749,0.034352535179958225,0.20817814000534143,0.000972197111790205,0.1513426334351414,0.0009689101424491005,0.005282857567797531,0.00017695300317824818,0.004519739094939206,0.0016432642471547508,0.5919266944827934,0.0006360757294565214
IL_8914785,0.03271345792435003,0.05409946001550927,0.00014160379767487702,0.049726430418863335,0.000946815613111401,0.0003255764472588452,0.00016398052703777192,0.0007464154966386238,0.0005763755887408449,0.860266256031367,0.0002936281394479553
IL_8947300,0.029539735753750806,0.7544104551790322,0.007060586012709509,0.10818909597044839,0.005907006127681823,0.03419094541271278,0.0008727878760663181,0.033108991558902554,0.016380855921485422,0.008542048427560109,0.0017974917596500417
IL_8974391,0.0731903352447981,0.30354598569655744,0.006197174411744733,0.03191291299850181,0.011336702270779521,0.006483095419509617,0.001249351241448668,0.006470362694980761,0.004727300066484867,0.5465688779856827,0.008317901969511904
IL_9036064,0.05281355808559343,0.8317483593016534,0.0003658719877950656,0.08035368649724191,0.0024801283782725013,0.0013967326698823125,0.0006187496837611623,0.007214065855626644,0.008859199176080444,0.013153083255277524,0.0009965651088156883
IL_9058117,0.025086851302040795,0.78667331493082,0.005116254619068637,0.06837372273826478,0.0076913318458223965,0.013772927216127443,0.0028472413991502896,0.017164071841514823,0.00798184888729544,0.05952584356648539,0.005766591653409878
IL_9061839,0.11905026556636679,0.4446734782305428,0.0030801457196060434,0.1564555240820273,0.007171464834005823,0.0044366656951988735,0.0015347395477519766,0.007322369005777343,0.020250211247969316,0.2288127131180835,0.007212422952670351
IL_9079153,0.05238750076213111,0.7800966062707015,0.0006787599409719562,0.021483636307741624,0.001288984022322837,0.0034725021498548756,0.0018020017745222204,0.0023956638925727892,0.0008278855292148144,0.13367480290947428,0.0018916564404919583
IL_9143254,0.0927217789096714,0.26146870824986723,0.0012147378784164748,0.06280501258706016,0.003545606830933984,0.0022175078837055203,0.0006673035866009095,0.0026620203328429136,0.0015506399177681192,0.5696426027874305,0.0015040810357028205
IL_9155981,0.1598665754507535,0.4762397966030204,0.002397935697172773,0.13821988139716213,0.005283219523952075,0.0074824469801442915,0.001701264533732318,0.010220689932304922,0.0135443511818278,0.18089885307179154,0.00414498562813831
IL_9157122,0.11858592659883005,0.7515196431308531,0.001344293114298454,0.054884757553050834,0.004663755670558337,0.0045857060885289985,0.00023174172660174404,0.018085540311187486,0.04041799885090247,0.005085059978009391,0.0005955769771792216
IL_9227624,0.052165309194159876,0.7662471475976713,0.0026892921749664587,0.11816469200609471,0.007941310352466585,0.0039613178893007335,0.001018024289352594,0.004512278903084988,0.023887606365783957,0.014919016002924656,0.004494005224194068
IL_9237017,0.02891724075651604,0.7229768286649905,8.20452594312555e-05,0.021927259978743646,0.00048020942729700013,0.0009578744606912029,5.052657495403826e-05,0.0006325816369042826,0.00022075647155045652,0.22364279319030494,0.00011188357861666702
IL_9273684,0.025245035385783904,0.04027827183252823,0.004244536799759766,0.47173357271392874,0.0004805848470956684,0.004870289708225075,0.00010453827415622666,0.4397056841256545,0.012220352019478966,0.00040205332129330433,0.0007150809720957368
IL_9311083,0.033972705312593006,0.8136345881404861,0.0021836749156250138,0.07052324528990984,0.010218319015408348,0.0039672754674574505,0.001771268927602902,0.0041707521716437875,0.01066699639123518,0.04343532862441459,0.005455845743623863
IL_9322263,0.005021281342018971,0.3239209022626006,0.020200631506931438,0.078764832646715,0.02591592857782434,0.00831405509330937,0.0007860399905905754,0.08858644357214861,0.3243854000562279,0.0034768585225786013,0.12062762642905443
IL_9341332,0.12035494464445859,0.7591993500347889,9.834665904543229e-05,0.09856324257483277,0.0008503627894328594,0.0006046151151211041,0.00012459684828633935,0.0032767852577784396,0.001402401437574015,0.015489843899183302,3.551073949814531e-05
IL_9345649,0.03071056960413914,0.6365520986635899,0.0009555057378814276,0.10468853185282517,0.0036143322716309196,0.0016001590288051352,0.0014237076780552987,0.039953582712805386,0.014657435585929201,0.16397531849691327,0.0018687583674251828
IL_9406058,0.10019456306435923,0.08614511484715026,0.000197356368263763,0.16129511075760483,0.001666716657092733,0.0009409751238444999,0.0002585379090041291,0.0025270699784898398,0.002071268824786345,0.6441334409812637,0.000569845488140733
IL_9407964,0.009308252199614326,0.933613435740913,0.00018684222959512871,0.03033501779344639,0.0009139914153625627,0.0016725891043029174,0.00019098185382010238,0.0013709312801819527,0.003500500076761469,0.01585137371516641,0.00305608459083566
IL_9409250,0.08175607762763229,0.6609141760936968,0.0016923626717142404,0.09613375767242376,0.0038970870620037737,0.006386862835111917,0.000969812068715161,0.007513703782230074,0.008735751241739262,0.12712972124878064,0.004870687695952068
IL_9427286,0.06271559510838107,0.05781864667420999,0.0019779990326553036,0.13972411657541722,0.002062728280787507,0.0008117628835268618,0.0006127253581094021,0.004981321701796453,0.0022902950536865096,0.7255619094138631,0.0014428999175664864
IL_9436519,0.004519734066250004,0.11432896544938462,0.0013680982438811417,0.0864679156773107,0.0017154780239720811,0.0005340466999016022,7.622625877922404e-05,0.44669425400176666,0.3434791299213961,0.0003800101607105685,0.0004361414966472985
IL_9503512,0.038856551403211315,0.8833845693272836,0.0015963733767345477,0.03568198199361125,0.006091589528146834,0.0067884480463570205,0.0013825359820834307,0.008409891590964483,0.003453919959121232,0.011712480011550267,0.0026416587809360826
IL_9521484,0.19411813801349162,0.2111040338455439,0.0006864632031958978,0.0942780764369005,0.004550961703589489,0.0020992177053978543,0.0005221696404780225,0.0034852709071018268,0.0024022324328885156,0.48578075435276,0.0009726817586523214
IL_9540224,0.07970674355689009,0.5602873997989628,0.002003003860898618,0.22852002632778534,0.006279170004446077,0.0017874133900731982,0.0004942565396425034,0.0698846657587496,0.04329128007742947,0.0071351293674994905,0.0006109113176228855
IL_9561518,0.01828310842879539,0.061078118155041945,0.00011683747014770806,0.11283027695719995,0.0004203657692586001,0.00023013209379391586,9.945050031022817e-05,0.0008957683919733664,0.0005837208450332802,0.8051017582328772,0.00036046315556831327
IL_9572511,0.027169386793934762,0.7883881028278621,0.0003676667025811883,0.16879355001375257,0.0010666907922246961,0.0018662419122311685,0.00019161970779795541,0.003914882410180013,0.0029826172778633616,0.004661562646885367,0.0005976789146869261
IL_9601760,0.06382120513687897,0.8443653787035725,0.000287079176828975,0.07812600407453206,0.003248773598795387,0.000605680227596215,0.00016696991772320873,0.0021196970103129166,0.004189814749847522,0.002884939884418905,0.00018445751949338588
IL_9615893,0.0017724191247894476,0.9409381620006256,0.001514741253190377,0.010668399101885377,0.013916080122088392,0.0030028762680716515,0.00036123540930796004,0.002162587975349229,0.005233464276017606,0.014418225821840241,0.006011808646834149
IL_9620950,0.022069878816628023,0.8998212619480623,3.420538441653062e-05,0.027097587895267568,0.00015938943470011118,0.0006291926470228567,4.035464812996872e-05,0.0005621191608924613,0.0010776831922348976,0.04771341352166962,0.0007949133509756785
IL_9623576,0.27511678059182254,0.08980642595566196,0.009788446414779247,0.47868614860652603,0.0037187049617481843,0.008275934698286469,0.001378225015531252,0.11053382543063534,0.018085561298576892,0.0030574471048766846,0.0015524999215554198
IL_9647002,0.011650721027675406,0.8987114777663705,0.0015592645048359704,0.015731029166812925,0.003675263996318288,0.01053033192012615,0.0006730733830070527,0.0038775036645529617,0.0021961212684062895,0.04009139546178448,0.011303817840109953
IL_9655170,0.23362843050033383,0.23722960871480525,0.0012382511919867957,0.07034827684286545,0.00415657215392526,0.00255856100782179,0.0005311622707840034,0.0038829240581615704,0.0018280163575014586,0.443182999824275,0.001415197077539473
IL_9669202,0.05099733215919347,0.8102980819004781,0.001093712116930838,0.0753965631219288,0.004801696810198127,0.0025608332072334164,0.0008975199099584737,0.004379150238579812,0.006293939472437627,0.042213947366847714,0.0010672236962135813
IL_9675212,0.0002197617743155404,0.00036060812277134555,0.0011001679395717199,0.004539923734013535,0.0007261809540481959,0.00010661012133179004,9.561537557857257e-07,0.04819620560625994,0.9445788211732132,1.4253943142870145e-05,0.00015651047757611332
IL_9675469,0.03714232251847789,0.1301041405346807,0.005971439493896207,0.2625822357950732,0.006695354333012387,0.0032223809972053586,0.001062024646129052,0.024440482737091845,0.015000648422187783,0.5072771114592594,0.006501859062986212
IL_9692632,0.05716234911654159,0.38327352141361426,0.05006790559439722,0.10554692503661456,0.07341721502913219,0.026550292118017932,0.012052930754114234,0.02626399071972264,0.12887281461941502,0.07388883136775298,0.06290322423067739
IL_9693077,0.006253155800201409,0.0602587941538523,0.08757762712087921,0.04812505076394419,0.038615990818733195,0.0381846005111301,0.0020742963466655615,0.14017224424392163,0.44976931414705,0.005663891730420272,0.1233050343632021
IL_9695113,0.029102878583053205,0.506727756642315,0.0004139911699637155,0.07240707481571684,0.002711991660168595,0.001012599633496659,0.0003498971959787827,0.0018523397896585325,0.0018866719360205232,0.38188308037201874,0.0016517182016094643
IL_9696386,0.12133546715275899,0.638478978468638,0.0012777383651310808,0.1497147895614132,0.0076631232818727855,0.0026811394420516326,0.0020399534321627237,0.007846847278829155,0.009442246748251473,0.057794620572583694,0.001725095696307374
IL_9697828,0.05201653264135133,0.44828205949633815,0.0004705346647420623,0.20862412835627053,0.001265121758058835,0.0007630716223515981,0.000483203855981054,0.007712446989859797,0.002412131172924199,0.2768424817978101,0.0011282876443123378
IL_9702105,0.13361056839840202,0.74242957886752,4.816831409476802e-05,0.0763578550565911,0.0003413235078695314,0.0012231255919932656,3.176319259656226e-05,0.0018936440138796538,0.0010288652141305428,0.042996635722311966,3.847212061057507e-05
IL_9713310,0.06957822665085069,0.07486208973029766,7.977451781879263e-05,0.07324960000092692,0.0004492269275820626,0.00024960355046412913,8.113846466532886e-05,0.0010802746148471788,0.0005092322282651138,0.7796552558270251,0.00020557748725712782
IL_9722277,0.00391593395243249,0.024788159082556646,0.02597366089096284,0.06575797300182734,0.010145621619771809,0.005070830256559213,0.00030069909879844575,0.5654270177744593,0.2884238816960141,0.0005030159540592748,0.009693206672558668
IL_9728655,0.1906585637542233,0.3835751592929214,0.009219489410949413,0.1369995397374688,0.020064915374201926,0.017209104012828814,0.007426850545202073,0.01703628947701195,0.017332600221637608,0.18899060647286714,0.011486881700687648
IL_9747613,0.13094161914314253,0.0757242826734567,0.0004898380307074765,0.17345255294403372,0.001853150845021918,0.001408075759783149,0.0003843403473029471,0.006627157755355596,0.004170226978754412,0.6040877282670176,0.0008610272554239308
IL_9776207,0.010626558469734544,0.19472817036690152,0.06090129043378059,0.10840596113023707,0.058440041018538766,0.01807709978461946,0.0033095158853654817,0.13245777521217666,0.28571381030547394,0.007702538748033876,0.11963723864513802
IL_9785286,0.0005666360532516827,0.0008671748835984356,0.0012294870186765228,0.008305930674137384,0.0016659249263265726,0.00011596682425347908,2.123642707091265e-06,0.011619384113827944,0.9751812934747321,4.392961328205701e-05,0.00040214877520658183
IL_9794109,0.0014231608500533386,0.003515769185668088,0.01614732566420287,0.01373875488078588,0.0038252118248389188,0.0023278638547154155,1.980058608192697e-05,0.1738756527347837,0.783455234842209,0.00018336093337259604,0.001487864643288303
IL_9810905,0.038160732986981326,0.5589344366098922,0.023071654442585108,0.13845329685024452,0.02010240937979845,0.032606999471831793,0.005319589938022416,0.0374895358293669,0.05325089911345755,0.07526723841342929,0.017343206964390453
IL_9831983,0.00969512396906999,0.641289511086037,0.010537500671758052,0.08630257588166793,0.011704027418307573,0.011100181928486183,0.002556192749279426,0.1486280379684546,0.05078955170084854,0.016082549697678878,0.011314746928411924
IL_9896495,0.26238494445045196,0.46734962832260724,0.0010904931965610906,0.1450732633074615,0.0036880171136804618,0.005724766020137618,0.0011630187159128893,0.007094025637591603,0.0063136164562874846,0.09953332937904251,0.00058489740026558
IL_9908692,0.04147039168788051,0.648705389810976,0.015781260607199615,0.056986064274718,0.02417018951262755,0.051186590012683116,0.007305820957409809,0.0215685522508387,0.02023188987507609,0.08603299131844419,0.026560859692146242
IL_9914512,0.08106401512653955,0.3457806660731445,0.002171864508756695,0.1197080925492978,0.004659708118009474,0.005821766204395531,0.0008565647382829748,0.006116444371675685,0.005159211070073952,0.4258089770594321,0.0028526901803917933
IL_9931816,0.10025713324386823,0.059186604635885265,0.010956137039686144,0.41050610177911157,0.005326706465433871,0.003524237104131687,0.00032923934688300826,0.26526717140852163,0.14231741249240012,0.0010325514107083896,0.0012967050733700453
IL_9962396,0.030951530284747432,0.3479321030693052,0.00022527906751293092,0.10782976967462869,0.0005042845896105366,0.0005011986385865458,0.00010066744846447397,0.0015372092183005871,0.0006196543936762929,0.5093007050975425,0.0004975985176245818
