lesion_id,AKIEC,BCC,BEN_OTH,BKL,DF,INF,MAL_OTH,MEL,NV,SCCKA,VASC
IL_0006205,0.03568645427003503,0.7012313157320023,0.0014510802866425365,0.020253546768799424,0.00031869206577539444,0.0008404844193137251,0.000485011150885839,0.0028214441263116896,0.0024767468858044595,0.23345754109323025,0.0009776953083928674
IL_0025400,0.027997805969789624,0.7915124297142029,0.00035685053444467485,0.15227050334215164,0.0013557885540649295,0.0010763523750938475,0.0005365337783587165,0.003983681002864614,0.0058104825438931584,0.014853931148536503,0.0002456659094605129
IL_0039001,0.01100173348095268,0.5749807581305504,0.0029731001413892955,0.2744257152080536,0.00359501046477817,0.07324133301153779,0.0032035463955253363,0.02914499188773334,0.016862922348082066,0.005751089018303901,0.004819806606974453
IL_0046799,0.005476388847455382,0.10448858141899109,0.0005713328973797616,0.20205166190862656,0.0008823657262837514,0.0002665276206244016,0.0005939901457168162,0.0016726888716220856,0.003804065752774477,0.67986661195755,0.00032576737794443034
IL_0054262,0.0025170186709146947,0.39286545291543007,0.00869559112470597,0.010409109061583877,0.07821394456550479,0.003701704350532964,0.0013635202631121501,0.058520093094557524,0.43511639535427094,0.001964675640920177,0.006632490956690162
IL_0056788,0.4219605401158333,0.34754528850317,0.0004023538604087662,0.13396782241761684,0.0006458884381572716,0.0009595656665624119,0.0007410646903736051,0.0014267493097577244,0.019958538934588432,0.07213986665010452,0.00025230236497009173
IL_0093956,0.0405878652818501,0.7943548411130905,0.02914968179538846,0.015629435540176928,0.0010267307661706582,0.02398290135897696,0.001650957332458347,0.035449064802378416,0.011127923615276814,0.04264206439256668,0.004398566437885165
IL_0103904,0.27848908863961697,0.18197854980826378,0.0017909085436258465,0.10322562046349049,0.0005949883852736093,0.003757024824153632,0.0005628431499644648,0.0035150240582879633,0.006756292365025729,0.41896312683820724,0.0003665315998659935
IL_0118369,0.0038225618773140013,0.04198194062337279,0.003825913940090686,0.05682720569893718,0.017358780081849545,0.006190491432789713,0.003722807508893311,0.11431353725492954,0.748748704791069,0.0016380330198444426,0.0015700494113843888
IL_0151990,0.0005820362421218306,0.0045340354554355145,0.0007315452021430247,0.006253202387597412,0.0011011814349330962,0.000248709005973069,0.0004546319651126396,0.03083255677483976,0.9548287093639374,0.00027989969385089353,0.00015350597641372588
IL_0171236,0.019717125920578837,0.4629439190030098,0.0142502561211586,0.07351226545870304,0.08459133561700583,0.0406294206622988,0.004250272613717243,0.0591173698194325,0.02994408900849521,0.10501899849623442,0.10602494236081839
IL_0183960,0.05028404761105776,0.25460105389356613,0.08337933756411076,0.02658841642551124,0.032693857909180224,0.12364099733531475,0.002943381463410333,0.0875080805271864,0.30099744349718094,0.01266463054344058,0.024698741734027863
IL_0207706,0.002858865511370823,0.020115313353016973,0.008342648361576721,0.30869603157043457,0.0014426552515942603,0.000701307988492772,0.002080526959616691,0.5560279190540314,0.09473238606005907,0.0017185512988362461,0.003283801837824285
IL_0207891,0.4783649332821369,0.15676546655595303,0.00225829886039719,0.10006913263350725,0.0022123238013591617,0.001954164486960508,0.003457904327660799,0.005276870331726968,0.004911510273814201,0.2440498974174261,0.0006795018525735941
IL_0225203,0.0182198123075068,0.8212843239307404,0.0007384311393252574,0.07061260007321835,0.04700406454503536,0.0008186726336134598,0.0016066724856500514,0.016703706700354815,0.018583716358989477,0.002945188170997426,0.0014827985578449443
IL_0227635,0.35386477783322334,0.5020071566104889,0.00024107814897433855,0.06826875545084476,0.000660384823277127,0.0004972280657966621,0.0010116841149283573,0.0012565457727760077,0.0017797345644794405,0.07002287358045578,0.0003897744172718376
IL_0259815,0.01610074017662555,0.01483655022457242,0.006659918974037282,0.7203505411744118,0.0016127180788316764,0.001968326832866296,0.0015348882297985256,0.07816522568464279,0.1574972216039896,0.0009604174847481772,0.0003134861190119409
IL_0260810,0.010163194267079234,0.8656113594770432,0.0005217398720560595,0.078530746512115,0.0034873302502091974,0.0006116148324508686,0.0007184249261626974,0.009165258787106723,0.011478411150164902,0.017639325698837638,0.0020725878785015084
IL_0262469,0.2651321403682232,0.05417838925495744,0.012272445455892012,0.5072172582149506,0.0007282754449988715,0.007265909545822069,0.004763955163070932,0.12476807553321123,0.018128107767552137,0.005148101772647351,0.00039736679900670424
IL_0267598,0.03672399651259184,0.0941231120377779,0.0004172665903752204,0.5670860782265663,0.00243514048634097,0.0018333070765947923,0.009502660017460585,0.026320132426917553,0.22543047741055489,0.03557898569852114,0.000548820047697518
IL_0312376,0.017385814106091857,0.8681543171405792,0.0016225395156652667,0.07112864591181278,0.0024695218162378296,0.006319211330264807,0.001801681035431102,0.004708387888967991,0.003303749253973365,0.019968322245404124,0.003137797742965631
IL_0331012,0.08380438480526209,0.8121679276227951,0.0022288807667791843,0.0648782355710864,0.0015392625064123422,0.0006463356185122393,0.000324870403346722,0.005998024425935,0.017527123796753585,0.010638412786647677,0.0002465141333232168
IL_0344325,0.05153834307566285,0.7698144018650055,0.012752107926644385,0.06945193465799093,0.007872061803936958,0.03689465345814824,0.0029764334321953356,0.011818982195109129,0.025048644514754415,0.01140616461634636,0.0004262481706973631
IL_0403731,0.08980738744139671,0.0827820161357522,0.00012414321645337623,0.18196918070316315,0.000617596109805163,0.0007450053381035104,0.0013952297886135057,0.002018384271650575,0.004525377677055076,0.6357810348272324,0.00023464894911739975
IL_0404181,0.043522472493350506,0.8089873939752579,0.0003569950713426806,0.11809849925339222,0.0009636696195229888,0.0003201353520125849,0.00017692622168397065,0.003749421623069793,0.007289019413292408,0.016353293089196086,0.00018218948389403522
IL_0465184,0.01626038266113028,0.8907089382410049,0.00039915113666211255,0.07990674301981926,0.0007081620715325698,0.00021009355987189338,0.0007268564077094197,0.003515080490615219,0.0047888802364468575,0.002609476214274764,0.00016625460739305709
IL_0492696,0.000860185333294794,0.0063417862402275205,0.0016081089415820315,0.03296114969998598,0.0012708178837783635,0.0009853835435933433,0.0014017592911841348,0.138420008122921,0.8147457391023636,0.0005136867075634655,0.0008913901110645384
IL_0560781,0.02142377500422299,0.1204486284404993,0.02795207849703729,0.4999791383743286,0.01882702810689807,0.03097318555228412,0.0050422090862412006,0.13613533601164818,0.1322695706039667,0.0023730953689664602,0.004575943690724671
IL_0575017,0.05581745505332947,0.2707376517355442,0.002149310879758559,0.3551308251917362,0.040633006719872355,0.00525849184487015,0.0011164332972839475,0.033040066715329885,0.20862316712737083,0.021780995884910226,0.00571262021549046
IL_0578791,0.01231646107044071,0.7262474894523621,0.007285079045686871,0.021222698036581278,0.007969350612256676,0.1204005447216332,0.01936828624457121,0.021430899621918797,0.01956653338856995,0.04235677234828472,0.0018358635279582813
IL_0611781,0.027018240187317133,0.8635646551847458,0.009482977446168661,0.01238289033062756,0.0007527893831138499,0.000818432388768997,0.0012808247192879207,0.03575417725369334,0.04271104093641043,0.0027498246636241674,0.0034841544402297586
IL_0649132,0.012903743889182806,0.5228139758110046,0.005558190401643515,0.33215342089533806,0.010424088803119957,0.002194687578594312,0.0015863998560234904,0.02178173721767962,0.018265972612425685,0.07062193565070629,0.00169580546207726
IL_0704269,0.1237743180245161,0.3401118814945221,0.0002917587917181663,0.05023213196545839,0.0008617305647931062,0.00043941839248873293,0.0008481893855787348,0.002536031708586961,0.0026851739967241883,0.4772682264447212,0.0009511449898127466
IL_0718371,0.03899526223540306,0.11867009289562702,0.0019794083200395107,0.10660819709300995,0.0008441986501566134,0.01160950755001977,0.0015378496027551591,0.003372648323420435,0.00840843643527478,0.7069521620869637,0.001022225958877243
IL_0721442,0.009629072272218764,0.041476696729660034,7.997705233719898e-05,0.07332957908511162,0.00022175540289026685,0.00013159519858163549,0.00021134010239620693,0.0005350546016416047,0.0010758811695268378,0.873150572180748,0.00015848171096877195
IL_0754056,0.055349395144730806,0.8583356738090515,0.00035923866016673855,0.05496581271290779,0.00040014304977376014,0.0003026164613402216,0.00019260549379396252,0.0089518305612728,0.006297221756540239,0.014662473578937352,0.00018297898532182444
IL_0808321,0.020075924578122795,0.03609107993543148,0.008054009173065424,0.08263239450752735,0.01656337024178356,0.022159635554999113,0.008157331612892449,0.5215567201375961,0.2812520954757929,0.0022651553445030004,0.0011922936973860487
IL_0854378,0.11064810305833817,0.1203516237437725,0.0024384767457377166,0.2867848239839077,0.0011829896902781911,0.0025699346442706883,0.0005673649902746547,0.003131293982733041,0.010371416341513395,0.45565055683255196,0.006303408823441714
IL_0895462,0.011584579944610596,0.6269083395600319,0.00030127091667964123,0.30246997624635696,0.006757980212569237,0.0007949378341436386,0.0008374644094146788,0.005556213087402284,0.003459382918663323,0.03881527343764901,0.0025145566469291225
IL_0928130,0.06428720406256616,0.04996475577354431,0.010566455428488553,0.6660527214407921,0.023793984903022647,0.0022611981839872897,0.0074525956297293305,0.027139336336404085,0.13756238389760256,0.008518559508956969,0.002400793309789151
IL_0977585,0.031165593769401312,0.1674074698239565,0.00026118901405425277,0.2411840818822384,0.0004669565023505129,0.00034940401747007854,0.0005496673984453082,0.00187732839549426,0.004279197426512837,0.5521389618515968,0.00032015167380450293
IL_0977986,0.00346042966702953,0.9647115170955658,0.0007429780271195341,0.01313122222200036,0.001593900058651343,0.00022371976046997588,0.0001582957829668885,0.004046921414555982,0.005991051904857159,0.005450513737741858,0.0004894314770353958
IL_0996202,0.0036779105139430612,0.013589964248239994,0.0029354541038628668,0.01621465041534975,0.010433935734909028,0.0005648870719596744,0.0016124404064612463,0.1722802259027958,0.7768024429678917,0.0008692079718457535,0.0010188649757765234
IL_1009731,0.06183050572872162,0.37800975516438484,0.0045425046409945935,0.10593297332525253,0.013795829494483769,0.003249043395044282,0.003666533186333254,0.012816361617296934,0.0066677548456937075,0.39116401225328445,0.018324701813980937
IL_1011664,0.02921002684161067,0.2987632155418396,0.028699317947030067,0.11091306246817112,0.001749844494042918,0.002461880270857364,0.005456872167997062,0.2315950896590948,0.2648054026067257,0.007674311054870486,0.01867098780348897
IL_1020124,0.05884090904146433,0.5316333100199699,0.04015817679464817,0.02843782538548112,0.004606511909514666,0.06741725699976087,0.001808057859307155,0.11995896324515343,0.08007784653455019,0.007506085559725761,0.0595550537109375
IL_1024284,0.05828890111297369,0.3252701759338379,0.0008980538477771915,0.01719304290600121,0.0004908450646325946,0.0012653091544052586,0.0012933423931826837,0.0021262003865558654,0.002978459175210446,0.5891380682587624,0.0010575924097793177
IL_1024365,0.17852324806153774,0.5070348978042603,0.0004195852961856872,0.12652678973972797,0.0053479711641557515,0.0022730565979145467,0.0050450309936422855,0.007602612138725817,0.008826476987451315,0.15728167816996574,0.001118642663641367
IL_1080907,0.01830180245451629,0.9092400074005127,0.00028073982321075164,0.04102539923042059,0.0012508689396781847,0.0002992464978888165,0.00031211573150358163,0.002457496797433123,0.005312611348927021,0.021205499419011176,0.00031421900712302886
IL_1159502,0.022555946139618754,0.833307534456253,0.00023749372121528722,0.12945074122399092,0.0008216612986871041,0.000356480941263726,0.0007362166361417621,0.002168136721593328,0.0029585807060357183,0.007161727466154844,0.00024545802079956047
IL_1183203,0.15713045746088028,0.48999232053756714,0.0021080727165099233,0.03458818048238754,0.00129913110868074,0.008718138793483377,0.004287559597287327,0.0032749047386460006,0.00354682287434116,0.29451943933963776,0.0005349700586521067
IL_1236220,0.004809829930309206,0.16101623512804508,0.0006580708577530459,0.08011750504374504,0.0007031810964690521,0.0005805034888908267,0.00023986802443687338,0.0027744302060455084,0.0022753537341486663,0.7464494407176971,0.00037558492840616964
IL_1246958,0.003925274970242754,0.04082175903022289,0.029932605801150203,0.02040850929915905,0.089834650978446,0.3116373270750046,0.009352756693260744,0.04150700569152832,0.42758776992559433,0.003444263624260202,0.02154808514751494
IL_1248470,0.049222311936318874,0.41864675283432007,0.005049219529610127,0.11104140430688858,0.0035784292849712074,0.012870698497863486,0.006244823453016579,0.24904045090079308,0.135294945910573,0.006345895817503333,0.0026650598301785067
IL_1266003,0.0037608487182296813,0.0502899419516325,0.003133685124339536,0.1364310011267662,0.0016288527840515599,0.002004210604354739,0.0020960714755347,0.29914863780140877,0.48794832080602646,0.002637809026055038,0.010920641419943422
IL_1298091,0.019475613022223115,0.7985327690839767,0.00157480216876138,0.08148772269487381,0.007410594436805695,0.007000209880061448,0.002340922481380403,0.010489047970622778,0.03218394983559847,0.03797357948496938,0.0015308050205931067
IL_1418346,0.07426788937300444,0.6846131011843681,0.00030688215701957233,0.02167730312794447,0.00026455057377461344,0.0002709830259846058,0.0008360738356714137,0.0043973951251246035,0.0026485990965738893,0.20907458290457726,0.0016426284564659
IL_1420891,0.0011514146608533338,0.007239948550704867,0.010654410463757813,0.003676454769447446,0.0007510380237363279,0.0007229889379232191,0.0007928738559712656,0.08588864794000983,0.8833487331867218,0.0004913942975690588,0.005282068799715489
IL_1431089,0.013423470663838089,0.8532305955886841,0.0010988088470185176,0.011571924202144146,0.020378644403535873,0.0011028016815544106,0.0006228230122360401,0.020162312779575586,0.00791427562944591,0.06828225264325738,0.0022120947542134672
IL_1450991,0.02097874996252358,0.5334708765149117,0.00015105134843906853,0.023622873704880476,0.0014561717689502984,0.0007672359606658574,0.0016971652512438595,0.0024683383817318827,0.0016198572411667556,0.41303975880146027,0.0007278998382389545
IL_1497560,0.01638419250957668,0.6172305420041084,0.005534921656362712,0.3041781112551689,0.005343401979189366,0.0023272711696336046,0.0012229541753185913,0.006881675450131297,0.025897220009937882,0.0143168835202232,0.0006828327022958547
IL_1502550,0.00932828988879919,0.6309518739581108,0.018497549695894122,0.03420224832370877,0.1084385346621275,0.03998228185810149,0.0014367692929226905,0.07614284800365567,0.056837193202227354,0.011851007351651788,0.012331408564932644
IL_1515580,0.09573822794482112,0.6653968170285225,0.0239601896610111,0.0417374731041491,0.0020602945587597787,0.027638881467282772,0.001575646601850167,0.025322104571387172,0.007343926990870386,0.10608418472111225,0.0031422632455360144
IL_1562660,0.016808708431199193,0.8899413794279099,0.0025034298305399716,0.021332570118829608,0.0015331801259890199,0.025392822455614805,0.0006472730165114626,0.004239363071974367,0.014295792439952493,0.009225493180565536,0.014080026594456285
IL_1574123,0.14975719153881073,0.10591444931924343,0.0006526532961288467,0.15415926836431026,0.00391910583130084,0.0005518250982277095,0.0025821722229011357,0.4131062515079975,0.1636929214000702,0.005018969881348312,0.0006451808840211015
IL_1619785,0.0020939465903211385,0.013628519838675857,0.023977935314178467,0.03748205676674843,0.0024641118361614645,0.001597006368683651,0.0010901451751124114,0.753473736345768,0.16214500181376934,0.0008010418387129903,0.0012464996689232066
IL_1633612,0.11181379482150078,0.21434257179498672,0.00014606802687922027,0.09944149479269981,0.003018530987901613,0.0008062765482463874,0.0012356869992800057,0.0015173909050645307,0.0016836922150105238,0.5649121031165123,0.0010823776246979833
IL_1641818,0.13057138584554195,0.27429548650979996,0.007301794772502035,0.3013680726289749,0.0011162913142470643,0.012348027375992388,0.009624506579712033,0.21354840509593487,0.03580959583632648,0.013546476140618324,0.0004699810051533859
IL_1643221,0.13908087648451328,0.3910205736756325,0.012438544654287398,0.227914746850729,0.0006301785615505651,0.005398229433922097,0.0022274470538832247,0.013197687920182943,0.009915848379023373,0.19632357824593782,0.0018523056351114064
IL_1664752,0.08757556416094303,0.2853694185614586,0.0011312057249597274,0.09140843478962779,0.0007152670150389895,0.0237459548516199,0.0025760798307601362,0.003384691837709397,0.01182707876432687,0.4817368686199188,0.01052942976821214
IL_1681515,0.11083131097257137,0.5312192514538765,0.0008749674962018616,0.08453974965959787,0.00110354543721769,0.0005862112520844676,0.0013675412483280525,0.0034960069169756025,0.0040634580655023456,0.2563190869987011,0.005598873482085764
IL_1688338,0.009455034276470542,0.8329536020755768,0.0007646855301572941,0.07129724230617285,0.0030709903221577406,0.014657407067716122,0.0009669841820141301,0.007688481127843261,0.011984369950369,0.014273540349677205,0.03288763226009905
IL_1706933,0.06437823874875903,0.8108085989952087,0.0005119715606269892,0.04688368225470185,0.0019245108414907008,0.010506480000913143,0.001814795017708093,0.007307118270546198,0.008934826357290149,0.04051661165431142,0.00641316304972861
IL_1860067,0.008649475988931954,0.8367898464202881,0.0005280821060296148,0.12900678161531687,0.0007758278952678666,0.0013422675838228315,0.0004091360133315902,0.00458148994948715,0.002746731595834717,0.01499964203685522,0.00017070483590941876
IL_1884002,0.04112981632351875,0.454717755317688,0.008756360242841765,0.42338471859693527,0.008820169838145375,0.0036902657302562147,0.0009098857917706482,0.01174996409099549,0.01816648244857788,0.027794683584943414,0.0008799179340712726
IL_1897663,0.023268975550308824,0.017245408846065402,0.00020676146777987015,0.10806690156459808,0.0005313153378665447,9.197109920933144e-05,0.0005081045746919699,0.002517246874049306,0.0015950937377056107,0.8456478714942932,0.0003203522828698624
IL_1901178,0.16393657680600882,0.5005225539207458,0.0005138773085491266,0.20381689816713333,0.009483081172220409,0.0009904445323627442,0.002984438237035647,0.002629256559885107,0.006733845453709364,0.10775280743837357,0.0006362135318340734
IL_1935222,0.048469454515725374,0.8684943616390228,0.0007328448700718582,0.014690750860609114,0.0004756398848257959,0.002396954136202112,0.0016150407609529793,0.0021526796044781804,0.002219749992946163,0.05750004015862942,0.0012524932972155511
IL_1968737,0.01159422448836267,0.0848534144461155,0.017705892445519567,0.014652538346126676,0.016947159776464105,0.22239099629223347,0.0013773876271443442,0.18978523649275303,0.2192776259034872,0.013033082010224462,0.20838245749473572
IL_1976391,0.0011839564685942605,0.008350705727934837,0.0009027731503010727,0.045804645866155624,0.0018595743022160605,0.00040939154860097915,0.0010865612712223083,0.6323564276099205,0.30689022317528725,0.0005734410733566619,0.0005822770981467329
IL_2021485,0.043404235038906336,0.11607362888753414,0.0005788344642496668,0.028032192960381508,0.00042254000072716735,0.0005400833360909019,0.001204409243655391,0.0019059869518969208,0.0025763478479348123,0.8048529475927353,0.0004087913875991944
IL_2031231,0.007428547367453575,0.8974267691373825,0.0005509415350388736,0.0248659485951066,0.00167877649073489,0.0007208123861346394,0.0008540258277207613,0.004146098450291902,0.006127282744273543,0.055605409666895866,0.0005953875879640691
IL_2042306,0.002548522286815569,0.03410623222589493,0.03448689426295459,0.02221015770919621,0.013075768598355353,0.019027765723876655,0.0031750214111525565,0.08016977552324533,0.7864825874567032,0.0008578577544540167,0.003859436576021835
IL_2057670,0.005115354142617434,0.19590549170970917,0.00431813282193616,0.0947038009762764,0.000989061692962423,0.00022176910169946495,0.00036020672632730566,0.0054956815438345075,0.007551359478384256,0.6846055313944817,0.0007335985137615353
IL_2058271,0.22815345600247383,0.38089779391884804,0.00244255673896987,0.3154446892440319,0.0007502384105464444,0.0024631150299683213,0.00021521389862755314,0.010180729790590703,0.030856747645884752,0.028206160757690668,0.0003892862005159259
IL_2068901,0.5784896090626717,0.06150525435805321,0.017849966883659363,0.2672644704580307,0.0012221310389577411,0.001940751462825574,0.0030068574706092477,0.05063642654567957,0.012871026992797852,0.004317094979342073,0.0008963980726548471
IL_2076993,0.05988628603518009,0.3546979948878288,0.001504862870206125,0.3368128016591072,0.0005312319844961166,0.0008181415723811369,0.0017735218862071633,0.002769366925349459,0.006979648722335696,0.23179405741393566,0.0024320528318639845
IL_2078226,0.04761323146522045,0.18599528074264526,0.00970396341290325,0.6035362631082535,0.0038823728100396693,0.0005766095855506137,0.005573397094849497,0.08006996102631092,0.052878225687891245,0.007606604602187872,0.002564065740443766
IL_2081710,0.0008166089828591794,0.004528935824055225,0.0017039055965142325,0.006017572653945535,0.000764599913964048,0.001196104487462435,0.0010751230365713127,0.043375357519835234,0.9387889802455902,0.0003586701859603636,0.001374143743305467
IL_2085556,0.08684367034584284,0.8023886829614639,0.0013383696059463546,0.05811958387494087,0.0003868441272061318,0.0012805859150830656,0.00048715084631112404,0.002108507469529286,0.008186621591448784,0.038465061224997044,0.00039493713120464236
IL_2090864,0.07096183486282825,0.7293044924736023,0.0006853230370325036,0.1612616889178753,0.0017089255416067317,0.00048124433669727296,0.0028563429368659854,0.006645410903729498,0.00815462414175272,0.017168962629511952,0.0007711666548857465
IL_2144290,0.0005970913189230487,0.0075418734340928495,0.007544967113062739,0.010327325318939984,0.0017627315683057532,0.0007117395725799724,0.0007551375601906329,0.09705126192420721,0.8730026334524155,0.00041979590605478734,0.00028544578526634723
IL_2157015,0.3379351533949375,0.511661134660244,0.0011246766080148518,0.06279992684721947,0.001737272017635405,0.0029301880567800254,0.0033391362230759114,0.004134660353884101,0.0054011678439565,0.06837506499141455,0.0005616100897896104
IL_2190574,0.03354142024181783,0.8122149854898453,0.0033212921262020245,0.012280778377316892,0.00045754551683785394,0.001235863492183853,0.0005707266282115597,0.001943303650477901,0.009483826346695423,0.12436452321708202,0.0005857135001861025
IL_2207792,0.006771682237740606,0.03834889316931367,0.19893240462988615,0.06617047730833292,0.008380366314668208,0.0071569226565770805,0.0028553214797284454,0.17472496256232262,0.4857602193951607,0.005128020391566679,0.005770732939708978
IL_2254004,0.1066549327224493,0.7389304339885712,0.0006622289729421027,0.10689475201070309,0.0009483054163865745,0.0018783753184834495,0.0006932343676453456,0.0035604016738943756,0.009012067515868694,0.030534279998391867,0.00023097384837456048
IL_2274232,0.0562365772202611,0.39126821979880333,0.00031012143881525844,0.4963536858558655,0.004116058174986392,0.0027021683054044843,0.0005287483691063244,0.004041968553792685,0.017821128596551716,0.02625142876058817,0.0003699018961924594
IL_2283965,0.025872009806334972,0.04808594100177288,5.574045735556865e-05,0.038992822635918856,0.00018458741578797344,0.00016068720833573025,0.0004049563176522497,0.0005511508134077303,0.0009084222620003857,0.8845584392547607,0.00022525352687807754
IL_2330498,0.3631259799003601,0.3557172119617462,0.00042321631372033153,0.12216407246887684,0.0012696260964730754,0.0015657691255910322,0.0011551314310054295,0.008192711917217821,0.008961746352724731,0.13683446869254112,0.000590100375120528
IL_2354191,0.0032056203635875136,0.019623846746981144,0.010954349592793733,0.07464429643005133,0.0031232552137225866,0.005184756271773949,0.002967255306430161,0.1546689048409462,0.7230325937271118,0.001615053421119228,0.0009800625848583877
IL_2424578,0.0004451858621905558,0.0023180585994850844,0.0002805390722642187,0.002566033392213285,0.0005836707532580476,0.0002131631445081439,0.0007978555368026718,0.023650017799809575,0.9688378721475601,0.00014692931472382043,0.00016069263438112102
IL_2440740,0.0015420081472257152,0.006735631264746189,0.0003618407208705321,0.005745190312154591,0.0025291399797424674,0.0007792767210048623,0.0004201898045721464,0.0715756630524993,0.90792416036129,0.0005042499797127675,0.0018826564337359741
IL_2451306,0.00977535976562649,0.6064969897270203,0.01862022653222084,0.03937052795663476,0.03276752447709441,0.032126783626154065,0.0016255197551799938,0.07094603404402733,0.09224385023117065,0.023764726473018527,0.07226244453340769
IL_2508459,0.003921262454241514,0.03621646692045033,0.004037284350488335,0.06517456937581301,0.00043921264295931906,0.00045239997416501865,0.0011245962959947065,0.8737008422613144,0.009910561086144298,0.0014292277191998437,0.003593564120819792
IL_2512501,0.43430057540535927,0.0640236996114254,0.024575713789090514,0.32326778024435043,0.0018359487876296043,0.0019320217543281615,0.0007885171144152991,0.1357631329447031,0.008110849768854678,0.002932143281213939,0.002469637125614099
IL_2520283,0.15677789598703384,0.23215729743242264,0.032013135962188244,0.03825767710804939,0.0013122598320478573,0.002283445297507569,0.003913788998033851,0.014986680820584297,0.004991878988221288,0.509660616517067,0.0036453327047638595
IL_2532113,0.06541729858145118,0.769103616476059,0.004359908227343112,0.037140145199373364,0.0006451199005823582,0.0313247877638787,0.0020095491490792483,0.004170254978816956,0.0038300366140902042,0.08151818811893463,0.0004811001199414022
IL_2541202,0.0741977235302329,0.755335658788681,0.002744417346548289,0.045352192129939795,0.02936679939739406,0.0047685898607596755,0.003748348564840853,0.009713604464195669,0.01551316399127245,0.05580817209556699,0.003451349475653842
IL_2542731,0.005703788832761347,0.0419987034983933,0.001448060036636889,0.04102709563449025,0.0026274045812897384,0.0008151363726938143,0.0034126668178942055,0.4234902486205101,0.4711155369877815,0.0013896337477490306,0.006971726892516017
IL_2564178,0.018535459879785776,0.4380699396133423,0.0018288210849277675,0.02102398034185171,0.0005897911105421372,0.0008894838683772832,0.0022941844654269516,0.005901947268284857,0.004392281640321016,0.5044311881065369,0.0020429217838682234
IL_2579528,0.14602956362068653,0.07746014185249805,0.05594647326506674,0.2595042772591114,0.000967057429079432,0.0034855820413213223,0.004394354356918484,0.43620407581329346,0.013339552795514464,0.0021949272777419537,0.00047397988237207755
IL_2580737,0.06005343748256564,0.8573560118675232,0.00025989581990870647,0.059708346612751484,0.0023658256250200793,0.00033445675944676623,0.00018588666534924414,0.0009421254508197308,0.003118978813290596,0.015240577631630003,0.00043445625851745717
IL_2620364,0.23454955220222473,0.4079972356557846,0.001207560591865331,0.31802823767066,0.0006279358349274844,0.000840768487250898,0.00275679724290967,0.024197989841923118,0.00750250369310379,0.0020427863637451082,0.00024864070292096585
IL_2631882,0.06336388923227787,0.6738861128687859,0.0012230053107487038,0.16656012274324894,0.00975288450717926,0.0026716508145909756,0.0026200460270047188,0.024819910526275635,0.01705150562338531,0.03655822901055217,0.001492660929216072
IL_2632245,0.029838724993169308,0.08476762101054192,0.00021713424939662218,0.2751571275293827,0.006995637697400525,0.0009256348275812343,0.0010715255775721744,0.004851268022321165,0.007608131039887667,0.5879138335585594,0.0006533721170853823
IL_2667257,0.01043577742530033,0.8573614060878754,0.0011124880547868088,0.05725719407200813,0.005072308063972741,0.001171204901766032,0.0015154434950090945,0.04108833987265825,0.016915405401960015,0.007595017435960472,0.00047542097308905795
IL_2673683,0.12437904439866543,0.5610470175743103,0.00030892447466612794,0.04829457029700279,0.009393017739057541,0.0009882074664346874,0.0023590854834765196,0.003945853473851457,0.004311243683332577,0.24115905538201332,0.0038139865500852466
IL_2695389,0.008830373641103506,0.948993518948555,0.0020066002616658807,0.011060021119192243,0.0031711540650576353,0.0008622677632956766,0.0002507782992324792,0.005339389375876635,0.011676520807668567,0.007600443088449538,0.00020893832697765902
IL_2697064,0.012411178322508931,0.7610595524311066,0.001436713311704807,0.07101231813430786,0.026431444217450917,0.0017323027714155614,0.005625304009299725,0.07998802978545427,0.022926578298211098,0.01647053938359022,0.0009060213196789846
IL_2701771,0.014490499394014478,0.6374298557639122,0.004087194713065401,0.061963360756635666,0.007744305883534253,0.06899370718747377,0.001198428202769719,0.03712221002206206,0.10392526211217046,0.011343884514644742,0.05170132499188185
IL_2713699,0.13873787224292755,0.6057986691594124,0.0013574787153629586,0.1876027211546898,0.003278221352957189,0.02349436399526894,0.0014349057455547154,0.008809531689621508,0.0139425084926188,0.015127220889553428,0.00041652858635643497
IL_2726821,0.07309327274560928,0.8019802123308182,0.0008846437922329642,0.10742763802409172,0.0008470130123896524,0.0019649681635200977,0.0009306806095992215,0.003792137431446463,0.0033649068791419268,0.0054586895275861025,0.0002558325995778432
IL_2729600,0.06125377491116524,0.7045170962810516,0.004540991329122335,0.1483249831944704,0.005647704019793309,0.0016374329570680857,0.004342981977970339,0.01928116613999009,0.04037514771334827,0.009790640906430781,0.0002880864340113476
IL_2741580,0.032910026144236326,0.7278967350721359,0.00034766595126711763,0.020341880153864622,0.000857603685290087,0.0007071601321513299,0.0011506460141390562,0.00147924198245164,0.0018952987738884985,0.21043929271399975,0.001974472470465116
IL_2778741,0.05055556586012244,0.6106718182563782,0.0035223609884269536,0.2076824251562357,0.02127033146098256,0.014935515588149428,0.006723978498484939,0.027142525650560856,0.027255952125415206,0.029485551174730062,0.000753976266423706
IL_2784674,0.02173239109106362,0.36188195273280144,0.0003804130828939378,0.09241604898124933,0.0006958207886782475,0.00043577335600275546,0.0013397841976257041,0.003926965990103781,0.0032714619301259518,0.5134586617350578,0.0004607161317835562
IL_2788623,0.16495021991431713,0.5123009830713272,0.008075263467617333,0.12420387379825115,0.00427483074599877,0.017160559713374823,0.0008167063715518452,0.12492424063384533,0.016580975148826838,0.025491316569969058,0.0012210265849716961
IL_2824067,0.030216284561902285,0.7420394867658615,0.0008411321250605397,0.11563391238451004,0.004348826303612441,0.002840149187250063,0.0005689653116860427,0.005376120563596487,0.02677670994307846,0.06823120079934597,0.003127209929516539
IL_2840498,0.030974216293543577,0.7831595242023468,0.0021512005623662844,0.10758564434945583,0.005374305270379409,0.005991855199681595,0.0010883952490985394,0.008564446703530848,0.03710537916049361,0.017121043987572193,0.0008839866786729544
IL_2844654,0.015993165783584118,0.03549312520772219,0.005439880304038525,0.10134137608110905,0.006760709919035435,0.002317395541467704,0.009420296410098672,0.30936942249536514,0.5087436959147453,0.0035444627865217626,0.0015764727286295965
IL_2849392,0.022956668166443706,0.5640938431024551,0.006580631074029952,0.1698230765759945,0.033651251811534166,0.0019263912399765104,0.0019731237698579207,0.057769144885241985,0.11975475028157234,0.014290210558101535,0.007180929649621248
IL_2851462,0.0987837128341198,0.12428905069828033,0.07543330499902368,0.41291583329439163,0.0009107241130550392,0.0049345506995450705,0.004091404844075441,0.250105295330286,0.018492577597498894,0.006123818922787905,0.003919734605005942
IL_2921273,0.08815411292016506,0.032508572563529015,0.003782646032050252,0.5629330053925514,0.0036707747785840183,0.0008260658214567229,0.00210547266760841,0.2450496144592762,0.05694811977446079,0.003436184546444565,0.0005854315859323833
IL_2936438,0.04611876932904124,0.7137989401817322,0.0005787542577309068,0.2068783100694418,0.0009448566997889429,0.001566007558722049,0.0006199422787176445,0.0051091695204377174,0.01466106460429728,0.009373430162668228,0.0003507586006890051
IL_2947403,0.016403845278546214,0.7764715403318405,0.005213068943703547,0.10741282813251019,0.0071944063529372215,0.016981495660729706,0.0011304311046842486,0.0107119629974477,0.006262687093112618,0.031151419738307595,0.021066302084363997
IL_2978149,0.0010342619352741167,0.007002153433859348,0.009571308619342744,0.01497155474498868,0.0021824642608407885,0.0022358775313477963,0.0010382886248407885,0.32501721754670143,0.6360360160470009,0.0005413830076577142,0.00036948009073967114
IL_2996774,0.04592296667397022,0.6710959821939468,0.0026950298488372937,0.15910509787499905,0.00891308014979586,0.00764787633670494,0.00585323225823231,0.05914368573576212,0.022552344715222716,0.01580379717051983,0.001266907260287553
IL_3007459,0.048840166069567204,0.04802784649655223,0.0007049060805002227,0.30925314873456955,0.0013214321079431102,0.00031779890923644416,0.0009670164072304033,0.01106894901022315,0.007580763834994286,0.5712164044380188,0.0007015579467406496
IL_3061357,0.06023491965606809,0.30327412113547325,0.005995374405756593,0.2992965169250965,0.0007485649257432669,0.0012212011351948604,0.007639766845386475,0.28318019583821297,0.024556237505748868,0.011768600204959512,0.0020844972459599376
IL_3076877,0.05501781031489372,0.7114574611186981,0.0004593337362166494,0.09138393215835094,0.0005428706208476797,0.0012421268038451672,0.0007281476719072089,0.005702211405150592,0.004940055077895522,0.12771708704531193,0.0008089580514933914
IL_3084993,0.02400734042748809,0.8094693720340729,0.012072569341398776,0.03758790669962764,0.0052377955871634185,0.013192019890993834,0.012544533819891512,0.027003595372661948,0.055021945387125015,0.0035406950628384948,0.0003222551858925726
IL_3109240,0.040908525232225657,0.3012825585901737,0.00016163840700755827,0.03217895096167922,0.00017016143647197168,0.00017964644575840794,0.00046209241554606706,0.0013180366659071296,0.0023258684086613357,0.6207921653985977,0.0002203522526542656
IL_3124812,0.046357345301657915,0.748165138065815,0.0010893574435613118,0.1438363315537572,0.0015593788339174353,0.001503078208770603,0.0006984142673900351,0.018134526093490422,0.00984294235240668,0.021942986641079187,0.0068704974837601185
IL_3127619,0.019725175574421883,0.8820518255233765,0.0005631555141007993,0.07358282618224621,0.0008965193264884874,0.0025306761381216347,0.0020632114756153896,0.004657993384171277,0.0030157194705680013,0.007492352626286447,0.00342049976461567
IL_3149454,0.02613747352734208,0.932610958814621,0.0004886987335339654,0.01810116646811366,0.005131733574671671,0.0012589357793331146,0.00047925609396770597,0.004857164341956377,0.004861770605202764,0.0054981851717457175,0.0005746663191530388
IL_3153787,0.005804006039397791,0.1732267327606678,0.05127358727622777,0.11237252876162529,0.022323027718812227,0.30114544183015823,0.002322738422662951,0.08911355957388878,0.09953805059194565,0.002229292585980147,0.14065104350447655
IL_3156984,0.0024173169513233006,0.013182130642235279,0.02231029118411243,0.03999033267609775,0.005880757234990597,0.0010987075947923586,0.0012666420370806009,0.5452356487512589,0.3650418668985367,0.0011171168007422239,0.002459153620293364
IL_3200972,0.009443060029298067,0.053209641482681036,0.0032976895454339683,0.019633754855021834,0.0011492565681692213,0.0015844373119762167,0.0029814018780598417,0.0533289797604084,0.8533006459474564,0.0006346861046040431,0.0014364379167091101
IL_3206011,0.0011631094821495935,0.007236927282065153,0.010494254587683827,0.006455220922362059,0.0011196084087714553,0.0013008140449528582,0.0015790709294378757,0.042677574092522264,0.9264407902956009,0.0002611096715554595,0.0012715009215753525
IL_3245297,0.018081861780956388,0.0646870918571949,0.0005045033612987027,0.3117813393473625,0.0018936710694106296,0.0006467074708780274,0.0012647166731767356,0.003787210851442069,0.005557117634452879,0.5913055315613747,0.0004902388682239689
IL_3275405,0.06374387349933386,0.40614229813218117,0.0032699915464036167,0.05643845722079277,0.045869736932218075,0.00872158503625542,0.003305421327240765,0.03721526777371764,0.025385438464581966,0.2713232673704624,0.07858467847108841
IL_3278464,0.1322305779904127,0.2551305219531059,0.00035156986268702894,0.09751997794955969,0.0010141706661670469,0.00024389165628235787,0.0011413071770220995,0.001284308498725295,0.0027933540695812553,0.5072693005204201,0.0010210307373199612
IL_3286203,0.06227667536586523,0.05111197009682655,0.0010828712183865719,0.027332987636327744,0.00019370210793567821,0.006321073276922107,0.0005997591324558016,0.0029990250477567315,0.002233261213405058,0.8452960103750229,0.0005526554159587249
IL_3304841,0.0027588891971390694,0.029549505561590195,0.00024027346807997674,0.06679796986281872,0.00045591852540383115,0.00018310261839360464,0.00021101981474203058,0.00096921587100951,0.000999723510176409,0.8975375592708588,0.0002968270673591178
IL_3328321,0.10816365294158459,0.26145483925938606,0.00046196211042115465,0.06539056450128555,0.000690789438522188,0.00023366741152131,0.0014049673263798468,0.001370796191622503,0.0025728470063768327,0.5577146932482719,0.0005412329410319217
IL_3355205,0.050331645645201206,0.6683305725455284,0.005745608388679102,0.13513710722327232,0.020001977449283004,0.0037696142244385555,0.0033785029081627727,0.009832851006649435,0.05603103060275316,0.045752634294331074,0.0016884282522369176
IL_3383918,0.12852304428815842,0.22083831578493118,0.0034528441610746086,0.4489589333534241,0.0011190327277290635,0.0012955773127032444,0.005240364349447191,0.15335317980498075,0.009283467952627689,0.025166714331135154,0.0027685151144396514
IL_3405674,0.11664472986012697,0.41371770948171616,0.00018025199642579537,0.03078752337023616,0.0006454829344875179,0.0002444874953653198,0.002161480253562331,0.0016110801661852747,0.0013315793185029179,0.43226881325244904,0.0004068696180183906
IL_3416109,0.09848261717706919,0.09261908661574125,0.0009163245995296165,0.26190221682190895,0.0013689266634173691,0.0010884161674766801,0.004285458329832181,0.01773613365367055,0.017153054825030267,0.5034513622522354,0.0009964026394300163
IL_3417042,0.1342493463307619,0.7395167201757431,0.000985848906566389,0.06589567195624113,0.0017690550012048334,0.0010891153651755303,0.000776704131567385,0.005997356696752831,0.009788366965949535,0.03914084751158953,0.0007909474079497159
IL_3475314,0.04725534748286009,0.20423681661486626,0.00024115853193507064,0.17270705476403236,0.0012558455928228796,0.0007402848859783262,0.0012330445024417713,0.00361113395774737,0.010411253897473216,0.5575076639652252,0.0008004014089237899
IL_3502631,0.05389320570975542,0.6677541583776474,0.0024918373383115977,0.12271624431014061,0.0010127552814083174,0.000718842726200819,0.009777408209629357,0.0358534948900342,0.010311679914593697,0.09338160511106253,0.0020887661958113313
IL_3512099,0.010022020083852112,0.8948391675949097,0.0005787251902802382,0.07199454586952925,0.0006856861873529851,0.0040037117432802916,0.000977298230282031,0.0025212162727257237,0.003491702285828069,0.009952867752872407,0.0009330638422397897
IL_3516247,0.014308991841971874,0.7892185151576996,0.007264598389156163,0.1175562422722578,0.0037049169768579304,0.013377924100495875,0.0010580220114206895,0.014111584052443504,0.011462243041023612,0.011100966716185212,0.016836000606417656
IL_3525336,0.002297750994330272,0.02867866214364767,0.006271430000197142,0.024313681293278933,0.00734983803704381,0.0007576463322038762,0.0011947657840210013,0.13295763731002808,0.7951129972934723,0.0006167583633214235,0.00044882237853016704
IL_3584159,0.013499313849024475,0.14458180777728558,0.003594949550461024,0.4244813174009323,0.025015520164743066,0.027093177428469062,0.001970424418686889,0.0636268868111074,0.2886686772108078,0.005028960935305804,0.0024389614118263125
IL_3592184,0.08529442269355059,0.5172566995024681,0.0008422605678788386,0.06891997717320919,0.0024373763299081475,0.006342617271002382,0.0025005982315633446,0.012827450758777559,0.0037282319681253284,0.2962622009217739,0.0035881878866348416
IL_3662013,0.017376982141286135,0.7435467839241028,0.0007726652693236247,0.08519419468939304,0.0017912438343046233,0.0006227513003977947,0.0015434337547048926,0.009116582019487396,0.006671928102150559,0.130985077470541,0.00237834537983872
IL_3682737,0.0006354796132654883,0.00417267470038496,0.001463832799345255,0.0046132884453982115,0.0007012605638010427,0.0001921085440699244,0.00043803680819110014,0.03739734273403883,0.9496070444583893,0.00023162980505730957,0.0005472800403367728
IL_3708176,0.15309452917426825,0.4721520021557808,0.00048421558312838897,0.1510691847652197,0.001334248408966232,0.006010941229760647,0.004241274844389409,0.005328653671313077,0.004919368424452841,0.19975919276475906,0.0016064027440734208
IL_3731984,0.06287220399826765,0.671258844435215,0.0038851869758218527,0.06274805590510368,0.0031207218708004802,0.009987615834688768,0.0016425383655587211,0.022466479684226215,0.008516084810253233,0.15225930325686932,0.0012429542402969673
IL_3743750,0.017512568272650242,0.813843697309494,0.0008402008752455004,0.09502261411398649,0.03275320795364678,0.0003355514218128519,0.0005192476237425581,0.008149632369168103,0.023896429920569062,0.005568730644881725,0.001558121686684899
IL_3769258,0.5351113677024841,0.13914049044251442,0.0011928174208151177,0.23694762587547302,0.0003584302576200571,0.0009059522926690988,0.0005843570743309101,0.0037536207819357514,0.00907198537606746,0.07232127245515585,0.0006121052865637466
IL_3770691,0.017453194828704,0.8302653282880783,0.005664574506226927,0.044625296257436275,0.016531009576283395,0.0020654992113122717,0.0006832837389083579,0.010004404466599226,0.017766652861610055,0.05314595904201269,0.0017948013846762478
IL_3795536,0.11713933013379574,0.13016282953321934,0.0001212519418913871,0.06767903733998537,0.0004707786865765229,0.0007293587914318778,0.001477239900850691,0.0014958290703361854,0.0022450077813118696,0.6781185045838356,0.00036084549356019124
IL_3825170,0.024379347451031208,0.6889979392290115,0.0013369988737395033,0.25103166326880455,0.0022117957851151004,0.000247265239522676,0.0002723861616686918,0.0053453006548807025,0.018403266789391637,0.007430111640132964,0.0003439364518271759
IL_3849919,0.009884912869893014,0.5859469473361969,0.00155965807789471,0.148632338270545,0.010770459834020585,0.0009429554193047807,0.00033543052268214524,0.022418966400437057,0.2124968320131302,0.004051028867252171,0.0029604799346998334
IL_3863962,0.039775002747774124,0.1986580416560173,0.0011750457488233224,0.1804718617349863,0.0016283971635857597,0.0021083714382257313,0.0009590393237886019,0.003685642732307315,0.0032763105700723827,0.566560298204422,0.001701987668639049
IL_3890738,0.024312136229127645,0.6060600876808167,0.009135872474871576,0.039013676811009645,0.0008586347685195506,0.0022963344054005574,0.0018016213580267504,0.01669508800841868,0.00842671119607985,0.289739478379488,0.0016603715921519324
IL_3916806,0.02420457173138857,0.8796843588352203,0.0003855317481793463,0.07124416390433908,0.0007932132139103487,0.00025529280719638336,0.0004647242894861847,0.005259530327748507,0.0082626425428316,0.009300380246713758,0.0001455942383472575
IL_3918658,0.0072913431795313954,0.525590255856514,0.00035373888749745674,0.00909269682597369,0.0008329339616466314,0.0005874318158021197,0.0009818316757446155,0.0027681777719408274,0.0026878417120315135,0.44901812821626663,0.0007955899855005555
IL_3925046,0.037039981223642826,0.16924727894365788,0.0006749180975020863,0.15704970434308052,0.0003520152313285507,0.0009272028037230484,0.0005260774923954159,0.003009769949130714,0.004560408415272832,0.6261592283844948,0.0004534420877462253
IL_3944678,0.16052160784602165,0.19659922644495964,0.019715804373845458,0.3957373611629009,0.0031893569394014776,0.0028553205338539556,0.0017934983334271237,0.017567282309755683,0.19705212116241455,0.004480094299651682,0.0004883534347754903
IL_3989231,0.0014774275186937302,0.023719319608062506,0.008917291212128475,0.014466551598161459,0.001869693587650545,0.011196176637895405,0.0021193643915466964,0.10508115589618683,0.8259498924016953,0.0005454334677779116,0.004657648067222908
IL_4014940,0.015108876046724617,0.8916561156511307,0.00024512194067938253,0.06379387993365526,0.0009683904936537147,0.00020011954802612308,0.00026708495352067985,0.005123936163727194,0.0025196670612785965,0.01998357498086989,0.0001332116862613475
IL_4030473,0.12773870956152678,0.7106543779373169,0.0032969491585390642,0.03804960334673524,0.0009212453733198345,0.009556333010550588,0.0008666535068186931,0.0045187591458670795,0.037121117231436074,0.06675335578620434,0.00052287175640231
IL_4032940,0.09169369656592607,0.7706314921379089,0.005630681989714503,0.05570864863693714,0.0010376353820902295,0.0022916592861292884,0.0008539291811757721,0.008910425240173936,0.014261331176385283,0.048167789820581675,0.0008126991087920032
IL_4048093,0.05312067549675703,0.23890328593552113,0.0009915955597534776,0.11231549456715584,0.0042409339803270996,0.0005736360544688068,0.0013990173320053145,0.007163751346524805,0.0071912011480890214,0.5722178891301155,0.001882524200482294
IL_4102420,0.1487036719918251,0.39845646917819977,0.005308667023200542,0.07497524842619896,0.0008253912383224815,0.001319477174547501,0.0021608011738862842,0.004954981675837189,0.008723502280190587,0.34939901158213615,0.005172788631170988
IL_4113222,0.011228500516153872,0.035880833864212036,0.0003821344507741742,0.6600248068571091,0.0006381076818797737,0.0017280200627283193,0.0004107433633180335,0.006272737926337868,0.016199350589886308,0.2660167310386896,0.0012180359990452416
IL_4121028,0.01770872180350125,0.8680694997310638,0.002414666611002758,0.06328304298222065,0.0008528750768164173,0.0009102391268243082,0.0009017700867843814,0.007355251989793032,0.007807996240444481,0.02994170505553484,0.0007542208040831611
IL_4137970,0.03468512324616313,0.487497977912426,0.0003481313760858029,0.21893978118896484,0.0010903241854975931,0.0004246521057211794,0.0004920101855532266,0.0045429583988152444,0.002940642792964354,0.2475784495472908,0.0014599474088754505
IL_4183780,0.01643631258048117,0.8192172050476074,0.00047324953084171284,0.12130988109856844,0.002257905332953669,0.005742302106227726,0.0011555726669030264,0.00736043369397521,0.0031784496386535466,0.021151970140635967,0.0017166941106552258
IL_4205103,0.02803996717557311,0.7800228744745255,0.0004904947272734717,0.04334542388096452,0.0013635117647936568,0.0007697667388129048,0.0011198259962839074,0.006449946260545403,0.003201875544618815,0.13425587955862284,0.000940454367082566
IL_4212360,0.009347936837002635,0.8817880898714066,0.0012141083061578684,0.08683481439948082,0.0019167606660630554,0.002821153204422444,0.0008732073620194569,0.004366742679849267,0.005230715731158853,0.004670762631576508,0.0009357396775158122
IL_4217178,0.0217671487480402,0.9059178084135056,0.00032221775472862646,0.03242156049236655,0.0029222473967820406,0.00019680675177369267,0.00011071985863964073,0.004510986560489982,0.01989778084680438,0.01175085233990103,0.00018185630324296653
IL_4273134,0.018774512223899364,0.5627367049455643,0.0006303782865870744,0.04704845184460282,0.001155106830992736,0.0003395597595954314,0.0022373974497895688,0.00363482185639441,0.004355551616754383,0.35849183052778244,0.000595705074374564
IL_4304678,0.07382506970316172,0.6530458703637123,0.0026840582577278838,0.025532394414767623,0.012050289660692215,0.0028736655149259605,0.003424965136218816,0.009550226735882461,0.001934424217324704,0.21402602270245552,0.0010530104773351923
IL_4365221,0.0208874037489295,0.9219194203615189,0.0016787919084890746,0.02477005310356617,0.0004776293717441149,0.0015585727524012327,0.00016442900232505053,0.006129240849986672,0.013083461322821677,0.009215811733156443,0.00011519702275109012
IL_4377002,0.08002949180081487,0.08428324479609728,0.0008336383616551757,0.13822070695459843,0.000707364066329319,0.002107835651258938,0.0006849154160590842,0.0024032152141444385,0.0079627888626419,0.6822551041841507,0.0005116939864819869
IL_4378654,0.032793649239465594,0.7997578382492065,0.0007405839714920148,0.13333669863641262,0.0008905600479920395,0.0020098490203963593,0.0003709593656822108,0.0030171655234880745,0.005527973407879472,0.020602560369297862,0.0009521657848381437
IL_4383984,0.030372879933565855,0.08713721390813589,0.022625584504567087,0.4093482084572315,0.003072801831876859,0.014617766835726798,0.0012131759503972717,0.2558090705424547,0.16920513845980167,0.0020328426326159388,0.004565308641758747
IL_4392618,0.051847141701728106,0.2799830213189125,0.0009402323048561811,0.0662936745211482,0.01036900479812175,0.005005398998036981,0.004661448678234592,0.003411378071177751,0.003460756328422576,0.5730774626135826,0.0009504921326879412
IL_4393410,0.04279666906222701,0.6658801734447479,0.0539914530236274,0.028764442657120526,0.0034211339079774916,0.03309714165516198,0.0028482014895416796,0.00888706895057112,0.020862953970208764,0.13789595477283,0.0015548112569376826
IL_4404293,0.3817286193370819,0.15540340170264244,0.005182541266549379,0.08215776830911636,0.0007072966836858541,0.003081921429838985,0.001988761010579765,0.007698670029640198,0.0039539767312817276,0.35777127742767334,0.00032579473190708086
IL_4407167,0.01833025342784822,0.5026013478636742,0.0007539075377280824,0.053015859331935644,0.001057811256032437,0.0007019039694569074,0.0004461043718038127,0.0023147128231357783,0.0034011311654467136,0.4141443781554699,0.0032325787469744682
IL_4418818,0.009274236916098744,0.8418453335762024,0.0013710768180317245,0.10950132086873055,0.005079840833786875,0.002675237541552633,0.003972882230300456,0.015348507498856634,0.0038786564546171576,0.005961409653536975,0.001091478203306906
IL_4429583,0.0037681471440009773,0.09727514255791903,0.005351909116143361,0.029552994295954704,0.006265913776587695,0.0023730452521704137,0.008548605954274535,0.8098821938037872,0.028247767826542258,0.002756501955445856,0.005977773980703205
IL_4447995,0.12376140337437391,0.4141759052872658,0.0008324334121425636,0.2705775275826454,0.0011693110573105514,0.001289917141548358,0.0005634409317281097,0.003963188210036606,0.12253896705806255,0.060876766219735146,0.0002511495986254886
IL_4474915,0.010520074982196093,0.17732555978000164,0.00021539336739806458,0.10033293813467026,0.0015220033819787204,0.00016883540047274437,0.0009711504681035876,0.0027926459442824125,0.0022620157105848193,0.703428365290165,0.0004610211217368487
IL_4556052,0.054096401669085026,0.05260010343044996,0.00029799517869832925,0.05316793662495911,0.0008192128552764188,0.0009550980394124053,0.0013909065382904373,0.0012973249977221712,0.0017906355787999928,0.8331586122512817,0.0004257803921063896
IL_4629710,0.012116639292798936,0.9021700024604797,0.0014018219662830234,0.043842063285410404,0.0038992317859083414,0.002676535543287173,0.0011816460682894103,0.004435730399563909,0.004733857116661966,0.021346877561882138,0.0021955674892524257
IL_4631015,0.01808567438274622,0.035775547847151756,0.023103129700757563,0.09210205357521772,0.0008644543486298062,0.002056643323157914,0.0021292878518579528,0.7892086058855057,0.03428303636610508,0.0019407410873100162,0.00045080314885126427
IL_4632594,0.00037964895454933867,0.003261357604060322,0.0058927166974172,0.002287846466060728,0.0006158646574476734,0.0004960943479090929,0.0004190832878521178,0.05440074764192104,0.931563675403595,0.00023107955348677933,0.00045188851800048724
IL_4640947,0.20299209095537663,0.526127852499485,0.02033432654570788,0.09461379516869783,0.0043138376786373556,0.007446072297170758,0.0016088038973975927,0.008179362397640944,0.0273977885954082,0.10056191682815552,0.006424149789381772
IL_4652828,0.03138803434558213,0.8462892919778824,0.0017315662262262776,0.04335803212597966,0.01307338266633451,0.001179413142381236,0.0029523526900447905,0.016996749211102724,0.0200605362188071,0.021695151459425688,0.0012754808922181837
IL_4673376,0.0008197272836696357,0.01415279891807586,0.002500447881175205,0.0047549629816785455,0.001397674306645058,0.0008760450000409037,0.0013628013693960384,0.11520888935774565,0.8570971041917801,0.000469305527076358,0.0013602667022496462
IL_4698973,0.04872854799032211,0.8645572066307068,0.00027621437766356394,0.04439985565841198,0.00019846710529236589,0.00020701529501820914,0.00010311114419891965,0.0020408590498846024,0.002490032115019858,0.03681205678731203,0.00018665189600142185
IL_4703518,0.028595490846782923,0.8067852705717087,0.0047544187982566655,0.11732925102114677,0.007084993412718177,0.0016605371638434008,0.0005661327595589682,0.006681552506051958,0.01108979363925755,0.014396010898053646,0.0010565377306193113
IL_4708155,0.021692563546821475,0.031913924496620893,0.0372568485327065,0.056909400038421154,0.02920083561912179,0.11861338932067156,0.001210718517540954,0.24363368563354015,0.45296213775873184,0.0015552096301689744,0.00505130214150995
IL_4733323,0.08440069295465946,0.7682051658630371,0.0021020196145400405,0.09006894193589687,0.0017303388885920867,0.0010033605140051804,0.004246858297847211,0.0020799851627089083,0.002573704026872292,0.04333943547680974,0.00024954633408924565
IL_4738780,0.03376982966437936,0.6544281169772148,0.018646484415512532,0.0500829282682389,0.03276874276343733,0.056441198103129864,0.009992328588850796,0.08634482882916927,0.009601942379958928,0.04004327394068241,0.00788031955016777
IL_4747648,0.02616025973111391,0.8468916416168213,0.0002416609859210439,0.07643410563468933,0.0008477878654957749,0.0008881465619197115,0.00047730180813232437,0.0037407997879199684,0.006539108289871365,0.035348653327673674,0.0024305214828928
IL_4761308,0.06261563394218683,0.752712681889534,0.0006501690440927632,0.04225237620994449,0.00043841950537171215,0.0007565299820271321,0.0013616267242468894,0.00222665470209904,0.002776898385491222,0.13053562864661217,0.003673344006529078
IL_4787245,0.12390304356813431,0.3108696974813938,0.000181757532118354,0.13255861215293407,0.000278695035376586,0.00046111603660392575,0.0005514050753845368,0.002389361456152983,0.004162903991527855,0.42399341613054276,0.0006499893206637353
IL_4796202,0.01187289401423186,0.9451147764921188,0.00035106785435345955,0.030480714980512857,0.0004992642025172245,0.0006129316316219047,0.0002596582235128153,0.0017089603206841275,0.0022088787227403373,0.006800295319408178,9.055188547790749e-05
IL_4805993,0.0033773788018152118,0.929320901632309,0.0004910453280899674,0.03899452602490783,0.0031550421845167875,0.00020108319949940778,0.0002394168004684616,0.002020058745983988,0.004054715391248465,0.01782753993757069,0.00031829584622755647
IL_4840188,0.019830944947898388,0.8367841243743896,0.0003418029737076722,0.06948667764663696,0.004506862605921924,0.0002962547914648894,0.0006214952045411337,0.004017455852590501,0.004006674513220787,0.05979204550385475,0.00031564255186822265
IL_4848599,0.011748102377168834,0.8281035274267197,0.0007517022386309691,0.11890301294624805,0.0030945441976655275,0.013350730179809034,0.002750411775195971,0.008261893759481609,0.0033715269819367677,0.009411106701008976,0.0002534102095523849
IL_4848977,0.07826693961396813,0.7777827978134155,0.001205229345941916,0.08469101414084435,0.0010968126225634478,0.009145384363364428,0.0007173440317274071,0.008209419844206423,0.004407219705171883,0.03237995179370046,0.002097926160786301
IL_4907451,0.036315512377768755,0.1579025387763977,8.018926564545836e-05,0.08121166750788689,0.0004204024517093785,0.00040044986599241383,0.00028712004677799996,0.0014986425230745226,0.002190086932387203,0.7193513363599777,0.0003420919347263407
IL_4912944,0.07822662871330976,0.4324745759367943,0.05833794828504324,0.0513647710904479,0.0013483488437486812,0.006969990441575646,0.004179096431471407,0.011539179249666631,0.015881857834756374,0.33481527119874954,0.004862312693148851
IL_4926820,0.004464829922653735,0.05124343791976571,0.00705680187093094,0.10827110800892115,0.003411448356928304,0.0017510189500171691,0.005539518722798675,0.5626299008727074,0.24003970623016357,0.0024926963087636977,0.013099525356665254
IL_4928787,0.049253817182034254,0.799790233373642,0.0005805292930745054,0.11296538449823856,0.010110844974406064,0.0005991611615172587,0.0007718710621702485,0.00878791871946305,0.010258235677611083,0.006514852197142318,0.0003671368285722565
IL_4936385,0.23372910358011723,0.05088036973029375,0.028870570473372936,0.3629239797592163,0.0007763376270304434,0.006254347914364189,0.0025130164431175217,0.3027138039469719,0.00790003826841712,0.002504373522242531,0.0009340727847302333
IL_4942231,0.3958626203238964,0.0877246567979455,0.0012407211906975135,0.19451510161161423,0.0015355674840975553,0.006201561132911593,0.0009592595597496256,0.0038196620589587837,0.008482185774482787,0.29840975999832153,0.0012489207001635805
IL_4953244,0.05596892349421978,0.825058177113533,0.0010697855614125729,0.022113461047410965,0.0014801522629568353,0.0002596978738438338,0.00037529469045693986,0.0028788728814106435,0.0025043550704140216,0.08600724302232265,0.002284062109538354
IL_4955020,0.19270401634275913,0.4421447589993477,0.0009605725790606812,0.14894858933985233,0.010630911914631724,0.006204092351254076,0.0033678880718071014,0.017394340597093105,0.015618966775946319,0.1590297818183899,0.0029960750398458913
IL_4964046,0.10056443326175213,0.4111250936985016,0.0005406582058640197,0.07063920702785254,0.0015409038387588225,0.0027969374787062407,0.002273195917950943,0.004121701291296631,0.003747824172023684,0.40212975442409515,0.0005202897809795104
IL_4983934,0.04405812034383416,0.798132061958313,0.0024137987493304536,0.03571123257279396,0.001519340614322573,0.003409550481592305,0.0009933425026247278,0.008629022515378892,0.014008216152433306,0.08879057969897985,0.002334742501261644
IL_4994761,0.09208984673023224,0.3654654026031494,0.007586203690152615,0.18315830640494823,0.0013086526305414736,0.0007989910372998565,0.005990449571982026,0.3157345838844776,0.024068494560196996,0.0026512036565691233,0.0011478863889351487
IL_5016487,0.024326973012648523,0.0552139338105917,0.0015923155006021261,0.8191750347614288,0.0011593212839215994,0.0003772864456550451,0.003629297250881791,0.06884303782135248,0.012971656862646341,0.01137927471427247,0.0013318663550307974
IL_5018680,0.051137750037014484,0.5895931273698807,0.013653052970767021,0.0569849640596658,0.0037698002415709198,0.011522199143655598,0.0041511026211082935,0.009742903057485819,0.005501862498931587,0.23804185166954994,0.01590141002088785
IL_5117306,0.007648107188288122,0.9308313429355621,0.0012974961719010025,0.033291616942733526,0.0016881053161341697,0.0003605239799071569,0.0002152850793208927,0.0038261156587395817,0.016535149072296917,0.0036807077121920884,0.0006255431508179754
IL_5136565,0.08093795832246542,0.27375631779432297,8.55727057569311e-05,0.0606814119964838,0.0011966501624556258,0.00021076134180475492,0.0018303298274986446,0.0014193489332683384,0.001554655100335367,0.5781319588422775,0.00019505755517457146
IL_5150961,0.03522182023152709,0.28740595653653145,0.0005337809379852843,0.11027802713215351,0.001459746083128266,0.0008972527284640819,0.0031739222613396123,0.003939988149795681,0.003778333746595308,0.55252755433321,0.0007836400691303425
IL_5152620,0.03246402554214001,0.5124664828181267,0.0037245168059598655,0.2966306209564209,0.004456597322132438,0.006711516005452722,0.0024781937536317855,0.028843712876550853,0.04644399881362915,0.064349171705544,0.0014311460545286536
IL_5171099,0.0026995611551683396,0.9711248129606247,0.0007005142470006831,0.004419399017933756,0.0005945911252638325,0.0006250830520002637,7.245550068546436e-05,0.0029025373223703355,0.006052694981917739,0.010516056790947914,0.0002923113315773662
IL_5172506,0.03988351835869253,0.10547978058457375,0.01788700628094375,0.10149804688990116,0.00513313221745193,0.002340866776648909,0.008188847510609776,0.606227271258831,0.09504816308617592,0.004237630753777921,0.014075723243877292
IL_5188190,0.06000747624784708,0.5729411691427231,0.0023503310803789645,0.09288064576685429,0.0018077642744174227,0.005746251787059009,0.0020607963670045137,0.013933821639511734,0.08213676000013947,0.13942890148609877,0.02670607645995915
IL_5192693,0.03154030488803983,0.4125733785331249,0.0005425430572358891,0.13555900752544403,0.001533041737275198,0.0006877702035126276,0.0010098542988998815,0.003816758864559233,0.006173397821839899,0.4059862941503525,0.0005776363323093392
IL_5195971,0.014167448040097952,0.7953783124685287,0.0007306713087018579,0.0947984391823411,0.002342249237699434,0.002001184271648526,0.0005552808543143328,0.005820813879836351,0.07030131993815303,0.012641995097510517,0.0012622996218851767
IL_5199215,0.004876221821177751,0.013468105695210397,0.005726032250095159,0.12669578101485968,0.0018572820990812033,0.0034069797984557226,0.002007594477618113,0.8151771128177643,0.024616231909021735,0.0011860304221045226,0.0009826549649005756
IL_5202722,0.19157209619879723,0.0373830059543252,0.05716365249827504,0.42661670222878456,0.002272045298013836,0.002659210149431601,0.0030248140392359346,0.21330733969807625,0.06228764867410064,0.001926693134009838,0.0017867809219751507
IL_5227274,0.08319457387551665,0.6125833168625832,0.0007748458883725107,0.18024104461073875,0.00407203909708187,0.00026958254238707013,0.0025578633649274707,0.015278545557521284,0.01758283795788884,0.08325703535228968,0.00018831548914022278
IL_5227787,0.0807368285022676,0.8018674254417419,0.00047142185940174386,0.051681626588106155,0.0014022950053913519,0.0009145230214926414,0.0003129175238427706,0.003393788239918649,0.009804971050471067,0.04838378494605422,0.0010304139723302796
IL_5242598,0.2649286389350891,0.42666132748126984,0.001335657900199294,0.12895569391548634,0.004949559486703947,0.01677560620009899,0.001350459955574479,0.014179260469973087,0.020969955250620842,0.11849663872271776,0.0013972064043628052
IL_5308378,0.0074227776494808495,0.0277605967130512,0.04717582697048783,0.23085885122418404,0.019521265756338835,0.023402142571285367,0.003614750341512263,0.16464917361736298,0.4713233597576618,0.001952936960151419,0.0023183153971331194
IL_5330356,0.007682255294639617,0.7247768342494965,0.004137128707952797,0.12319180648773909,0.011206504073925316,0.008515358495060354,0.0019149098807247356,0.05254894122481346,0.05518156848847866,0.006907259987201542,0.003937416651751846
IL_5334240,0.020840812008827925,0.3462396338582039,0.00786113878712058,0.17258122190833092,0.015938545111566782,0.009718276269268245,0.004348752088844776,0.11363558657467365,0.1806331705302,0.004745723330415785,0.12345714867115021
IL_5360549,0.4295477159321308,0.06101886183023453,0.0002872130226023728,0.052215042524039745,0.0003648318052000832,0.002662004335434176,0.000811738871561829,0.0018381342815700918,0.0026537274243310094,0.4483610913157463,0.00023963351122802123
IL_5383665,0.165424183011055,0.22102931141853333,0.000224957871978404,0.39430342614650726,0.002179875758884009,0.0014892176404828206,0.0009260388105758466,0.002945635817013681,0.008941609412431717,0.20008860900998116,0.002447113045491278
IL_5417792,0.0013299415004439652,0.009716226370073855,0.013799676322378218,0.016112954122945666,0.00285739335231483,0.00205224021920003,0.002574296959210187,0.050829583778977394,0.8963908106088638,0.0006796970046707429,0.0036571702221408486
IL_5419157,0.03375179856084287,0.8003218770027161,0.0021417259849840775,0.028866286389529705,0.004597111896146089,0.0030157339642755687,0.0006921572276041843,0.03303291997872293,0.07378991926088929,0.010484875994734466,0.009305593208409846
IL_5461503,0.04700304102152586,0.39890551567077637,0.005881241871975362,0.04615413397550583,0.03207943239249289,0.002874182304367423,0.003218847734387964,0.011663980083540082,0.005000775039661676,0.4426540955901146,0.004564754228340462
IL_5484022,0.06572519242763519,0.3967331200838089,0.0002778807138383854,0.022238592617213726,0.008077236590906978,0.0008488884486723691,0.0022982881928328425,0.005546666972804815,0.0016060112247942016,0.4961390942335129,0.0005090538470540196
IL_5489843,0.010899313492700458,0.8425299376249313,0.0003395563217054587,0.030377978459000587,0.0009597897224011831,0.00047191554767778143,0.0004962501661793794,0.0028393882676027715,0.0021951949747744948,0.1058985460549593,0.0029921358946012333
IL_5493219,0.370041660964489,0.1536004301160574,0.00037273260022629984,0.038551534060388803,0.0006236617773538455,0.0007282802107511088,0.0007201786356745288,0.0014459453377639875,0.0020971921912860125,0.43159426748752594,0.0002241185666207457
IL_5512024,0.05069235526025295,0.22695323452353477,0.00018147777336707804,0.05635099299252033,0.009298027900513262,0.0019172378670191392,0.0023902811080915853,0.00544815236935392,0.002481350733432919,0.6439980939030647,0.0002887936898332555
IL_5545711,0.11356203444302082,0.047793407458812,0.006200150237418711,0.5901974365115166,0.002245729774585925,0.0016877381858648732,0.003143832815112546,0.18652303144335747,0.042636940721422434,0.0028890204266645014,0.0031206655548885465
IL_5552679,0.047097631730139256,0.5748340636491776,0.0032454284955747426,0.10214375890791416,0.006267909368034452,0.0012904474133392796,0.002141515811672434,0.004137867857934907,0.005554596253205091,0.2513756640255451,0.0019111086294287816
IL_5562172,0.15352416969835758,0.5707970038056374,0.0012126124784117565,0.03136069094762206,0.0005027230581617914,0.0004579342530632857,0.0013928102271165699,0.007687190314754844,0.004211830586427823,0.22693071514368057,0.001922307041240856
IL_5584877,0.11443513259291649,0.40884751453995705,0.055195365101099014,0.19682875461876392,0.0030227225506678224,0.022047604899853468,0.0069905948475934565,0.10427845176309347,0.07173034967854619,0.0101409622002393,0.006482528813648969
IL_5603161,0.12817703932523727,0.13162312656641006,0.011762105452362448,0.49449513107538223,0.023238379042595625,0.0018382383277639747,0.004221551411319524,0.06685290299355984,0.12333108950406313,0.006816566863562912,0.007643896446097642
IL_5609972,0.19711260311305523,0.08669896889477968,0.0003864283826260362,0.4058488942682743,0.0004369888556539081,0.0008324185400852002,0.0026501883403398097,0.016522660152986646,0.006837785826064646,0.28179094195365906,0.0008821244045975618
IL_5632066,0.00627857557265088,0.07431764900684357,0.010041898756753653,0.023605452617630363,0.045533766970038414,0.0042377533100079745,0.0010653747885953635,0.07256007986143231,0.5761254951357841,0.0015765432181069627,0.18465742468833923
IL_5671982,0.03990627871826291,0.7861656695604324,0.00262457448116038,0.119995241984725,0.0012046635674778372,0.017278764164075255,0.000701786411809735,0.012088313465937972,0.0035016323963645846,0.01621492183767259,0.00031815449983696453
IL_5695938,0.04181478451937437,0.5949983596801758,0.006942930689547211,0.24287207424640656,0.02614306705072522,0.018324435222893953,0.002555415965616703,0.023646884132176638,0.029684012522920966,0.012288658181205392,0.0007293681628652848
IL_5698172,0.02538164588622749,0.6900109946727753,0.007426452357321978,0.04901712806895375,0.01070729101775214,0.09983974788337946,0.0044258769194129854,0.032306441105902195,0.007416251231916249,0.062234286684542894,0.011233929719310254
IL_5712655,0.30186219327151775,0.10923644341528416,0.0021106205676915124,0.2154187113046646,0.014677214610856026,0.0009707000572234392,0.0007164374328567646,0.004889655509032309,0.09292227495461702,0.2559424079954624,0.0012533364206319675
IL_5746899,0.11889620684087276,0.3748486712574959,0.0010003170173149556,0.10769162885844707,0.0012182137870695442,0.0005738832624047063,0.004534742824034765,0.015050567453727126,0.006765910540707409,0.368318397551775,0.0011014948977390304
IL_5770284,0.002033617114648223,0.0020289872772991657,0.0003244589170208201,0.008002532238606364,0.0004202254604024347,0.0004394327406771481,0.0003328432758280542,0.00893731735413894,0.9771988093852997,0.00013538663552026264,0.0001463712742406642
IL_5841112,0.001501495818956755,0.0027457632240839303,0.00021847056450496893,0.013159951544366777,0.0028054742433596402,0.00034518195570854004,0.0005242500537860906,0.004007015464594588,0.9741311222314835,0.00023399898600473534,0.00032728085534472484
IL_5873278,0.08386759832501411,0.7370300069451332,0.0053506118565564975,0.04592710267752409,0.01965235499665141,0.0014485012870864011,0.003940845257602632,0.013818445848301053,0.015314873307943344,0.07254598941653967,0.0011036762734875083
IL_5886154,0.2522999942302704,0.036445626989006996,0.0359716092934832,0.5885377377271652,0.0015662680089008063,0.0007526627305196598,0.0023695115523878485,0.056401077192276716,0.022509803529828787,0.0030096795526333153,0.00013603336628875695
IL_5891440,0.04139515571296215,0.3954375088214874,0.0005048028178862296,0.316818967461586,0.0013746615732088685,0.0005546738975681365,0.0009824052176554687,0.012625008588656783,0.007151826401241124,0.22106707654893398,0.0020879306248389184
IL_5907718,0.029499252559617162,0.21675208397209644,0.00014952275159885176,0.012128481059335172,0.0005991716352582444,0.00034129743289668113,0.0004950525799358729,0.0023575495870318264,0.0012727685243589804,0.736171618103981,0.000233216502238065
IL_5913331,0.1365095628425479,0.5504210665822029,0.01916437316685915,0.03401549346745014,0.0013754768151557073,0.17951860837638378,0.0014540171978296712,0.01145227812230587,0.01446737872902304,0.05053893011063337,0.0010828227204910945
IL_5917748,0.026408917270600796,0.888014942407608,0.00033620919566601515,0.015671754255890846,0.0005586075567407534,0.0007766573471599258,0.0011885153508046642,0.002336772275157273,0.002527411445043981,0.0608974602073431,0.0012827806640416384
IL_5924119,0.00045401395618682727,0.001986106508411467,0.0005922125637880526,0.003361295268405229,0.0005817004166601691,0.00046324864524649456,0.000543681402632501,0.009821778046898544,0.9817233979701996,0.0003093339764745906,0.0001632152043384849
IL_5926691,0.008784552977886051,0.02644306025467813,0.00297537594451569,0.06062817573547363,0.00660213315859437,0.0005766995818703435,0.0022079781629145145,0.35342107713222504,0.5337684601545334,0.0013036711752647534,0.0032888011046452448
IL_5932158,0.1806667223572731,0.454264834523201,0.010423695901408792,0.20011339522898197,0.004398807301186025,0.02590142423287034,0.0013100432843202725,0.008206323604099452,0.01756684063002467,0.0911174276843667,0.0060304790968075395
IL_5978307,0.005705069401301444,0.14021356776356697,0.006807815108913928,0.06597298523411155,0.04237082879990339,0.0036094665993005037,0.004852726764511317,0.08994008786976337,0.6335942596197128,0.0035776317527052015,0.003355566324898973
IL_6000978,0.03886083420366049,0.5894828587770462,0.0030927995685487986,0.3063761703670025,0.01298290432896465,0.008748664404265583,0.0026923454424832016,0.008045323367696255,0.005783612374216318,0.02315281075425446,0.0007816877186996862
IL_6012528,0.018451123731210828,0.5603431537747383,0.00038168377432157286,0.04432788025587797,0.0024821437837090343,0.0005528028268599883,0.0005355507018975914,0.003722669294802472,0.00323212135117501,0.3647026978433132,0.001268165920919273
IL_6031916,0.06736727710813284,0.4856986366212368,0.00459140568273142,0.09139021765440702,0.008722329628653824,0.21405658219009638,0.0041981614776887,0.025730184046551585,0.05838631931692362,0.03144752513617277,0.008411376795265824
IL_6046824,0.03069501300342381,0.6730622500181198,0.001975791572476737,0.09583311062306166,0.00047789256859687157,0.0007828079105820507,0.003766187932342291,0.013107280945405364,0.006077548721805215,0.17231365106999874,0.0019084695522906259
IL_6051806,0.02393360109999776,0.4805392846465111,0.013373312191106379,0.11450648680329323,0.00040719374374020845,0.0013958303752588108,0.004015219717985019,0.34603414684534073,0.013512302306480706,0.0014797232870478183,0.0008029315649764612
IL_6066131,0.08588760253041983,0.7685430198907852,0.0004714654933195561,0.01659846189431846,0.0005411534948507324,0.00029014427855145186,0.0008959780825534835,0.004586903378367424,0.0033658223692327738,0.11806710995733738,0.0007523265376221389
IL_6070882,0.14249330759048462,0.30094846710562706,0.00029417473706416786,0.0992625467479229,0.001002073855488561,0.0009049990221683402,0.0013630511239171028,0.0018719545332714915,0.013573824428021908,0.4377123787999153,0.0005732354256906547
IL_6075447,0.0640815980732441,0.787799745798111,0.0018710009171627462,0.05581934470683336,0.0014231308159651235,0.009482445428147912,0.0004929533242830075,0.005308017774950713,0.011394977569580078,0.061884892638772726,0.00044192877248860896
IL_6099493,0.011218359170015901,0.926343709230423,0.0017346623935736716,0.03143031569197774,0.0035129419193253852,0.0005116815664223395,0.0009226642250723671,0.010003716219216585,0.006419808836653829,0.0038703688187524676,0.004031778094940819
IL_6099858,0.039068798534572124,0.8048458099365234,0.0008050556716625579,0.06292675156146288,0.0006143856517155655,0.007200532418210059,0.0010982377862092108,0.004995188966859132,0.003002794459462166,0.07334803743287921,0.0020944008138030767
IL_6129083,0.0032963482663035393,0.052264777943491936,0.08356461580842733,0.0722830481827259,0.06614579120650887,0.020158219384029508,0.0017593128723092377,0.04424281790852547,0.649827852845192,0.0025670615141279995,0.003890154155669734
IL_6163594,0.15510763134807348,0.34539276733994484,0.00033104296744568273,0.24162909761071205,0.015663897152990103,0.003038246155483648,0.002955996198579669,0.0034233094193041325,0.008901950321160257,0.22276100143790245,0.0007950554718263447
IL_6164735,0.03251930745318532,0.22846892289817333,0.0003509104972181376,0.46156690269708633,0.012608757184352726,0.01616966398432851,0.003553803777322173,0.023375889053568244,0.03000144357793033,0.19011737406253815,0.001267025203560479
IL_6191818,0.00863776111509651,0.06053297221660614,0.0015474513493245468,0.1689346395432949,0.00035777432640315965,0.003916880814358592,0.0011090920015703887,0.004771738720592111,0.00283456698525697,0.7466379255056381,0.0007191995609900914
IL_6197538,0.040623996406793594,0.6221518963575363,0.0037030356761533767,0.10348389856517315,0.0018945515475934371,0.0018752622127067298,0.0016514390881638974,0.09242636803537607,0.0929635176435113,0.03786394256167114,0.0013620956451632082
IL_6214063,0.21514402516186237,0.4416913017630577,0.0006706538406433538,0.12956510111689568,0.0031357796251541004,0.005752549157477915,0.002182968077249825,0.00345823384122923,0.003788787464145571,0.19360969215631485,0.0010008987446781248
IL_6247837,0.07484472822397947,0.7848740220069885,0.001942017610417679,0.059859877452254295,0.0018647432734724134,0.003125015296973288,0.001940951740834862,0.012018316774629056,0.023189105791971087,0.03111324063502252,0.005227976318565197
IL_6254530,0.009004440857097507,0.37657126039266586,0.0017913566261995584,0.07733683520928025,0.024080928415060043,0.00625636160839349,0.006149015593109652,0.17960331216454506,0.3137727603316307,0.0036231817211955786,0.0018105510825989768
IL_6298296,0.08450222667306662,0.7003335207700729,0.03682440030388534,0.042738883988931775,0.015467217424884439,0.0667935274541378,0.002103015925968066,0.014173358678817749,0.02098626527003944,0.012925820308737457,0.0031517660536337644
IL_6311333,0.013725915108807385,0.8285999596118927,0.00044009523844579235,0.0144512252882123,0.0007006149680819362,0.0004796446046384517,0.0005642100804834627,0.001570403401274234,0.0015782908303663135,0.13688619807362556,0.0010034122169599868
IL_6364048,0.024339671479538083,0.7472892254590988,0.02658816531766206,0.04288240568712354,0.024198917439207435,0.039384858682751656,0.0018063934694509953,0.026313096284866333,0.028683295007795095,0.027890683384612203,0.010623273439705372
IL_6375582,0.009709359146654606,0.8244245499372482,0.0016837790317367762,0.12116894498467445,0.006541314243804663,0.007220285770017654,0.0015383462741738185,0.005511532071977854,0.007889527711085975,0.013722552685067058,0.0005898117597098462
IL_6379178,0.02275461540557444,0.21081418171525002,0.0009689736543805338,0.46083304286003113,0.0025337850966025144,0.0014424462715396658,0.003164324938552454,0.07726060505956411,0.21186796389520168,0.006528535974211991,0.0018315017950953916
IL_6379354,0.3961285352706909,0.14099176228046417,0.00181208188587334,0.41788995265960693,0.001931769227667246,0.0005558655757340603,0.0005166602313693147,0.006359999417327344,0.010992349474690855,0.022646887227892876,0.00017413223577023018
IL_6430602,0.037214844953268766,0.4209705591201782,0.018084698705933988,0.05266540544107556,0.0011029081069864333,0.0006318200648820493,0.0011720460170181468,0.018475706048775464,0.01020856131799519,0.41564323008060455,0.023830192745663226
IL_6444875,0.021771720610558987,0.8084402084350586,0.0005959579648333602,0.10311942268162966,0.0051701797056011856,0.0003816089447354898,0.0005723462272726465,0.016714238096028566,0.005041480006184429,0.03533744579181075,0.002855414611985907
IL_6483133,0.003868651983793825,0.026965887984260917,0.006617734499741346,0.12019706517457962,0.016354384599253535,0.006467851577326655,0.004475194087717682,0.11084177624434233,0.7023678570985794,0.0007346869097091258,0.0011089164618169889
IL_6492206,0.05066898372024298,0.8102800250053406,0.0008473065390717238,0.04139598086476326,0.0010389135859441012,0.0022685258591081947,0.0019307655020384118,0.04743857402354479,0.03911546664312482,0.004687265492975712,0.0003281947829236742
IL_6495967,0.2221312914043665,0.3976127728819847,0.003046790836378932,0.0815701400861144,0.005612823006231338,0.04439328517764807,0.002675927127711475,0.008936305530369282,0.009687451994977891,0.21914367005228996,0.00518955517327413
IL_6516078,0.012325624353252351,0.1202368400990963,0.0008479291573166847,0.22744668647646904,0.0018718393257586285,0.0007862347483751364,0.0008624023030279204,0.0045072107459418476,0.005882257362827659,0.6243607625365257,0.0008722047641640529
IL_6579859,0.0028084593650419265,0.07614914234727621,0.060650843661278486,0.025949389208108187,0.005759860097896308,0.0018604060460347682,0.002919286518590525,0.16796829365193844,0.6383539363741875,0.0009646385005908087,0.01661572977900505
IL_6580455,0.08671558741480112,0.24572652578353882,0.0062058017356321216,0.21900979802012444,0.008388554211705923,0.0028240089013706893,0.003246540160034783,0.21172714605927467,0.20882249809801579,0.0028316261305008084,0.004501900140894577
IL_6580650,0.0015856497484492138,0.020819370285607874,0.01021339133149013,0.027166853891685605,0.002873654040740803,0.0008131850190693513,0.0018441052525304258,0.06405551265925169,0.868657112121582,0.0005911197076784447,0.001380028814310208
IL_6601787,0.08091096393764019,0.7687035799026489,0.001342851872323081,0.09731927141547203,0.0023484287376049906,0.001344739692285657,0.004865946539212018,0.01988956704735756,0.006578661093953997,0.011967089027166367,0.004728922096546739
IL_6603212,0.20846233516931534,0.03599733952432871,0.014053932391107082,0.4232981875538826,0.00929923786316067,0.03865918843075633,0.001310500047111418,0.1199561832472682,0.14550509583204985,0.002162269811378792,0.0012957110157003626
IL_6607523,0.017260401393286884,0.6446150615811348,0.010910330805927515,0.013063261518254876,0.01684362255036831,0.027492842637002468,0.0026102210977114737,0.07722138101235032,0.16840008459985256,0.01433843735139817,0.007244374020956457
IL_6614720,0.04764112317934632,0.7189344987273216,0.00177266301761847,0.17311191000044346,0.0020539363176794723,0.0032598580874036998,0.0014207689673639834,0.008101350220385939,0.009824546636082232,0.019808887504041195,0.014070480479858816
IL_6615378,0.039038168266415596,0.5469119250774384,0.0014858512658975087,0.3293454311788082,0.0016940333880484104,0.004099958343431354,0.004045556852361187,0.03304400225169957,0.034981969045475125,0.004727162828203291,0.0006259749134187587
IL_6619207,0.02002120832912624,0.9483513832092285,0.000984110141871497,0.009369405335746706,0.00026517397418501787,0.0012630747587536462,0.00032671451117494144,0.006236903776880354,0.0014342468930408359,0.01163289975374937,0.00011487068695714697
IL_6671454,0.3323824480175972,0.1502891294658184,0.00035597342866822146,0.07509395200759172,0.0004859193977608811,0.0004819264941033907,0.0018527073552832007,0.0023952859337441623,0.0032585326698608696,0.4331861361861229,0.0002179930088459514
IL_6691109,0.013313918374478817,0.1697288453578949,0.000948395929299295,0.36096880212426186,0.0026673854154068977,0.01244739512912929,0.0014981494168750942,0.0042485392186790705,0.0036769970320165157,0.4273596331477165,0.0031419422302860767
IL_6705688,0.04008464561775327,0.6000515595078468,0.004513535852311179,0.10810361709445715,0.0006728320076945238,0.0019249090837547556,0.0020391638827277347,0.0031230645545292646,0.008811666280962527,0.224029453471303,0.006645566143561155
IL_6720101,0.015707176993601024,0.7977802902460098,0.0035107781004626304,0.022745246533304453,0.0009686859557405114,0.003484760381979868,0.0006667215056950226,0.008418828365392983,0.005542931787203997,0.14010623190551996,0.0010683612490538508
IL_6730800,0.031854871776886284,0.702763520181179,0.00117462917114608,0.019119308097288013,0.0020193981181364506,0.010004950396250933,0.004012380290077999,0.007202478474937379,0.003968808625359088,0.21478724107146263,0.0030923872254788876
IL_6785749,0.050305355340242386,0.1802599374204874,0.0003111200967396144,0.40792445838451385,0.0003633536325651221,0.0014713290438521653,0.0005344886667444371,0.0017771387210814282,0.005405154137406498,0.35120512172579765,0.00044253906526137143
IL_6799756,0.022867709398269653,0.8996036350727081,0.00037373985469457693,0.03354001138359308,0.001176699370262213,0.0007334160109166987,0.0007045087768347003,0.0016004671342670918,0.0017519589746370912,0.03734045848250389,0.0003073906773352064
IL_6928115,0.01861204789020121,0.08974310895428061,0.009482727735303342,0.7325888872146606,0.002908275811932981,0.007381528790574521,0.0007901031567598693,0.027380744693800807,0.01934303157031536,0.09017979772761464,0.001589751016581431
IL_6943589,0.056087092496454716,0.20493396744132042,0.006290730030741543,0.10558610688894987,0.0004793353218701668,0.002660531237779651,0.001003507335553877,0.006785515695810318,0.0049921091995202005,0.6048460379242897,0.006335040787234902
IL_6964671,0.12794207502156496,0.5246124789118767,0.0005368354104575701,0.036065241787582636,0.009137874003499746,0.0008361527216038667,0.002148317376850173,0.0034826849587261677,0.002997677307575941,0.28945381939411163,0.0027868307661265135
IL_7115582,0.023342059226706624,0.5492299720644951,0.009339879790786654,0.08058921713382006,0.09873691713437438,0.107726383022964,0.011142006813315675,0.06197522021830082,0.05053964233957231,0.006550887250341475,0.0008278055029222742
IL_7148487,0.06329396646469831,0.7737767398357391,0.0008198111827368848,0.10475447867065668,0.0003276125207776204,0.0007715797692071646,0.0021443700388772413,0.004678924742620438,0.0029541191179305315,0.046247674617916346,0.0002307323502463987
IL_7214473,0.007629238534718752,0.7981817573308945,0.0015842484717722982,0.14599549397826195,0.010172977694310248,0.0063863097166176885,0.0006782089913031086,0.012347882380709052,0.007838429417461157,0.00785494816955179,0.0013305143656907603
IL_7218860,0.014965626178309321,0.12176973931491375,0.013677108683623374,0.10911425296217203,0.06600006856024265,0.0214535656850785,0.013195069099310786,0.49899549782276154,0.12873134389519691,0.008734042407013476,0.0033636857697274536
IL_7220515,0.013768809265457094,0.8149298429489136,0.0011023964907508343,0.10738486610352993,0.0033834378700703382,0.006567382428329438,0.0021057940321043134,0.010619053267873824,0.010495221707969904,0.028952664230018854,0.0006905557384015992
IL_7336116,0.0009595586889190599,0.004509390448220074,0.000373379050870426,0.00537023606011644,0.0009604771621525288,0.0004678607947425917,0.0009972711850423366,0.05716628395020962,0.9277618527412415,0.0005633101573039312,0.0008703489802428521
IL_7352985,0.014642791589722037,0.8192939311265945,0.00047607154556317255,0.09309461899101734,0.004340340819908306,0.0004922011430608109,0.0006301832254393958,0.006657825957518071,0.05528243212029338,0.004073000862263143,0.0010166142747038975
IL_7359666,0.20156387984752655,0.5852015987038612,0.0014702356420457363,0.16516908630728722,0.0004004048169008456,0.0034187133132945746,0.000427821771154413,0.006812404375523329,0.014992474112659693,0.020238412776961923,0.0003049821752938442
IL_7360646,0.17258266545832157,0.5283888354897499,0.0005497155143530108,0.1446215733885765,0.0009009886562125757,0.0031973393488442525,0.0002434235193504719,0.009808829927351326,0.03918056795373559,0.09039273392409086,0.01013332835282199
IL_7392612,0.05452034040354192,0.785287618637085,0.0014870407321723178,0.10285450331866741,0.0007452436548192054,0.0010439835023134947,0.0012678901257459074,0.00300296995555982,0.005600084434263408,0.04399009980261326,0.00020019528710690793
IL_7432503,0.003994609753135592,0.02635232196189463,0.0013365874256123789,0.06243432080373168,0.04260273452382535,0.0010140618906007148,0.00047078067291295156,0.10539508238434792,0.7542181760072708,0.0008055857906583697,0.0013757378765149042
IL_7433595,0.02126167295500636,0.8598679453134537,0.0005416561616584659,0.0135637482162565,0.022496709367260337,0.005087621859274805,0.00027080761356046423,0.009945141267962754,0.059547324664890766,0.006284764327574521,0.0011326126914354973
IL_7436788,0.3639286085963249,0.3343791365623474,0.0062172485631890595,0.05716986954212189,0.0011783401278080419,0.0147590875858441,0.0011477260413812473,0.003644207085017115,0.017107692547142506,0.19663526117801666,0.0038328082009684294
IL_7451087,0.04594867490231991,0.4055795595049858,0.0015608221583534032,0.23505528457462788,0.0007455764716723934,0.00032452360028401017,0.00038423768273787573,0.025366055080667138,0.0037626521079801023,0.27838222682476044,0.002890399133320898
IL_7452804,0.10338152013719082,0.0505848778411746,0.0002106047140841838,0.1040872111916542,0.0003227161505492404,0.000225936557399109,0.0009181176137644798,0.0013907471729908139,0.002980620425660163,0.7356998473405838,0.0001978194559342228
IL_7462703,0.013522704830393195,0.9131665378808975,0.00030543266984750517,0.0192972372751683,0.008914052275940776,0.0013567056812462397,0.0002472287742421031,0.006745975813828409,0.018125181552022696,0.016412647906690836,0.0019062954088440165
IL_7464129,0.00027104153923573904,0.0013452609855448827,0.0013692539214389399,0.0026067151338793337,0.00079250535054598,0.0010202192206634209,0.00045396224595606327,0.01777942234184593,0.9736422598361969,0.00016221848636632785,0.0005571461188083049
IL_7475868,0.02476360648870468,0.8545921444892883,0.0013988368009449914,0.07764556724578142,0.0013939449127065018,0.0040314859070349485,0.0005530070338863879,0.02340651780832559,0.0033416462247259915,0.007506027934141457,0.0013672056375071406
IL_7505442,0.21203133091330528,0.4759984016418457,0.00029786232335027307,0.1303100474178791,0.0006846731848781928,0.008557202585507184,0.0021513046376639977,0.0032001149374991655,0.0038011682336218655,0.16199666447937489,0.0009712361497804523
IL_7512996,0.06901885801926255,0.3716253712773323,0.00029255875415401533,0.039151443634182215,0.0016807478968985379,0.005469290044857189,0.0014469655434368178,0.004838634777115658,0.0034630201407708228,0.5020842924714088,0.0009288030851166695
IL_7557824,0.016983314184471965,0.2723579667508602,0.0013855308789061382,0.035917912842705846,0.0003465619884082116,0.004855367151321843,0.0017406831175321713,0.005221205006819218,0.0021917551348451525,0.6555854305624962,0.003414273582166061
IL_7559500,0.028189299162477255,0.19573836028575897,0.002973242400912568,0.1907529328018427,0.0035339845635462552,0.00157816507271491,0.0041288612119387835,0.2964412569999695,0.271587872877717,0.0047876277239993215,0.00028839532387792133
IL_7580080,0.0036907930043525994,0.04050060035660863,0.0055748070299159735,0.030229929834604263,0.23288141749799252,0.0015686591214034706,0.002016970596741885,0.16728711500763893,0.5128078013658524,0.0007544357795268297,0.002687483705813065
IL_7604960,0.07521708402782679,0.7584401816129684,0.00023372396390186623,0.09281542245298624,0.0009348910534754395,0.00254374832729809,0.0006597199535463005,0.00308676331769675,0.0064333120244555175,0.05904973763972521,0.0005853909460711293
IL_7612830,0.02019262663088739,0.9075491726398468,0.0004050475363328587,0.04744211304932833,0.0006925858833710663,0.00021482607371581253,0.00014602840201405343,0.004639869497623295,0.0043088142410852015,0.014173870207741857,0.00023507970217906404
IL_7636226,0.12618158385157585,0.5145270228385925,0.0013566869456553832,0.25602535158395767,0.001224996187374927,0.0010592443140922114,0.0021427269093692303,0.07803626824170351,0.014229900436475873,0.004584734095260501,0.0006314933416433632
IL_7640681,0.05396599066443741,0.7450997680425644,0.00017155022032966372,0.007014659757260233,0.0009607064566807821,0.002024424378760159,0.002086916661937721,0.0023881458037067205,0.0014112205972196534,0.1822142880409956,0.0026623085141181946
IL_7667532,0.04276325786486268,0.7166321724653244,0.002362287588766776,0.1070011593401432,0.003924194854334928,0.0038738285948056728,0.001315876899752766,0.04361090937163681,0.013125302852131426,0.06160962302237749,0.0037813910166732967
IL_7720827,0.027654383331537247,0.4026285372674465,0.09856043476611376,0.03284352412447333,0.006534648302476853,0.24751431494951248,0.00180383215774782,0.04187629627995193,0.0169156352058053,0.06023352313786745,0.06343485461547971
IL_7744265,0.01279313606210053,0.7161598056554794,0.01766260853037238,0.1001292560249567,0.023219142807647586,0.03877075179480016,0.0037253082846291363,0.03598904772661626,0.04013967886567116,0.00951558246742934,0.0018956648418679833
IL_7750228,0.02675815229304135,0.740365631878376,0.002518594730645418,0.051502169109880924,0.005420579225756228,0.0032468675053678453,0.0013859753380529583,0.006788475322537124,0.015359276439994574,0.14268647693097591,0.0039677792228758335
IL_7772384,0.04315801477059722,0.54330213367939,0.00029562537383753806,0.08485144376754761,0.0048481307458132505,0.002177994101657532,0.0011423674004618078,0.0038779652677476406,0.004084748798049986,0.3112304974347353,0.0010310997095075436
IL_7777526,0.004764825745951384,0.17423068918287754,0.005185752030229196,0.43465234339237213,0.011032184585928917,0.001974467741092667,0.001680629444308579,0.10105003230273724,0.2624773923307657,0.001788446243153885,0.0011632329114945605
IL_7780812,0.10324430465698242,0.7375842332839966,0.0007103018069756217,0.10483588837087154,0.004352990130428225,0.0017083579732570797,0.00094796819757903,0.004636223922716454,0.010145329753868282,0.031014317413792014,0.000820096509414725
IL_7814962,0.02138636843301356,0.8266740441322327,0.0006734466078341939,0.030588408699259162,0.003766035195440054,0.0019232927734265104,0.004817328386707231,0.05477574374526739,0.0391662223264575,0.013739204150624573,0.00248987038503401
IL_7839360,0.007070347724948078,0.6167570501565933,0.0026231865922454745,0.14275359362363815,0.07743464829400182,0.03249916812637821,0.004982483049388975,0.01623752061277628,0.041742614936083555,0.027534012449905276,0.030365394661203027
IL_7845741,0.04376479284837842,0.7801193445920944,0.00038600797051913105,0.03098492370918393,0.004080102749867365,0.0018793264680425636,0.0006144943581603002,0.0036152050306554884,0.0035684130853042006,0.13014573138207197,0.0008416384735028259
IL_7858220,0.030110158026218414,0.9284302443265915,0.0002176972084271256,0.0132156724575907,0.00025370166622451507,0.001137877014116384,0.0005519846599781886,0.001455998994060792,0.0012557460722746328,0.021889357129111886,0.001481556442740839
IL_7877903,0.07326346728950739,0.03264830447733402,0.012655997648835182,0.16621927544474602,0.0012238856143085286,0.0014692795666633174,0.001049491300364025,0.06198013387620449,0.6483720988035202,0.0006959154634387232,0.00042216346628265455
IL_7896836,0.10544255003333092,0.6404434591531754,0.000549294643860776,0.07371825538575649,0.00041021895594894886,0.001225060157594271,0.00032442448718938977,0.0037478714366443455,0.004051275551319122,0.16941494308412075,0.0006726605424773879
IL_7914681,0.020520362304523587,0.7990199029445648,0.00400379003258422,0.01812187395989895,0.010548406396992505,0.0016331902224919759,0.001149331874330528,0.007154674793127924,0.0064081112504936755,0.12420791387557983,0.0072324302163906395
IL_7917684,0.012857087072916329,0.08806850668042898,0.0010856372100533918,0.1818043477833271,0.003796486940700561,0.0006255075932131149,0.0016743247251724824,0.5632391721010208,0.1414518542587757,0.004095745738595724,0.0013013277493882924
IL_7919145,0.04493964649736881,0.9174070954322815,0.0008270400940091349,0.014377871295437217,0.0002533429469622206,0.002475972840329632,0.0006740916578564793,0.001656451087910682,0.0032584787986706942,0.013543996610678732,0.0005859923257958144
IL_7944285,0.028674855828285217,0.022278887452557683,0.0004284463429939933,0.8008991330862045,0.0003409161508898251,0.0007907903018349316,0.0001689216514932923,0.0064856865792535245,0.006780498835723847,0.13271496631205082,0.0004368826575955609
IL_7945525,0.16679453290998936,0.6184256225824356,0.0017256362916668877,0.05337087996304035,0.004286318086087704,0.00666974246269092,0.002888548362534493,0.006644728360697627,0.0031466278596781194,0.13509494345635176,0.0009524714623694308
IL_7955621,0.016479949932545424,0.8726105988025665,0.0007070728970575146,0.07623896701261401,0.004647391906473786,0.002573329780716449,0.000248019139689859,0.003078581823501736,0.006561419344507158,0.005405016650911421,0.01144968334119767
IL_7983237,0.001337703361059539,0.02129414491355419,0.003367615834577009,0.011888728942722082,0.0005792410665890202,0.00048482834972674027,0.001421874767402187,0.03624643199145794,0.9200704991817474,0.0006064601329853758,0.0027024647570215166
IL_7988157,0.03527585510164499,0.7426118403673172,0.004425373917911202,0.10266213770955801,0.002759893861366436,0.009395544533617795,0.0025040806067408994,0.01274955493863672,0.024288137909024954,0.059993776958435774,0.003333798871608451
IL_8041132,0.22500952519476414,0.2830268666148186,0.003066347853746265,0.19564136862754822,0.0005992885417072102,0.0023418196360580623,0.0017580806888872758,0.008734304399695247,0.00619168090634048,0.2654120549559593,0.008218664501328021
IL_8073225,0.03180622914806008,0.17042265459895134,0.0003664751202450134,0.15497984550893307,0.00041958795191021636,0.0005881250399397686,0.0010290462960256264,0.0031850777741055936,0.003402480040676892,0.6329772770404816,0.0008232025284087285
IL_8136561,0.018900966038927436,0.30654309689998627,0.0010210037871729583,0.01706649037078023,0.03847530635539442,0.0007007562744547613,0.0006631784490309656,0.003083259711274877,0.005707304109819233,0.6019025221467018,0.005936130532063544
IL_8138997,0.02470150520093739,0.9155992120504379,0.0015159664471866563,0.02381865819916129,0.004377501783892512,0.0013832017211825587,0.0021650188136845827,0.0037960728514008224,0.004585714021231979,0.01788309379480779,0.00017405864491593093
IL_8139746,0.0039525170577690005,0.8568408340215683,0.00052342765047797,0.11813664808869362,0.003066920951823704,0.00020361216047604103,0.00020923125066474313,0.004517792025581002,0.007095586974173784,0.005291621520882472,0.00016180261809495278
IL_8183381,0.32808323204517365,0.46522362530231476,0.0005356743386073504,0.07850056607276201,0.0003304304264020175,0.0004868099567829631,0.000602918655204121,0.0011447531578596681,0.004245266318321228,0.12066333089023829,0.00018338101654080674
IL_8191336,0.006477763876318932,0.936910942196846,0.0001484020413045073,0.038839695043861866,0.0032468185818288475,0.0029852170846424997,0.0001578023784531979,0.0033669672557152808,0.002005777641898021,0.005483487853780389,0.0003771403935388662
IL_8258340,0.00949036085512489,0.06340618804097176,0.0001710222386464011,0.06251367926597595,0.0003562146703188773,0.00031502361889579333,0.0002739984975050902,0.001262575158762047,0.0010027142343460582,0.860457107424736,0.0007510933828598354
IL_8288616,0.33830802142620087,0.04120389139279723,0.021328737726435065,0.3887169621884823,0.0013908194086980075,0.011557486956007779,0.009915071772411466,0.16881092078983784,0.015374622424133122,0.0027019872213713825,0.0006914783443789929
IL_8295267,0.250293605029583,0.5780583545565605,0.00012876285290985834,0.05449025705456734,0.0007474813537555747,0.00019084108498645946,0.0005538388431887142,0.0012908682256238535,0.0033658062166068703,0.11035779491066933,0.0005223887965257745
IL_8342281,0.014084784081205726,0.9443336874246597,0.0005786523724964354,0.006193462293595076,0.003812736744293943,0.008150061999913305,0.0013784999755444005,0.0034953784779645503,0.0025593975151423365,0.014947589952498674,0.00046575961459893733
IL_8371338,0.11971249245107174,0.42030860483646393,0.0005586810984823387,0.11403178982436657,0.003420474284212105,0.009645341575378552,0.0012670215219259262,0.005100037262309343,0.007516472600400448,0.31728027388453484,0.0011588296765694395
IL_8415316,0.05962015688419342,0.3548308275640011,0.07405246832058765,0.08470050524920225,0.004826143616810441,0.03315684152767062,0.004481850366573781,0.216795327141881,0.0539476377889514,0.017267433810047805,0.09632081212475896
IL_8416177,0.008185510989278555,0.09922063257545233,0.005984131130389869,0.34836840257048607,0.012888277065940201,0.003152946796035394,0.01777942117769271,0.3017326854169369,0.1928316093981266,0.00410545855993405,0.005750919051934034
IL_8416753,0.01900240173563361,0.6979715079069138,0.022029668441973627,0.08636836148798466,0.029360770946368575,0.06394487689249218,0.0014863594115013257,0.02380501525476575,0.008171752910129726,0.033972701523453,0.013886613422073424
IL_8449784,0.01081857387907803,0.9074529707431793,0.0010864715950447135,0.056904345750808716,0.00234610446204897,0.0003674037798191421,0.00021005057351430878,0.009001835016533732,0.007336726179346442,0.00392344722058624,0.0005521062994375825
IL_8456893,0.023815502878278494,0.9218057990074158,0.0002127687639585929,0.020525468746200204,0.0003000992401211988,0.00037876993883401155,0.0004124098923057318,0.003447061142651364,0.0022778245038352907,0.02621380891650915,0.0006104681888245977
IL_8510989,0.027634861413389444,0.8615186363458633,0.0005558796838158742,0.0828778026625514,0.0004956585507898126,0.0028179969813209027,0.0007561892125522718,0.008512576401699334,0.0026851371803786606,0.011875756434164941,0.00026950328901875764
IL_8524892,0.2677793316543102,0.13615470379590988,0.003127750940620899,0.478052482008934,0.001074906685971655,0.014781479840166867,0.006017358798999339,0.06983293313533068,0.012163121718913317,0.010622362024150789,0.00039358037975034676
IL_8562073,0.023766028229147196,0.3418976478278637,0.05217734817415476,0.10590122547000647,0.0720725767314434,0.012057283311150968,0.002930991511675529,0.08305176813155413,0.19623464345932007,0.031443010084331036,0.07846747897565365
IL_8576492,0.03216264396905899,0.054044139571487904,0.00018141432883567177,0.48239807039499283,0.0002639977974467911,0.0036315197503427044,0.0003802984028880019,0.0017419955256627873,0.00378655141685158,0.42066459730267525,0.0007448034521075897
IL_8579370,0.036543686874210835,0.1558172758668661,0.0002779712012852542,0.6616533622145653,0.0039749370771460235,0.006301964865997434,0.0010883728682529181,0.008354165009222925,0.018815369112417102,0.10600389260798693,0.0011690186584019102
IL_8580922,0.10355733521282673,0.7338786423206329,0.00014942993220756762,0.11588608101010323,0.0032049146248027682,0.00040798950431053527,0.0005714185244869441,0.002018337312620133,0.00207155998214148,0.038095006020739675,0.0001592970256751869
IL_8587951,0.10521251056343317,0.4562326520681381,0.004211264837067574,0.23606526292860508,0.0007922563672764227,0.0027385358116589487,0.0007941007934277877,0.01971956342458725,0.02701344690285623,0.14280428737401962,0.004416113457409665
IL_8698362,0.0010591814061626792,0.007194155070465058,0.004030671436339617,0.019099993514828384,0.0022747197945136577,0.0006302721885731444,0.0008845710181049071,0.07573255617171526,0.8878424167633057,0.000673212154651992,0.0005782391599495895
IL_8706018,0.062304418068379164,0.7376499474048615,0.012659693718887866,0.04402754735201597,0.003086759999860078,0.02999271173030138,0.0024485957983415574,0.02195050031878054,0.007133361708838493,0.07724794326350093,0.001498529232776491
IL_8779223,0.04051202116534114,0.5063477382063866,0.00015906504449958447,0.14423224329948425,0.0009103656484512612,0.00041272681664850097,0.0008035075261432212,0.005242781626293436,0.004658931342419237,0.2963712848722935,0.000349315505445702
IL_8807227,0.009084351302590221,0.9016032665967941,0.0002919775251939427,0.0500066289678216,0.0038664056337438524,0.00035121395922033116,0.00035063821633229963,0.005534268217161298,0.006032077595591545,0.022181175416335464,0.0006980270482017659
IL_8864283,0.0010588395525701344,0.0030347197025548667,0.019033127813600004,0.007873816415667534,0.0032431103463750333,0.000991154884104617,0.0013936135655967519,0.030171855352818966,0.930674135684967,0.00046305179421324283,0.0020625550532713532
IL_8869852,0.030129078309983015,0.7701055407524109,0.003120520355878398,0.05376683548092842,0.02270123572088778,0.03912118775770068,0.005094931198982522,0.018181923660449684,0.011239355662837625,0.04524402180686593,0.0012953930563526228
IL_8892064,0.2933667227625847,0.14092181995511055,0.0030715085740666837,0.1438650880008936,0.0005009379710827488,0.0012821530544897541,0.000793984901974909,0.004162396886385977,0.01482029422186315,0.3878696598112583,0.009345425060018897
IL_8894007,0.0074922419735230505,0.0339751155115664,0.002825349452905357,0.029801691649481654,0.0008959583137766458,0.0009825878842093516,0.0017795208841562271,0.840814858675003,0.07889233622699976,0.0011162680748384446,0.0014240604505175725
IL_8908749,0.01698469975963235,0.36728736385703087,0.0006499537485069595,0.34342192858457565,0.003532766771968454,0.008597488020313904,0.0016736856487113982,0.0048916590749286115,0.005321684177033603,0.2464652769267559,0.0011734956642612815
IL_8914785,0.03205079631879926,0.04427598603069782,8.012216585484566e-05,0.014174820040352643,0.00020276967552490532,0.00013794693040836137,0.0003483713953755796,0.0006034389407432172,0.0007524824686697684,0.9072512090206146,0.00012206803330627736
IL_8947300,0.030989158898591995,0.7434419319033623,0.0037051417748443782,0.14226060919463634,0.003152580902678892,0.012337963038589805,0.0008640882952022366,0.008216917049139738,0.042760860873386264,0.011658071191050112,0.0006126926600700244
IL_8974391,0.05619334615767002,0.3433581590652466,0.027048158284742385,0.053666756488382816,0.0025505661906208843,0.04687451524659991,0.005103021860122681,0.01620500418357551,0.012341233668848872,0.4117082208395004,0.0249510093126446
IL_9036064,0.03226170735433698,0.9069018363952637,0.00038053026582929306,0.03938721679151058,0.0011439482041168958,0.0002937323679361725,0.0002567136489233235,0.004809855599887669,0.006531426915898919,0.007711156620644033,0.0003218328820366878
IL_9058117,0.02301273331977427,0.8644841611385345,0.001764517233823426,0.07124193292111158,0.002587820461485535,0.0010453766444697976,0.004522954724961892,0.010068303672596812,0.007566086249426007,0.01276706182397902,0.0009390583873027936
IL_9061839,0.1420835219323635,0.41576342284679413,0.0006506033969344571,0.13577581569552422,0.002411886991467327,0.0018300309602636844,0.0006045164045644924,0.00583336316049099,0.01764892670325935,0.2728976085782051,0.004500308452406898
IL_9079153,0.04383743181824684,0.7078207731246948,0.01292758109048009,0.0656164288520813,0.0021302536770235747,0.00393404540955089,0.0004314967336540576,0.035078612389042974,0.0317002444062382,0.092061678878963,0.004461422853637487
IL_9143254,0.11989589408040047,0.3205120414495468,0.0015719747680122964,0.17133175022900105,0.0007897886680439115,0.0009106482029892504,0.0026759369939099997,0.0030474247760139406,0.004084901011083275,0.37417425215244293,0.0010053604491986334
IL_9155981,0.058844827115535736,0.6147397235035896,0.0004636254161596298,0.18534358963370323,0.000859343766933307,0.0019113505695713684,0.0035893400199711323,0.00978034792933613,0.004633048374671489,0.11892466619610786,0.0009101376344915479
IL_9157122,0.05275473231449723,0.7369266599416733,0.0012090126110706478,0.030867773573845625,0.0042964712920365855,0.017766098491847515,0.0003626815268944483,0.03742149844765663,0.11374195665121078,0.004165650345385075,0.00048748305925983004
IL_9227624,0.02701691468246281,0.6772554889321327,0.001145481175626628,0.22451191768050194,0.0018531719542806968,0.0014310382393887267,0.0013036411692155525,0.003721966757439077,0.02992926724255085,0.027546230936422944,0.004284880822524428
IL_9237017,0.04483503941446543,0.5462218374013901,0.0002233555023849476,0.07033458817750216,0.0007579774392070249,0.004947430279571563,0.0012823784200008959,0.00471345178084448,0.0022982508526183665,0.3229948505759239,0.0013908397013437934
IL_9273684,0.015978183480910957,0.11705812346190214,0.003769458766328171,0.28554384410381317,0.0006471752858487889,0.0026674085529521108,0.004577811399940401,0.5571074560284615,0.008145348692778498,0.004078373400261626,0.0004268049269740004
IL_9311083,0.04295661859214306,0.7689666599035263,0.000390199784305878,0.07967078220099211,0.0038329580856952816,0.00039864728023530915,0.0011139462876599282,0.0036594642442651093,0.004486364021431655,0.09359291661530733,0.0009314495509897824
IL_9322263,0.005407337623182684,0.2580808103084564,0.005816985329147428,0.05651922011747956,0.10945908492431045,0.011792215751484036,0.002328404356376268,0.11703258566558361,0.28179578855633736,0.0019448554667178541,0.14982272498309612
IL_9341332,0.015520610031671822,0.9216151386499405,0.0005262987979222089,0.0393460369668901,0.001312324315222213,0.0006707063148496673,0.00012917660205857828,0.0047555539640598,0.003035387897398323,0.012929131276905537,0.00015966619866958354
IL_9345649,0.02020557364448905,0.7208125740289688,0.0005587690538959578,0.12287905532866716,0.0023898270446807146,0.00023587552641402,0.01141511055175215,0.0448371572420001,0.01118886237964034,0.0642236964777112,0.0012534972338471562
IL_9406058,0.013029176043346524,0.06344122160226107,0.00030356867137015797,0.6650215536355972,0.001619481059606187,0.0017656799172982574,0.00046159209159668535,0.004653135692933574,0.007122250972315669,0.24196764826774597,0.0006147048916318454
IL_9407964,0.003996012033894658,0.9355829209089279,0.00019786753910011612,0.033501804107800126,0.0011518984465510584,0.00045388831131276675,0.00016288263941532932,0.0056245787418447435,0.003626947698649019,0.01473574386909604,0.0009654916648287326
IL_9409250,0.014977240469306707,0.743694931268692,0.00034466574288671836,0.08041920233517885,0.0007137318461900577,0.0008837417117320001,0.0008469613821944222,0.002794379775878042,0.004943002248182893,0.14241883344948292,0.0079632883425802
IL_9427286,0.13091672956943512,0.08324650209397078,0.006363446096656844,0.06145578529685736,0.0007377850415650755,0.0011682192998705432,0.0014561828065779991,0.008342263638041914,0.005353582615498453,0.6982816606760025,0.0026778544997796416
IL_9436519,0.0030414638167712837,0.022252256283536553,0.00038416249299189076,0.0655459612607956,0.001119530905270949,0.0007768345676595345,0.003383645962458104,0.670525386929512,0.23134681582450867,0.001339131049462594,0.0002848127296601888
IL_9503512,0.013804333284497261,0.9284704923629761,0.0006113386189099401,0.03195639932528138,0.0017038701407727785,0.00508796566282399,0.001432282238965854,0.004222225659759715,0.004663255647756159,0.0074714121874421835,0.0005764440647908486
IL_9521484,0.13508439622819424,0.4355107396841049,0.00017299496903433464,0.08007993269711733,0.0009147220553131774,0.0003497122052067425,0.001906308956677094,0.002212269086157903,0.003306311962660402,0.3402182534337044,0.0002443390112603083
IL_9540224,0.03769796434789896,0.6980909705162048,0.00036225642543286085,0.17986663430929184,0.007915605994639918,0.0005969026969978586,0.0037301246484275907,0.03740239376202226,0.027738499455153942,0.006296555977314711,0.0003020952644874342
IL_9561518,0.009395118104293942,0.03837031964212656,0.00023061531464918517,0.04793139640241861,0.0002861244138330221,0.0001905826011352474,0.0003276359711890109,0.0008480568576487713,0.001036088026012294,0.9010460823774338,0.00033797310970840044
IL_9572511,0.031280788127332926,0.6784951463341713,0.0007740967412246391,0.26181680150330067,0.0011331996065564454,0.003996689076302573,0.0009787283051991835,0.004494358960073441,0.0032783446658868343,0.013440099311992526,0.0003117755113635212
IL_9601760,0.01899144728668034,0.8297381699085236,0.0005645923520205542,0.08465872425585985,0.006008133466821164,0.0008959388724179007,0.00028915764050907455,0.01053895230870694,0.03664979292079806,0.010751161025837064,0.000913935509743169
IL_9615893,0.003038294438738376,0.9704342037439346,0.0009810155679588206,0.009397969930432737,0.0012139120954088867,0.00038177999704203103,0.0002504081840015715,0.0029134444193914533,0.002516395878046751,0.00853613915387541,0.00033645922667346895
IL_9620950,0.05181523505598307,0.9051566123962402,0.0004859724285779521,0.017092069378122687,0.0001817875527194701,0.00022614027511735912,0.00016276778296742123,0.001597388240043074,0.001993674464756623,0.018234093906357884,0.0030542527529178187
IL_9623576,0.1489096274599433,0.15415062382817268,0.01326472102664411,0.2841443680226803,0.0017470197635702789,0.0014380191714735702,0.0037399478896986693,0.3741607330739498,0.01271499739959836,0.005066014302428812,0.0006639009588980116
IL_9647002,0.008282063994556665,0.8890020400285721,0.000836895516840741,0.013938584132120013,0.006384246749803424,0.012079252628609538,0.0018515894917072728,0.003292120061814785,0.004706732637714595,0.052962723188102245,0.006663737702183425
IL_9655170,0.1712078582495451,0.2164347879588604,0.0004505792312556878,0.028896838426589966,0.00042094208765774965,0.000279835716355592,0.0013635784707730636,0.001483257903601043,0.0016778341960161924,0.5774388313293457,0.00034567882903502323
IL_9669202,0.18306882679462433,0.6775492131710052,0.0007709553974564187,0.07095424365252256,0.0004958396966685541,0.0016383784895879216,0.00040314568468602374,0.00437141238944605,0.020454912330023944,0.039939325768500566,0.0003537543962011114
IL_9675212,0.009963083546608686,0.01743412995710969,0.002503300434909761,0.019125111866742373,0.0007339344738284126,0.0008395691329496913,0.0009068491053767502,0.11171347461640835,0.8354248851537704,0.0007531165756518021,0.0006025281472830102
IL_9675469,0.0452175245154649,0.16518752463161945,0.003711738681886345,0.19378364644944668,0.01297206454910338,0.007150965684559196,0.002151317079551518,0.026532713905908167,0.008277996676042676,0.5210576429963112,0.01395685866009444
IL_9692632,0.041016298811882734,0.7256241887807846,0.0024419035617029294,0.08892013784497976,0.008396479825023562,0.0031373938836622983,0.0014926199510227889,0.0071082201320678,0.02884753793478012,0.08786549512296915,0.005149733129655942
IL_9693077,0.006372109754011035,0.030442786635831,0.2851271778345108,0.015204633586108685,0.029791362583637238,0.046826513949781656,0.0023830853606341407,0.08745774999260902,0.2714427299797535,0.001827523810788989,0.22312434948980808
IL_9695113,0.02405649540014565,0.4383899047970772,0.00022071606508689,0.0690441457554698,0.00039491214556619525,0.0013598170553450473,0.001246116342372261,0.005440179258584976,0.004733047739136964,0.4548310190439224,0.00028364905665512197
IL_9696386,0.025775406509637833,0.7601584196090698,0.001351190876448527,0.15647640079259872,0.0024781623214948922,0.0005345751415006816,0.00045234045683173463,0.006226571160368621,0.014451978146098554,0.031785327941179276,0.0003096350483247079
IL_9697828,0.016934029990807176,0.6633021235466003,0.002155242982553318,0.17373896948993206,0.0023075124627212062,0.000893507429282181,0.0033980813168454915,0.011122097377665341,0.007720129215158522,0.11719341576099396,0.0012349231110420078
IL_9702105,0.07503658486530185,0.7292827069759369,0.0005418195469246712,0.11642815452069044,0.003667935961857438,0.001569921470945701,0.0003245362277084496,0.003621142648626119,0.010030271485447884,0.059301274828612804,0.0001956865016836673
IL_9713310,0.02448078989982605,0.06693711597472429,7.978347093740012e-05,0.08171922992914915,0.0001968015312741045,0.00016940823661570903,0.0004193083914287854,0.0009006854088511318,0.0019256256346125156,0.8228495568037033,0.00032168291727430187
IL_9722277,0.0021835451188962907,0.02207952900789678,0.003398179600480944,0.02643530978821218,0.0068548449780792,0.0009514676494291052,0.002459718263708055,0.4157888703048229,0.516489565372467,0.0007795333513058722,0.002579433930804953
IL_9728655,0.20408274047076702,0.6056332215666771,0.0003932624022127129,0.09333433583378792,0.000753286512917839,0.0010639135143719614,0.0029399646737147123,0.003087827702984214,0.004459849325940013,0.08338592574000359,0.0008656677237013355
IL_9747613,0.0452296226285398,0.22205350920557976,0.0004647559726436157,0.12452795263379812,0.0004790173152287025,0.0004820168614969589,0.0013699322007596493,0.0036147325299680233,0.003691973222885281,0.5977300480008125,0.0003564392391126603
IL_9776207,0.0023068209702614695,0.051940484903752804,0.009925386111717671,0.02113824221305549,0.013440949929645285,0.0008484991994919255,0.0011426262208260596,0.04455924779176712,0.8472074121236801,0.001193589974718634,0.00629673880757764
IL_9785286,0.0007752612582407892,0.0017344814841635525,0.0008970209746621549,0.007740930654108524,0.0025732133362907916,0.00045327267434913665,0.0003486524074105546,0.01427367003634572,0.9705910682678223,0.00016304192104144022,0.00044937118582311086
IL_9794109,0.0006520867755170912,0.0024732414167374372,0.006017076564603485,0.003858884912915528,0.0015057237615110353,0.002302309585502371,0.0007625895450473763,0.03302567359060049,0.9478280693292618,0.0002634742522786837,0.0013108535640640184
IL_9810905,0.03675724333152175,0.8265872597694397,0.005982339382171631,0.06686478666961193,0.0006925995257915929,0.0019235820072935894,0.0009180779161397368,0.009576651966199279,0.009999381261877716,0.04003601707518101,0.0006620541680604219
IL_9831983,0.0359016521833837,0.7739349380135536,0.019692622707225382,0.05993266589939594,0.0035732956312131137,0.006661674939095974,0.0024851361522451043,0.034712414257228374,0.048474961426109076,0.01403989689424634,0.0005907302547711879
IL_9896495,0.49637120962142944,0.15723681822419167,0.001051963132340461,0.1740846484899521,0.000726460522855632,0.0023993533104658127,0.003239738129195757,0.006514583132229745,0.008883755886927247,0.14929841831326485,0.00019304144188936334
IL_9908692,0.029385867528617382,0.8504579216241837,0.000585615671298001,0.03186497651040554,0.0031533093424513936,0.0012649694253923371,0.001189049449749291,0.002305690140929073,0.005314518406521529,0.07399471290409565,0.000483374395116698
IL_9914512,0.13663062825798988,0.28670182079076767,0.0037722112610936165,0.21694515272974968,0.0007481393695343286,0.01157161156879738,0.0010115097829839215,0.008355328463949263,0.00598870130488649,0.3231821544468403,0.00509273842908442
IL_9931816,0.07300748117268085,0.12401573825627565,0.00267556932521984,0.2316671647131443,0.0010845740471268073,0.0004787430298165418,0.004508161102421582,0.5186804011464119,0.04035333311185241,0.0031152220617514104,0.0004135865965508856
IL_9962396,0.00945763266645372,0.14516773633658886,0.0005154183199920226,0.4069417417049408,0.0006529806596518029,0.0007994162042450625,0.00037330986378947273,0.0024665409582667053,0.004423477395903319,0.42869147285819054,0.0005103014409542084
