lesion_id,AKIEC,BCC,BEN_OTH,BKL,DF,INF,MAL_OTH,MEL,NV,SCCKA,VASC
IL_0006205,0.06639507406464051,0.6792740993727401,0.0013224769919626149,0.035213388113304746,0.00043713038109087,0.0010628322361706823,0.0002794732239014713,0.004516607730691011,0.0020476949705461496,0.20834513512608802,0.0011060877888639626
IL_0025400,0.08063376718548709,0.674767488528825,0.0006974611160601435,0.19213325952755134,0.0051562824333980005,0.002238810643434584,0.00031398361238892016,0.008239213927401958,0.01694321128146042,0.01836512017366109,0.0005114015703315573
IL_0039001,0.025595885902596337,0.5604229352002412,0.010391121955188229,0.2837911842757547,0.016180371729357226,0.026242201134852875,0.004139190785735838,0.029508737132139973,0.023957276427700843,0.010113440493706268,0.00965765496272649
IL_0046799,0.023289619023382682,0.13978960155929668,0.00047608934470329457,0.18557303761338023,0.0009908248705880966,0.00042214618122518637,0.00023908538054307082,0.0016928400712745977,0.0021585745041007042,0.6446112968972935,0.0007568845542120213
IL_0054262,0.0039276683343422054,0.2643586097272321,0.01623278676728267,0.024499851085988764,0.16770596747442112,0.006317626795291953,0.0020216037135124335,0.08190106541744702,0.41620595656744575,0.002532112847026637,0.014296751270009421
IL_0056788,0.20682766328674673,0.5113917037372736,0.0004632383430761833,0.1809358371331092,0.0009161079746954395,0.0016618600420985497,0.0006185624620045135,0.0028625068337123803,0.007144477015210761,0.08679685883786785,0.0003811843342047987
IL_0093956,0.06835617069690478,0.6824491884789906,0.035614086850310325,0.02423937114002179,0.001738414699948274,0.03358127654308952,0.0014901555054775504,0.015224311998000032,0.013923829282855644,0.11178272149818888,0.011600473306212635
IL_0103904,0.2167762277073872,0.26851984107017923,0.001315715466810347,0.07260727908791478,0.0009611893443042804,0.002991430123730739,0.0005590961888187038,0.003997330364988653,0.007424892565707629,0.42400424395830016,0.0008427541218581926
IL_0118369,0.0026684318821193665,0.06707448742061156,0.005863065953416833,0.07265357985332238,0.015779595272991356,0.0035458141128290642,0.0018464263763112872,0.12442844650458515,0.7023791498733035,0.0007950383391305668,0.0029659644113788513
IL_0151990,0.00033170952391906294,0.00587648197256772,0.0016793946011099306,0.0068872660448272074,0.003740452161397364,0.0002598744887398076,0.00032863309251182697,0.08088406888872611,0.8994562120581755,0.00014977500254348267,0.0004061321654818432
IL_0171236,0.04338823244994918,0.3936858362749006,0.028677701149232182,0.08522218091666417,0.0367828127353316,0.05670541781101699,0.003668542821507589,0.05150631569533076,0.08091852354281973,0.09463123562361819,0.12481320097962907
IL_0183960,0.04212983010567028,0.265534486053901,0.13015951660920944,0.03112328122125986,0.038500515193177154,0.137671028774656,0.0054606500440563645,0.06115684281677339,0.24628826691382563,0.01965389178223139,0.022321690485239548
IL_0207706,0.0022170066721043263,0.013995601052897755,0.011042985524140512,0.20392904157043956,0.0022261591161938468,0.0004996705194954573,0.0009857714181864877,0.6338254223110645,0.12912357305620686,0.0007039113441775213,0.0014508574150929924
IL_0207891,0.2906387042481952,0.11662359923993715,0.002568552139163969,0.12867648438352808,0.026410037744065074,0.005369284432192751,0.006652163923510544,0.011697861164039597,0.011608737693630408,0.39780349959643785,0.0019510754352994421
IL_0225203,0.02620010322912341,0.7153930818199394,0.002380036966418298,0.11827590983711375,0.05290037799311784,0.0025870737241309684,0.0008354567729012073,0.03926725782419738,0.030845131622647678,0.004165751181407867,0.007149819029002162
IL_0227635,0.2348368563629228,0.5520579522702227,0.0003005570092086409,0.07294692319329563,0.0012680303031700642,0.001498381838258391,0.0002732332215331706,0.0025696183905698842,0.0019171399984062982,0.13123281025215386,0.0010984971602584427
IL_0259815,0.03016085205416939,0.026301272747935145,0.008223375635323974,0.45882777085589105,0.002579480498791723,0.004042763440099891,0.0009417514147818716,0.22510516485783305,0.24180929726043962,0.0012667490463580799,0.0007415221883763525
IL_0260810,0.011094572188164054,0.7742705976549171,0.0027972750070593155,0.13204000042380817,0.00811699995000091,0.0022298281683567405,0.0010301990487836294,0.023844853613498203,0.02158367362649401,0.017546152458340902,0.005445847860577021
IL_0262469,0.3373962585554529,0.058679522586398136,0.004027124638055069,0.4818360491283491,0.0007852004467040106,0.003977365745674921,0.0023245544394507483,0.07602007195278583,0.027896409850103505,0.006731064611269146,0.0003263780457564371
IL_0267598,0.028120370944813903,0.146066798806155,0.0014433759182768337,0.47004087004544104,0.00790056739860217,0.0023737191152002285,0.007679368097947927,0.03479463167263332,0.2683571409522247,0.03206197199159766,0.0011611850571072101
IL_0312376,0.019652277191603038,0.8706773054770864,0.004218202399918295,0.06318945628607966,0.0025488826491485636,0.007405705625736769,0.0014308806667444206,0.008710985712704275,0.003067826551724239,0.014101332049747752,0.0049971453895063245
IL_0331012,0.06383839034795459,0.7998805075773789,0.0017183986683649622,0.08903558613664397,0.002548183508107119,0.0011945711225578876,0.0005181142973417879,0.007158619303264722,0.01595902633466053,0.01765776217435257,0.0004908405293728507
IL_0344325,0.03215555898847194,0.7675147287469175,0.017268561409075574,0.06394284756470762,0.011675145333987464,0.044650423152545284,0.005001183530378234,0.02041565865811363,0.025993521572260217,0.009685624212283207,0.0016967468312593318
IL_0403731,0.13356025426919454,0.07452763012835964,0.00013104495061248882,0.1569556450918651,0.0011975614708775784,0.0004049934289326348,0.00033932218424737596,0.0014153912119928707,0.0028854333714869343,0.6282807115220409,0.0003020123703899778
IL_0404181,0.019320500648413487,0.8737531361642212,0.000396152755569817,0.08104712983193245,0.0009387475570405289,0.0003600340162567202,0.00042347196596461025,0.004395165747782948,0.00736794145604908,0.011880992462122385,0.00011672739464689572
IL_0465184,0.009391949978696636,0.9020867756366795,0.0007101639483664125,0.0692914374044828,0.0013198140695811248,0.0003019560624362992,0.0004758736398168919,0.0037544970173047434,0.007537306874087933,0.004846016014152646,0.0002842093543949415
IL_0492696,0.0003258797802705274,0.004142390697138025,0.002832554159362047,0.018798239676164123,0.0016858570486001884,0.0002928432886473155,0.00021644250069146766,0.23051440888570393,0.7403479521152465,9.072062587101136e-05,0.000752711222304964
IL_0560781,0.021835860654536608,0.11954673046202888,0.04752510986742638,0.28062760273139736,0.057578506545011066,0.026433210045055368,0.004478837122531837,0.2717206883552535,0.14938786857120423,0.003966745061810438,0.01689884058374451
IL_0575017,0.027867722734665867,0.2875521286758935,0.0074782096996519574,0.3258157406023216,0.03871961128565912,0.006421339405314539,0.0018295444076393205,0.04360715546102332,0.2430422367657692,0.010491154718404335,0.007175156243657238
IL_0578791,0.01329272129205379,0.6920661662482078,0.01773589209701907,0.061156116125949,0.030408276620962515,0.03328052355141787,0.012252232566665019,0.043908955448611134,0.04424783877234119,0.03926306951861219,0.012388207758160383
IL_0611781,0.05254262330079576,0.8148280248323219,0.010727727159690618,0.036614576347889366,0.0018495057605470771,0.001917251254031134,0.0018324963041076343,0.02877249763174626,0.03469364468667467,0.011897688198546915,0.004323964523648591
IL_0649132,0.03193441007041399,0.42192674627581506,0.004832629170216128,0.360295534186865,0.015062961946877404,0.006774975924513062,0.0011175347744180144,0.016494750979612876,0.024396454227591367,0.11294097131822511,0.0042230311254518585
IL_0704269,0.1527618139313741,0.3155484006700277,0.00040459009792662636,0.11680994779106565,0.0011486242651138991,0.0006341104273633435,0.0005575363662451095,0.0031179441235909214,0.0019892713159978138,0.40598514987829054,0.0010426111330042501
IL_0718371,0.036961613337484225,0.10284580692130102,0.0023340481251420443,0.1070955267861961,0.001346360336364721,0.006784305787962424,0.0010172463480229775,0.0030893396489709716,0.00457776842934445,0.7325678665101346,0.0013801177690765114
IL_0721442,0.02860424001259175,0.04603756327906294,0.00013829570742799203,0.08530880826830994,0.0004611036023378839,0.00019655382788348637,0.000279022235068909,0.0006090133386134532,0.0007130981178798478,0.8373023679833494,0.0003499336274743086
IL_0754056,0.10483855527680079,0.7430418986285509,0.0006091164769577269,0.08032401226810118,0.0007955789087489164,0.00047977597179493136,0.00024452528101772677,0.007130128847009265,0.012523714904554544,0.04964724541871523,0.0003654480177488295
IL_0808321,0.009144829494982827,0.040883422928817664,0.025010096355072155,0.07438303444201648,0.04591571149785225,0.01809315134422326,0.0058268210143555925,0.440368194938325,0.33486842126312494,0.0013571361108645629,0.004149180610365372
IL_0854378,0.14485265175203516,0.2132624748147169,0.00323687738772707,0.20652594353918197,0.00196482905595443,0.004749132150380033,0.001047281204791988,0.003554375128627575,0.027484834700589454,0.3895352070691056,0.0037863931968898615
IL_0895462,0.03999356373554323,0.6483522063915101,0.0007669769984074005,0.1721632887923214,0.004763771355483825,0.0009492305499269408,0.0007582522523429075,0.009507286903721927,0.004307904320574627,0.11175608473908309,0.006681433961084415
IL_0928130,0.04701047343584705,0.16709022979962732,0.017238598061743566,0.44308166583510183,0.02560474700736621,0.0035843481978898237,0.0078043716449218235,0.10296773881564447,0.1588592534780331,0.020425433077850046,0.0063331406459747955
IL_0977585,0.03363852566717437,0.15766817055773144,0.0004715602759336135,0.2258257195416316,0.00039534043764205524,0.0005949219933957398,0.00025383396840932427,0.0033974833896081866,0.004061680234120632,0.5731551060206148,0.0005376579137381908
IL_0977986,0.005016118384097636,0.9320265104440769,0.0017323832708275374,0.03009854874861425,0.004061404562119595,0.0006348554454978813,0.0004904607782561777,0.008054960290987508,0.012410305898389377,0.0037667889137810327,0.001707663263351953
IL_0996202,0.015210444643811369,0.05165272877748536,0.006230334999872071,0.06848086655355826,0.015755360678975667,0.0021562349872906628,0.0028186736031099776,0.2608593483812189,0.5725188444218023,0.001206095026055467,0.003111067926819937
IL_1009731,0.10844134268281166,0.38466887077294265,0.0048230192911178135,0.0907923619066337,0.005103601608438768,0.009856041474773227,0.0007095801111002562,0.008157180714914674,0.006790279227333079,0.36436742708419023,0.016290295125743953
IL_1011664,0.06703153539440247,0.3260394743730629,0.03350870550459885,0.1272688247181255,0.0031469975044231355,0.00249265248564272,0.0026856232426667086,0.26572997899170997,0.15880364509044184,0.007267733060304935,0.006024829634620999
IL_1020124,0.10647927116530248,0.47804159728986256,0.03105119693078957,0.06347477766611008,0.007868000576540246,0.05373006802730087,0.002686592205378969,0.16163851134943644,0.034792421813555796,0.025048547629527608,0.035189015346195354
IL_1024284,0.050360552753812474,0.3259618524474348,0.0012730134884251173,0.020224283697749812,0.0005052861297711235,0.0014940144447059315,0.000467293887190144,0.0014766625009064401,0.0014659239389439942,0.5959547419435113,0.0008163747675488783
IL_1024365,0.16781509645498033,0.45059966300995213,0.00057005671021171,0.1210462545126057,0.006590227158898869,0.001959374489139058,0.0017271304665823907,0.00792291684558916,0.009538899137269314,0.23167549460860998,0.0005548866061613421
IL_1080907,0.012652210580353988,0.9190725288466084,0.0007754329891216812,0.0377404525205259,0.0030598631141064547,0.0011342909448122276,0.0004918482143556277,0.0053453321841418315,0.008114676442394202,0.011190454767156563,0.00042290939642294987
IL_1159502,0.01707802510369911,0.8786136847995677,0.0004524050223822249,0.07918375228133742,0.0011231756776106418,0.0003169829961617813,0.0022019876039523142,0.004534327675767621,0.0036078812800498516,0.012480380730508868,0.00040739682896237365
IL_1183203,0.2245009503158043,0.25620822184845454,0.0016152694171203442,0.08400328298119171,0.0020455363057141763,0.005576796704326226,0.0013878686428730918,0.006031333109039121,0.0024454138085910205,0.41521258808861045,0.0009727387782751059
IL_1236220,0.01111937220129363,0.09713619847738403,0.00040765650830295474,0.05587279013829438,0.0005637483040737324,0.00030411478781092985,0.00028239596166064105,0.001142200044495311,0.0007345384732329352,0.8320247361383452,0.000412248965106157
IL_1246958,0.004737197771150708,0.044405799566176817,0.02280533321204209,0.021761063769245546,0.20956447521556426,0.07137405151720319,0.0052611271766747295,0.07826903522515004,0.47452443350318607,0.0035410984113574437,0.06375638463224906
IL_1248470,0.038982445561550186,0.41971973004586816,0.0029598195105552524,0.15537743922832348,0.0047305161412023,0.009442033359004023,0.00238711651442589,0.22553422577221724,0.1345171927788011,0.005191794999077194,0.0011576860889750975
IL_1266003,0.0035659987226979335,0.05297331100437246,0.005539709946638495,0.14743007207208683,0.005508031580539156,0.0023576069354251175,0.0015075769860622588,0.34291828811608066,0.42637457594158695,0.002902946608554078,0.008921882085956089
IL_1298091,0.048507606325877084,0.7148817689802514,0.002624350775134366,0.1196296314958004,0.009879750775285915,0.009181410407365614,0.0012521587678020957,0.01446283556085726,0.021970799129226254,0.0532405936046301,0.0043690941777695886
IL_1418346,0.08269293909871397,0.6663642672753334,0.0005687648378720313,0.025014254104504655,0.00031212398566970984,0.00037964870459771156,0.0002582122827583607,0.001734782075735356,0.0019282976426181519,0.2193474337554245,0.0013992762367722902
IL_1420891,0.0007542749405028085,0.008990142103625944,0.012769589240604602,0.009401977964276878,0.0038368744114109046,0.0011716415398711328,0.0012492402750511142,0.09522559123696665,0.856800296543553,0.0003176819724738159,0.009482689771662996
IL_1431089,0.021210223814527578,0.8013282720092438,0.0018431857775267318,0.028572395232570272,0.007618611405587964,0.003801220478782034,0.0010944805804262712,0.010158806605407482,0.009796193995858267,0.11053260771478712,0.004044002385282589
IL_1450991,0.03469646404840082,0.5180260203308399,0.0005906910310118114,0.04375719780990523,0.0017747994362140211,0.001885932162849594,0.001141845875573194,0.0027003112782868635,0.0017823299462643837,0.39209914404987445,0.0015452640307798671
IL_1497560,0.029615633155435733,0.6154850084737716,0.0043845232483496295,0.29410555360887125,0.006304236345497771,0.0014351196501675178,0.0006706382334462904,0.009762500754981881,0.029105210093683366,0.0075482743335192485,0.0015833021022756885
IL_1502550,0.020548688608493255,0.46959426487387335,0.020380821862959607,0.05273919451720099,0.18136668709770215,0.08173208737745079,0.0045637054317787945,0.07121301677139547,0.0609752268485352,0.013823878834355154,0.023062427776255365
IL_1515580,0.050160290909069365,0.7443841716125118,0.017509270101448027,0.04139159461067814,0.0035009316019043056,0.017585469069710896,0.001305522815857474,0.018383572890452674,0.01057550203414889,0.09055489896876348,0.004648775385454811
IL_1562660,0.02616845358566161,0.8333098160829678,0.006823090616573532,0.02678577135146233,0.0031035376109566203,0.027348085677742544,0.0007584369220424469,0.008573734954616668,0.023355541497229026,0.03321941539098067,0.010554116309766692
IL_1574123,0.10506921123093285,0.15180682123083653,0.0033838120426359646,0.19916101013530516,0.0031337915373445624,0.0016318536630376614,0.0016329799814798506,0.37398362823954423,0.15330101477082345,0.0056388128731519735,0.0012570642949078282
IL_1619785,0.0020508397294106057,0.010114562921443688,0.017249998425192183,0.06450446514862236,0.0023862774066469427,0.0013476693722119,0.0007339609655459539,0.741571005833151,0.15823129522138793,0.00030405157076967085,0.001505873405617716
IL_1633612,0.11738815241520008,0.20568849373961756,0.0003119478719704671,0.08231149535927167,0.0030531134533550988,0.0013102990998303087,0.0007406525118064022,0.0016097047600624214,0.000886608539821288,0.5860081402482008,0.0006913920008639595
IL_1641818,0.2660022207936882,0.2988975926787292,0.006028620249734811,0.2129939252935669,0.001395519172399386,0.007826108715131654,0.0037395586007773728,0.15746871023625178,0.029850280911816032,0.01493707034934758,0.0008603929985570634
IL_1643221,0.200295742516949,0.28312841653276505,0.005158094962200703,0.1760634289679796,0.004287210781568398,0.007607516294304229,0.0016637861409713828,0.013234152049051281,0.00981947284766711,0.29365582087128855,0.005086358035254713
IL_1664752,0.07551101031363483,0.13168234772838971,0.0023901614289729284,0.05402949690132969,0.006833299275812503,0.009150577720574002,0.003466927250992173,0.0050146939527668044,0.004816897359808371,0.6994249849001335,0.007679603167585489
IL_1681515,0.1302299582236055,0.4052388346730973,0.0006037428460189242,0.12402236885337864,0.0015123254753033328,0.0018834386106889908,0.000618049780431271,0.0040930114805236804,0.0017556748737454198,0.32602536777221336,0.0040172274109935326
IL_1688338,0.019849346855706843,0.8027935693783024,0.002678872363207444,0.08473574974392355,0.007086243452653586,0.012998618635328299,0.001439038918686297,0.01882024232119761,0.016306574189412008,0.01032738874796905,0.02296435539361296
IL_1706933,0.08355098967220459,0.732901901665554,0.002674989226202972,0.062208361881520347,0.004035587576685485,0.01846578151288429,0.0007986056380120386,0.0140499387490533,0.020464869360984735,0.05727149361653951,0.0035774811003586957
IL_1860067,0.015307047551176456,0.8584178256576085,0.0008975775550402602,0.10153052336718495,0.001705663768148917,0.0016633396580786912,0.000308791891057953,0.005794707066464986,0.005739873023675053,0.008413301932465492,0.00022134852909891012
IL_1884002,0.07261663954631065,0.5483443860153977,0.010370350454301581,0.27122431182959517,0.008050852279388487,0.010419973067636534,0.0007931700912883999,0.019902297774917543,0.024001816142234667,0.028936347907287555,0.005339854891641691
IL_1897663,0.027547344129144592,0.039047711408685216,0.000298797404081134,0.06090700631134866,0.0008180699975625776,0.00012274714718746993,0.00042381077770920384,0.0016106226634497566,0.0010252189132886052,0.8679270311747456,0.00027164007279713255
IL_1901178,0.1983725675293031,0.317580458469994,0.0014646752147180503,0.2505157231175848,0.02007292715267457,0.0037078536539504195,0.0014180774531697589,0.006342652387312804,0.01103591772552296,0.18768819666891381,0.0018009506268557825
IL_1935222,0.057756592372861126,0.8342216831500405,0.003303491546073025,0.02088791639947253,0.0008996852742657246,0.00837515367724741,0.0005474314703564564,0.004571424181733614,0.003081262746953006,0.0637798338920634,0.002575525288933295
IL_1968737,0.04089103210929695,0.2187609302302611,0.0893512145547164,0.032826358780104176,0.04712675952699263,0.13363551908412832,0.004581664464520303,0.06060617652327555,0.21362324723519274,0.04729952258395291,0.11129757490755891
IL_1976391,0.00083723310484424,0.007014455521981596,0.0028305778036345815,0.04500153952969004,0.0028587805918919426,0.00036376654609056314,0.0003780191918325856,0.3969426902811677,0.5429567067756949,0.00021364706111248792,0.000602583592059495
IL_2021485,0.08959818282275472,0.19478294381327532,0.0011914719936790825,0.04311918433469217,0.0005463258724479719,0.0019971035801422472,0.0008664004605125256,0.004818250147093281,0.00387271981604681,0.6584884129401072,0.0007190042192486308
IL_2031231,0.009033230560539679,0.9049121037088561,0.001358527236749064,0.029976884533267655,0.0034875051501888164,0.0018157801895846576,0.0013324920635847395,0.005674089923193117,0.010296226703860956,0.030418272017111957,0.0016948879130631552
IL_2042306,0.001698477686885312,0.036714807988411396,0.03684135508810566,0.03637726492507325,0.06163488723248674,0.00854491125062942,0.003970222779340515,0.08177403071598781,0.7094912013754053,0.0008840351440531741,0.02206880581362137
IL_2057670,0.013417611443490712,0.18420979028140883,0.0022742730548720373,0.17498510455802085,0.0012617706992089086,0.00042383777094328045,0.0008756914167598028,0.00491197951601367,0.006175010250270028,0.6100246724956613,0.0014402585133506773
IL_2058271,0.16333267120554187,0.47771777328383047,0.003829280055739372,0.284522150894036,0.0015365978479301942,0.002244636271995012,0.0006007431516280891,0.017777604958442553,0.019772629723753547,0.027568797869644772,0.0010971147374581238
IL_2068901,0.5598985378930889,0.062027226128268484,0.015544251089022246,0.24661124191775263,0.001964275536530182,0.004032638220818645,0.0018504895741634744,0.07694098632026634,0.023693590667694837,0.005990089061964052,0.001446673590430251
IL_2076993,0.12125709614309915,0.4322478704941014,0.0014653393341781105,0.16119741423870448,0.0007445995867098166,0.0016622334767040414,0.0007266317609983602,0.002659276253646106,0.010150644098022958,0.26631804810725973,0.0015708465065758285
IL_2078226,0.051587457234749196,0.21538640696481773,0.008925703098007562,0.5244105628169974,0.008285060718006564,0.0017103389937009905,0.004016025826723403,0.061172163533984907,0.05385247049565854,0.06433531962993475,0.006318490687418972
IL_2081710,0.00048373736232976133,0.0038698015411919263,0.003666301079553884,0.016450776510244312,0.002286150256316192,0.0016528341954451312,0.0005057637117569471,0.14162536361938582,0.8271681838674579,0.00020031543325009743,0.0020907724230679347
IL_2085556,0.11554484207262472,0.7265422556320722,0.0034178795801195127,0.06798999066808945,0.0006350367936525886,0.004230996887991984,0.00018208714559380388,0.003676720442417602,0.012514312588861477,0.06431235089858368,0.0009535272899929982
IL_2090864,0.15025473473772974,0.6179790905836512,0.0005631480951693752,0.17215094255786864,0.0034244784464605932,0.00039394615103757535,0.0006895315824457739,0.010078581974308684,0.007205060586104244,0.035969884658118484,0.0012906006271055982
IL_2144290,0.0004488356693339885,0.006958924981006803,0.006303211584408585,0.018794568982137407,0.0026452192423414723,0.0004550374876834826,0.00024271874731910078,0.2233396164469228,0.7402981363874945,7.447942775645873e-05,0.00043925104359543796
IL_2157015,0.34539995149964997,0.37661618645901895,0.0010616643575220663,0.1058805375854481,0.007411353354872238,0.0051861104435951474,0.0012391157492664222,0.008039244240662949,0.0033451926669718977,0.14478739290548492,0.0010332507375073745
IL_2190574,0.042463822078054284,0.8207273111134966,0.003452629645970584,0.01962399118918907,0.000939125025669586,0.00279479631053669,0.00048049911336806505,0.004710070529714735,0.008936224404567226,0.09510827266267652,0.0007632579267564365
IL_2207792,0.009524256895668095,0.0349386422680409,0.03815575398751368,0.08525556109308895,0.019870827887583112,0.004878293625805182,0.0038228328254009745,0.22385552883805981,0.5701519037999565,0.0051259886691469555,0.0044204101097357895
IL_2254004,0.11236958386083354,0.7247934582151928,0.0007093073625116011,0.10535964242722999,0.0010780461114206549,0.002148558439693246,0.00022735785209417002,0.003242801399692484,0.013051471248600812,0.036659335725411336,0.00036043735731925076
IL_2274232,0.06001843854416364,0.5839965211456939,0.0010353713895901611,0.2957050714518811,0.007200388726041238,0.0034787695836227287,0.0006981588215599286,0.007049588763807511,0.009053227639164238,0.030498360992263253,0.001266102942212371
IL_2283965,0.052895011642717954,0.047112997035739,9.703356903654613e-05,0.06313908721438384,0.00019485745668942748,0.00015295845062563533,0.00019510672760166627,0.0004601801559976485,0.0006197658418162448,0.8349169064289416,0.00021609547645052988
IL_2330498,0.19477890364446604,0.2512690393515082,0.0011556526587797222,0.13212924352140243,0.008783951380222033,0.0019874160654423153,0.00433221738133018,0.010686099596965598,0.013582945588939499,0.38005324607416885,0.001241284736775006
IL_2354191,0.0017559773885206724,0.02018311206109107,0.00830871570187413,0.053440812981474656,0.006556249978334318,0.002126788849293999,0.002254011081500999,0.23683903253851518,0.6662985984785998,0.00043180449864385433,0.001804896442151289
IL_2424578,0.0001513433911256157,0.0022218402779356893,0.0003107786593196514,0.0030529542439700352,0.0008600114396968601,0.0001221218965040591,0.0001758293022742626,0.03748774595318565,0.9554187669511387,4.265153724181681e-05,0.00015595634760760482
IL_2440740,0.00036550581087404154,0.00550695924172968,0.0007442096184653686,0.007647282493351983,0.00340179702998247,0.000541988673420248,0.0002559387400297388,0.058289482210556465,0.9210843278835947,0.0001217878205403365,0.002040720477455041
IL_2451306,0.01104649365003638,0.3737075184696109,0.05115204691341914,0.08301697962443862,0.04868090829023258,0.06947401141966622,0.0031462184915753326,0.059481249337949,0.1835447684716272,0.011291949090842366,0.1054578562406022
IL_2508459,0.010592342939796322,0.037925450252462654,0.010407880876795766,0.13516987515285314,0.0008891993640803687,0.0008436582342694311,0.0004860875478183927,0.7780843572149381,0.023562320203775772,0.001021070630099115,0.0010177575831108933
IL_2512501,0.4727242794615881,0.0723689357447973,0.009716796161607099,0.31830343333171474,0.001800110222380808,0.003231780690706368,0.0010057085152793866,0.10342382870065076,0.010903487770812287,0.004714541309347529,0.0018070980911156379
IL_2520283,0.35513658472733467,0.10289316839372083,0.0065884361026540845,0.043849732363921284,0.006869620536477897,0.004908010482868172,0.002213320465275556,0.008623460061569688,0.006250230425406889,0.45857548611128635,0.004091950329484539
IL_2532113,0.08704622681276739,0.7128743152126127,0.005323840326161984,0.04363817594016039,0.0009076308562021144,0.014730214887564312,0.0006501760594032969,0.006715205862028334,0.009652079686424106,0.1176405109413948,0.0008216234152803612
IL_2541202,0.07783676303707673,0.6992809149365578,0.005130539585277977,0.0543056399674031,0.02051813302391157,0.019965077919376194,0.0018369502589382237,0.02332674411308147,0.021845891536561652,0.06498107085575718,0.01097227476605804
IL_2542731,0.0030604861036531987,0.03593378687091582,0.006535343944873984,0.056291829444154985,0.0042968010822424865,0.0007164854656537365,0.002247933023546089,0.41276648115463666,0.47361631446125585,0.0009214291466387507,0.0036131093024284926
IL_2564178,0.04155058233916768,0.5505366728411925,0.004421799779409163,0.03055564844014998,0.0012528080062602842,0.002856021096572942,0.0019097240856754505,0.008978386983126663,0.00785910303744148,0.3469629325957239,0.0031163207952800177
IL_2579528,0.21852996712781894,0.06793317099785949,0.011649099826085585,0.28395703344967277,0.0008278451493038479,0.0027863765473322127,0.0013044709068360685,0.38721458795681063,0.02321750150399855,0.001971183492381118,0.0006087630419008648
IL_2580737,0.04663936025317328,0.842690626814911,0.00035602353677260246,0.08274610337452744,0.002745303202596293,0.0007204031113894393,0.0001866770347063914,0.002262295759542733,0.0020783275373191137,0.018792134650387947,0.000782744724673694
IL_2620364,0.21197000964341794,0.38387053893572776,0.002000714702181579,0.3526521254920598,0.0012706502022153741,0.0010524035043875462,0.0007511272132111795,0.029227569136709427,0.010250800926075282,0.006436539826545548,0.0005175204174685056
IL_2631882,0.061581658616692764,0.6541101368732758,0.0025124071819018733,0.16273952733639888,0.013025507523771886,0.0012544450581478037,0.0017916336074223459,0.03445439146312025,0.023470139014690392,0.041020010935053836,0.004040142389524003
IL_2632245,0.046229587013653546,0.154836858288612,0.0008804119089300211,0.3760122732704931,0.017188623862665117,0.002499334003982579,0.0014598875118120736,0.009320487168674153,0.015848946670951918,0.3742682838009269,0.0014553064992985747
IL_2667257,0.007563341783918438,0.8777512503546547,0.0015968017225176164,0.05117634815292792,0.009996534585177824,0.0014982361122510292,0.0015105560327742153,0.01709487386892341,0.023579467607220586,0.006958559351657767,0.0012740304279764895
IL_2673683,0.18339769333316092,0.4652453866627503,0.0005120945880908294,0.07600348535744589,0.0071596194087794884,0.0019996149433204073,0.000658858935873759,0.0046351141363075036,0.005106887668329642,0.25283417972256184,0.002447065243379443
IL_2695389,0.007556090049130922,0.9207012695006587,0.0032306240441612255,0.01824015582428644,0.011312233139599852,0.0023072019421741057,0.0008024373821815857,0.00872064358914946,0.015733648032277156,0.009712254863447593,0.0016834416329331633
IL_2697064,0.01506391246069377,0.656906021125391,0.005321809771800439,0.08244017608054252,0.026674076648400838,0.0033978796387433476,0.018914988136493945,0.07704745269682575,0.03948189233579423,0.06470167058403148,0.010050120521282766
IL_2701771,0.03373859260715197,0.5962444805195682,0.02314241811517038,0.09000230601944624,0.007642591460220218,0.05407193524309545,0.0011299168524175674,0.0397521241954476,0.10447678252034387,0.018006735521893448,0.031792116945245114
IL_2713699,0.12800414405975458,0.6341736224509174,0.0023820684058093065,0.13538392371970503,0.005022211636117312,0.016621513048162263,0.0006339582383168955,0.010519852286741516,0.01127005111973699,0.050797686968543726,0.005190968066194853
IL_2726821,0.07081439743378821,0.7920241769424572,0.001411661466194839,0.10146911168655781,0.003786849830275059,0.003553274062452254,0.0010427466947505225,0.011733401818036412,0.004633209830584302,0.009082555660515402,0.0004486145743880706
IL_2729600,0.03132520528886801,0.7046724034062215,0.004436821908249685,0.14345757195677375,0.00934364728507139,0.0025516623147718216,0.008229237947908344,0.01687308021207979,0.06333255590376446,0.0141246998721141,0.0016531139041772492
IL_2741580,0.051118723937109437,0.7112014123511159,0.0007297900779756999,0.041346727345829344,0.0014439229407982878,0.0022773958909318983,0.0009558383757078169,0.0024378655382875235,0.0015563036158491065,0.1845298995366651,0.0024021203897296685
IL_2778741,0.10297781572192946,0.5776137325232887,0.00538610991286892,0.14802379604580437,0.027166706550396873,0.02005408069474213,0.0020382197779284413,0.044146534108956526,0.03838067732091819,0.03243539227246264,0.0017769350707038606
IL_2784674,0.043750469191375416,0.2832426652677951,0.0003030399061927436,0.07401899572581107,0.0006845962311927182,0.0003380509798869231,0.00028658982538996803,0.0021660459390593204,0.0014845883300001307,0.5930817791834567,0.0006431794198397754
IL_2788623,0.10934450783355563,0.4241397468052226,0.011060585049171406,0.12445658881021876,0.04417173066040674,0.01866855208960784,0.005117071168325219,0.1702407295581374,0.0456643483788244,0.038177861820235366,0.008958277826294568
IL_2824067,0.037088612818415724,0.7039269365848634,0.0026191379810452846,0.15829361310254084,0.0031935618311525233,0.003996385533962327,0.0012136632871596466,0.007044069634625016,0.026895970153307684,0.052075850963340886,0.0036521981095867613
IL_2840498,0.029667442912234828,0.8070911775365592,0.0018597615674092027,0.09517490367879465,0.00845466269946495,0.001646934042484892,0.0006591237719220154,0.011393402437674902,0.03166022711553221,0.010142459253074967,0.00224990498484828
IL_2844654,0.005847671492214702,0.04164010654172312,0.007565907254255742,0.09806611866928959,0.006114143771230976,0.0016234563610750116,0.008732189287365444,0.259504550307187,0.5668103157654947,0.0020091757431595324,0.002086364807004257
IL_2849392,0.024760711808315516,0.48673136003540957,0.010355513447619893,0.2420305345817279,0.01460789765355668,0.0038929133458517765,0.002411579519932127,0.12218544012421126,0.06264002602429537,0.020773676995725254,0.009610346463354643
IL_2851462,0.1304081403390829,0.11672949382778885,0.015110586117866327,0.3609336670545615,0.0018297226130870566,0.0049087237327919645,0.002546094314757236,0.3335166354175748,0.02237227685009926,0.008529340766267504,0.003115318966122626
IL_2921273,0.09107712165736913,0.041567742132614216,0.005153385771499328,0.4506602248511125,0.0016842604570050219,0.0010564128971964017,0.0008108477625052954,0.346033583145543,0.058258134351192745,0.0029608392479883237,0.0007374477259740745
IL_2936438,0.04060628652197224,0.7682598186658537,0.000969271122455754,0.15057869636794963,0.0017771395931768825,0.0027824408160441166,0.0008930386342705425,0.008544050040596794,0.01803501735725546,0.0066147860206119576,0.0009394548598130049
IL_2947403,0.028259326724731075,0.6761133850456859,0.010430418019220483,0.10333309391615939,0.017076690519995424,0.06399668301987699,0.0012389565495355187,0.021388121147846,0.01440250715483698,0.03960621368349486,0.024154604218617447
IL_2978149,0.0007082488049986919,0.009132172626427886,0.0054018815460016335,0.018122643827016074,0.0054314611321671005,0.0016893409567506324,0.0005610164686992421,0.3404817635877746,0.6177006207283109,0.00013495809171085217,0.0006358922301424589
IL_2996774,0.05482335781210876,0.6873875955426012,0.0037576202874724076,0.09509127792315142,0.011454145420185781,0.004022612609042314,0.005719223673671804,0.07314165549560014,0.02686222251643778,0.03564811548180715,0.00209217323792113
IL_3007459,0.030120215980796696,0.09896108483454098,0.000788403460118598,0.2755244769376074,0.0023860643861918335,0.00041117548670317836,0.0006475215191977382,0.006531234151513984,0.004325278810753184,0.5789247831942079,0.0013797612383685074
IL_3061357,0.11599550418696343,0.4941883630398247,0.01332364062493685,0.184285120723783,0.0015999452024695487,0.0015155124377575775,0.0031061410861943453,0.1585212034553382,0.010834447741939375,0.014814496362479211,0.001815625138313921
IL_3076877,0.07486721048266377,0.7176310029501708,0.0010090945321260183,0.08116122598900792,0.0005550845392341799,0.002269929632248165,0.00027288602768525113,0.0035639434302620066,0.008122220865743598,0.10956131333748603,0.0009860882133723317
IL_3084993,0.06847837483343146,0.621370834653892,0.025453644115672518,0.0910592305962174,0.01184376472338769,0.037452538135019406,0.004299661506667872,0.07045079803585655,0.05468855023696756,0.0131602024477003,0.0017424007151873333
IL_3109240,0.07792079378342627,0.32948627083940957,0.0002919678785334562,0.051918523389278534,0.00018232628040921274,0.0003754531528733525,0.0002205358001478133,0.001807886270890912,0.002733241914359345,0.5348216396836866,0.00024136100698508465
IL_3124812,0.04210943900568985,0.7621917752864388,0.0015190576501998639,0.13823658315957843,0.0017305035334820122,0.002460305468490396,0.0018555935248431507,0.012032158779207568,0.015238022608098187,0.01759848308990096,0.005028077894070834
IL_3127619,0.05487139943960358,0.7983259888361895,0.0008909580620909809,0.10922173091609033,0.0023539768971779272,0.002558467885208278,0.0005563178817003105,0.007401231019996235,0.0033945373114881395,0.01750308570666459,0.0029223060437901555
IL_3149454,0.019000759380260253,0.919533300431193,0.0009325723932091909,0.026049867829399435,0.0062922515530533536,0.0025521891421931555,0.0004660337367895449,0.008649383837499783,0.00853042714232612,0.0071563826654032275,0.0008368318886729006
IL_3153787,0.012479828918880874,0.2047365483071944,0.08081064328268682,0.14703667902864664,0.03689585815840482,0.11799447681370044,0.0042350996224335335,0.18354144103577733,0.10964754863897314,0.003325635855103009,0.09929624033819896
IL_3156984,0.0012585570519971672,0.006568456699774859,0.02307191972269912,0.04397581127593595,0.006013531346087253,0.0010510047108385876,0.0004898269556520711,0.5929849961774695,0.322482394626972,0.000328871049767887,0.0017746303828056185
IL_3200972,0.018754402354756998,0.08171745721054097,0.010943219787299025,0.05039414016426794,0.0047733138601419155,0.004549562558090923,0.005456964055603045,0.1613141706084765,0.6578687032927746,0.0018226534348961226,0.002405412673152056
IL_3206011,0.0008596878719284844,0.008927381091924806,0.0071402065219102195,0.00983836952136596,0.00309806823490425,0.0014649472304433865,0.00045634741408069905,0.0465834578106627,0.9192220192327901,0.00020623226843595813,0.0022032828015534876
IL_3245297,0.022168233672887307,0.08810900036554487,0.0005046425183286938,0.2571103913712274,0.002763904522446377,0.0006010999393933045,0.00037940203935257164,0.00210196489355223,0.0025549052306447243,0.6228410071755727,0.0008654482710499529
IL_3275405,0.09508342492608803,0.3353406648258628,0.006218854348866214,0.0880894685342552,0.03544130385261425,0.016598971898124173,0.004833981100898129,0.024966240368749403,0.04797932803613164,0.3078717810737669,0.03757598103464334
IL_3278464,0.12032682711454087,0.29777072848893027,0.00047111244970996424,0.09225018951989607,0.0015680974237925701,0.00047274091872015283,0.00046054754687084815,0.002071512389939601,0.001932935815407724,0.4811889527859564,0.001486355546235512
IL_3286203,0.07502025330170431,0.031559004180222255,0.0011802647116711056,0.024253306561420353,0.0013567164431209924,0.0018346310859700767,0.0007863271558211865,0.002420098045035972,0.0017925996646541212,0.8587211062397881,0.0010756926105914347
IL_3304841,0.006615074349904105,0.03825744121200235,0.0001657691955870816,0.03458934553827108,0.0003000739942369072,0.00014607848676590165,0.00016357218252950116,0.000434945215489,0.00034972117672021387,0.918691249067791,0.000286729580702889
IL_3328321,0.11762586251805142,0.2081682478106229,0.0004792993797997716,0.0867433188147089,0.000669750962458173,0.0006586329063652441,0.0006073523506566397,0.0020920784057172374,0.00226073646843395,0.5800627121557955,0.0006320082273902626
IL_3355205,0.08346192242846977,0.5843947617095124,0.006562442341458505,0.14341709202472963,0.029343132551210717,0.011797981608842985,0.005513330533843574,0.030256056872059185,0.0347691812237762,0.06570002132870281,0.004784077377394127
IL_3383918,0.15088938051703768,0.23114095403123802,0.0023219641915850284,0.4158462577936302,0.0010884183248368387,0.001336673533123247,0.0013241885368743627,0.05929079055399569,0.007976197486259239,0.12611906518687327,0.002666109844546403
IL_3405674,0.1377523980272936,0.2702205171279905,0.00029869066788087056,0.06042681430410304,0.000936317820012211,0.0005755463390158149,0.00047563364733791124,0.0020494267264153333,0.0018192484292512182,0.5246153459111874,0.000830060999512065
IL_3416109,0.0454956235175341,0.1166242562442846,0.0008579775055854176,0.3465951553618809,0.0012770110531114686,0.00045393564868736834,0.0020438218615746414,0.01302580878480921,0.015364817123321136,0.45727297101771586,0.0009886218814952811
IL_3417042,0.10574977886486656,0.7118118769208881,0.0015685824408122012,0.11240655349045037,0.003611310083627263,0.0033415924760541536,0.00041038052032762583,0.006526057042729577,0.010351530144671715,0.04180458546916556,0.0024177525464068963
IL_3475314,0.05681998226650459,0.15680570523568632,0.0006099933915486559,0.27977282297419565,0.0017860134508865242,0.0008970001221650511,0.0009933120405130067,0.005142244506351265,0.010646846720238407,0.4854403935454264,0.0010856857464841734
IL_3502631,0.17020643899871135,0.5103536565672004,0.0024768004766548037,0.15489310203735515,0.001449501454027351,0.0010708168573651804,0.0016400325989861615,0.04349128598991795,0.0072605924849891285,0.10379692631952507,0.0033608462152674113
IL_3512099,0.019495380619137807,0.8470204888838097,0.0021146735286563237,0.0903426319260656,0.0013846587386425247,0.010910608955480105,0.0005221557558056585,0.006736739561290381,0.008390843113029033,0.010281330910915132,0.002800488007167953
IL_3516247,0.02132570544611813,0.7155463035730643,0.010355987210769895,0.10201792978060087,0.008091698589529562,0.049893371241784834,0.0009516093259707482,0.021005369734070984,0.029609269708382527,0.017446785641631584,0.02375596974807653
IL_3525336,0.000999948827618408,0.026905429741234128,0.006744210433170534,0.022077915327736886,0.014337581065089708,0.0009285452888648103,0.0007160471785279928,0.16897764284647074,0.7570346626907936,0.00023616609663503288,0.001041850503858148
IL_3584159,0.01662777986834452,0.0959718584585805,0.0067703189700111955,0.38520387121268773,0.022547410274059196,0.010873114357007916,0.0027476555946913377,0.08386362115434279,0.36597838140952965,0.005004758779874119,0.004411229920871072
IL_3592184,0.09274151425111693,0.39640394084817787,0.0020405425469154533,0.08849979705989816,0.007680828449317591,0.008924555793670751,0.0009317702707055768,0.007804854899624492,0.00462551658564005,0.38580297342147163,0.004543705873461586
IL_3662013,0.05883435713181303,0.688293031288864,0.0007083139394104648,0.08498967051600746,0.0021714107336822668,0.001328225279093586,0.0005850113419334315,0.004873820212380514,0.004420156926597727,0.14962581811987252,0.004170184510344882
IL_3682737,0.00014892086729678358,0.0024553900709797447,0.0023018728442894005,0.0038217263995605423,0.0012670018381176437,0.00015633835101197104,0.00028652455926811405,0.03774318759667219,0.9511644666180931,4.4348490054981895e-05,0.0006102223646555056
IL_3708176,0.14315348346543416,0.46978407272123507,0.002720092232442859,0.14398269739602954,0.002579495045022419,0.013907373679663621,0.0007908724725002685,0.00877368882460733,0.010990996329110343,0.20123058596948595,0.0020866418644685503
IL_3731984,0.07872635545574899,0.5935652459485058,0.009303560474255453,0.10491504314436702,0.002681359942818533,0.014171922918487657,0.0032910087494768484,0.017113159460222786,0.01311000422507386,0.15899870907567776,0.00412363060536515
IL_3743750,0.02108910525930235,0.8133786846422513,0.001073815388750675,0.10472190081735724,0.025520196298366847,0.0007223527767616913,0.0004179450295679763,0.007825415460150132,0.015380289990125145,0.006196350468890137,0.003673943868476667
IL_3769258,0.471424113161528,0.2478222941826143,0.0015224135064988834,0.14883562946668855,0.0005620903598236957,0.0008354637414786648,0.0006529528307195468,0.0034736149669015236,0.005515384941215467,0.11854113245410804,0.0008149103884233143
IL_3770691,0.021625464139385438,0.7483864001919089,0.006167835173266632,0.0814912661870124,0.022552354562610944,0.0068522922389853275,0.0008424359877123554,0.020727625549147966,0.018197756458999046,0.06775721059016246,0.005399358920808369
IL_3795536,0.10148835599073136,0.11554153464472118,0.00022750787079461768,0.0906501614835921,0.0006820066201196932,0.0006157589780776434,0.0004727552247474015,0.0020289270415208213,0.002164478208922428,0.6856905276236369,0.0004379863131357909
IL_3825170,0.025023527967735507,0.7713155231243622,0.0009895797509753739,0.16776700630989327,0.005622286595263504,0.00036688636424276396,0.00032310383992177995,0.005215216718577319,0.009552867206340722,0.012752631131471839,0.0010713709912155685
IL_3849919,0.04956964567069654,0.43851276544594103,0.003991321056797581,0.22141323900089924,0.0194824406690248,0.002478709963580235,0.0008998596198265801,0.023744884163618023,0.22543122470687543,0.010986714367638572,0.0034891953351018027
IL_3863962,0.05718797288156611,0.14258569237157676,0.0012451928851290978,0.1566553340937092,0.002309545699142795,0.0022744917272892635,0.0007230020281086759,0.003439638961999588,0.0028037746897317333,0.6288778019452331,0.0018975527165137965
IL_3890738,0.07279123790993369,0.5876266166543678,0.005680194309233121,0.07043410464449036,0.0010216524489305263,0.0034179204531355097,0.0022920043196758364,0.03196622082108686,0.007932342833833315,0.2128816542386313,0.0039560513666816255
IL_3916806,0.058364313054090934,0.7776947501876621,0.0006080842196307219,0.11524176162426854,0.0020423208751963774,0.0003074632216407074,0.0005681963997482634,0.00830534600508349,0.010141285240581431,0.02644109897128687,0.0002853802008104734
IL_3918658,0.023862313251358992,0.6025274379909067,0.0007600155538195467,0.017304911789782967,0.0016752053021728127,0.0008781522779739102,0.0012043366840600003,0.004747633925752953,0.0032914181943240104,0.34257029040971765,0.0011782846201304725
IL_3925046,0.039651297357333595,0.16013248974405814,0.0006555879040761138,0.11819274594624284,0.00044278011036608805,0.0005976756198056549,0.0002956754887972371,0.0022266184393929817,0.00276377403797981,0.6743991532078837,0.0006422021440637656
IL_3944678,0.11007489365790543,0.2142237670107463,0.020785787193036667,0.4164185071870627,0.004809722660138733,0.010292604490999991,0.0018234471524173524,0.02914291579145835,0.1780284237067358,0.012256671390522951,0.00214325975897576
IL_3989231,0.003986337163339639,0.02807439992353105,0.009598981502323228,0.03595830537648573,0.004772090007851238,0.017253964273524713,0.001119518914866703,0.2959251791305834,0.5999117496434144,0.0006083339341634289,0.0027911401299165204
IL_4014940,0.021415563204442052,0.8624686212303291,0.0002167050535563199,0.06839017925089766,0.004187321440577915,0.0002399042442115959,0.0002497606007849057,0.0039787935260394165,0.002612871223840984,0.03579779282847963,0.0004424873968403511
IL_4030473,0.15463084193999638,0.641938815172322,0.005856330029486988,0.04941440820507934,0.0011962346953629218,0.010403432996375646,0.00048318280847189996,0.00572742587527165,0.028027947412214482,0.10088043500646578,0.001440945858952979
IL_4032940,0.18786998594546872,0.642050311654673,0.0030956020539574815,0.07283321888344009,0.0016056623683005852,0.0020552966757489207,0.0005145264855708523,0.01080163708677333,0.010825878255605006,0.06671566820223383,0.0016322123882282899
IL_4048093,0.0702195477863564,0.21754455958262864,0.000844776702126426,0.09833098115675722,0.0015343781716111115,0.0009731489935810335,0.0005868458571988399,0.006275317920039259,0.004353981726056634,0.5983970969957376,0.0009393651079067026
IL_4102420,0.11345632844785755,0.4002226271014592,0.0036713493792011713,0.059533711428026694,0.001248680533073919,0.0052405954450575765,0.0006684103736528983,0.003748242419940059,0.011034798496181065,0.3980032948919406,0.0031719614836092686
IL_4113222,0.011508755407475004,0.06736365286857983,0.0008370926650387009,0.744621509834948,0.0008452185901720217,0.0006907714897538683,0.0005188792521587791,0.0058162227245244415,0.013652045300451828,0.15307322458728917,0.0010726272796083007
IL_4121028,0.02318462297787787,0.8464832483173806,0.004605294292285429,0.07296125293427287,0.0013545555872303684,0.006008854427933908,0.0015396932873194065,0.007104690844306155,0.009909348807828487,0.025206759312071385,0.0016416792114932847
IL_4137970,0.020189779848817875,0.38286624944827935,0.000564306839866011,0.26811359314574273,0.0006302639368305764,0.0003586774438877462,0.0006073088397543142,0.00347433057434581,0.0026614004927992072,0.3195397462116324,0.000994343218043953
IL_4183780,0.025243020766568085,0.8171173481551863,0.0014306085291051643,0.09911373076982252,0.0029130920436358635,0.005463957144142507,0.0012579093577235814,0.014468673409371004,0.00817868982081468,0.017903932846390067,0.006909037157240296
IL_4205103,0.0395478969844452,0.7843864693792956,0.0010881158994201215,0.03696995041006059,0.0009405367274635391,0.0010326262050962722,0.0004035268660109554,0.0057370045896935895,0.0031386743207164427,0.12398514776276419,0.0027700508550335366
IL_4212360,0.008128645094855528,0.8833163686165071,0.0020531423638309866,0.08644979683650035,0.0017375826515643564,0.002769919789295331,0.0003614256263400076,0.003914979074117569,0.004328681301945948,0.004619218254514564,0.0023202403905283947
IL_4217178,0.015135799970404104,0.89164669748924,0.0007082318152682051,0.0563061607517797,0.0013532135822785889,0.0002691726127325803,0.00019497754873310636,0.003911336194695907,0.020543789298152145,0.009659601366456931,0.0002710193702586888
IL_4273134,0.033549743142659516,0.45143355633494103,0.0011306678114378563,0.05532022951787208,0.0028602695382244653,0.0004947437220957538,0.0015043139540031683,0.0043051421097388826,0.0038288748262757864,0.44371038743833857,0.0018620716044128423
IL_4304678,0.06238074916549399,0.4566784773079672,0.0020174815072344582,0.029166912437510458,0.008218949239424978,0.003952292615236224,0.0029979669401013903,0.007912200298266857,0.0018103966656946272,0.419361081790216,0.005503492032853747
IL_4365221,0.06946382911165024,0.8317941293694022,0.002916097517658707,0.05245419335120988,0.001622670496669722,0.002943132655356957,0.000307951922874299,0.010622114766893884,0.01268510002507159,0.01483664869039563,0.0003541320928168887
IL_4377002,0.14142446763136107,0.06243107544825962,0.0014240964997183862,0.10337122437355498,0.003027522713814854,0.002387330107841314,0.0008398587544083865,0.003218537757464263,0.004427926997552478,0.6757186996160089,0.0017292601000156596
IL_4378654,0.034352870406195876,0.7415722293107617,0.0013111435198263565,0.1847661452097586,0.0013954734193051543,0.003402795325339512,0.0004474122713465211,0.00638867134032098,0.008827089998452858,0.014783749849165919,0.0027524193495265777
IL_4383984,0.05316632505905111,0.13221178531688788,0.013824730687438804,0.36484334965359116,0.004265556338581784,0.015246567012085982,0.0012966636965847638,0.25025325274439336,0.15788319307744889,0.0024445654087515275,0.004564011005184775
IL_4392618,0.08034074285928405,0.30290171230012175,0.0010917395087462012,0.0913010077397131,0.007118254051187082,0.004489761839565891,0.0010704842279741532,0.004428182138697563,0.0035883984335469033,0.502023564345476,0.0016461525556873465
IL_4393410,0.059237711280205926,0.5868739342879791,0.054416600186452356,0.03334738662467305,0.005386826578269747,0.08749217650867518,0.0019618696003285132,0.019913946108054564,0.027933253549553803,0.11853416212003667,0.004902133155771107
IL_4404293,0.2166322195026041,0.1046684448235064,0.0023892098232385214,0.07732560484302617,0.003774463851086635,0.0022989070271490883,0.0029899407934553352,0.004723697590569167,0.005654758963924399,0.5786037134949293,0.0009390392865108642
IL_4407167,0.035487610523009236,0.6068144680876266,0.0017332229847279357,0.08775555458478221,0.0032706225398825106,0.0026070797217491418,0.0007876536529099112,0.005423212702627051,0.0031736772438091653,0.24877903720002645,0.004167860758849781
IL_4418818,0.011831103015336596,0.816294839775652,0.0038983916622887175,0.10578134353631186,0.006299500793692164,0.002620550395626917,0.004432566251869494,0.02055780093387463,0.012904627882835654,0.013059754707860433,0.0023195210446514997
IL_4429583,0.004363252222133467,0.07322177192388887,0.0072764181094618526,0.04766074990017165,0.010474460035699894,0.002706726058306702,0.0036093047163319645,0.7956716636742103,0.04890993428337188,0.002062962135780252,0.004042756940643139
IL_4447995,0.1118403877715447,0.5575065984825333,0.0018787929990881868,0.15161024522786948,0.0010444158731449345,0.004389242689112708,0.00047179253316703945,0.003789418506674366,0.09248200300771736,0.07431130022867555,0.000675802680472399
IL_4474915,0.044229263690789486,0.19093159462748854,0.0003540418613517655,0.09401855766597386,0.0016191358968860286,0.0006538011912736181,0.0003847268732706645,0.0020714868459446763,0.001255903711866498,0.6632359788085214,0.0012455088266334477
IL_4556052,0.0443234037634895,0.0580325622069329,0.0002598092631675108,0.04154753228725345,0.0009245097878107869,0.0005415629627490301,0.0005319234575715215,0.0008150413766994824,0.00090510449820286,0.8517960704691194,0.0003224799270035048
IL_4629710,0.018372574777276243,0.8686441320676421,0.0027619295768125445,0.04624732464917309,0.0034808675221163323,0.010501621414591218,0.0007606598435402538,0.009336504089114489,0.00857185463307418,0.027423420624126074,0.00389911080253321
IL_4631015,0.07990866242970415,0.1007584452108948,0.020563872228025283,0.2095199965948853,0.0015681054220922058,0.002276875278079942,0.0011507463331584511,0.523784122833932,0.057723282148804775,0.0016379367320771248,0.0011079547883459011
IL_4632594,0.0002743732681276251,0.0029000080965081013,0.004085668458507483,0.006395737123703922,0.0021043766107058434,0.000717788126909648,0.00020326732876250442,0.10033861510364475,0.8822632577875582,7.505176743076662e-05,0.0006418563281412376
IL_4640947,0.1427563111817357,0.5313108643694339,0.04532476246748438,0.06954521259245144,0.006419660927137409,0.02028281202605141,0.0021854683381825712,0.01885554094184935,0.04346219242947913,0.10889688096016728,0.01096029376602746
IL_4652828,0.042618461823132926,0.7711875351187032,0.0015966160428069623,0.07823321767827379,0.009511517234941438,0.0021248762800511294,0.0016891920848613672,0.029388472701556624,0.0161780668893025,0.04524955185866926,0.0022224922877007534
IL_4673376,0.0004879494261382367,0.009811819152023381,0.0051610863835269746,0.00561548668747139,0.002532304607315433,0.0006010798753256705,0.0012076113252199852,0.11129977598844581,0.8603983339442174,0.00020598292002249423,0.0026785696902932904
IL_4698973,0.10703077388621371,0.7432219795143005,0.0004277665347580549,0.07126260251621613,0.00039832467208183905,0.0003329970188546716,0.00018548335944325314,0.0030141299028394915,0.0029496013281835516,0.07084825092966333,0.0003280903374454928
IL_4703518,0.042533216657487265,0.7524791386211361,0.006677015253290035,0.12757945484447594,0.007067372742241014,0.004703407498598005,0.0003940837579646806,0.014235557731136425,0.018643339417855977,0.021462758469042713,0.004224655006771884
IL_4708155,0.03074379890179823,0.04568286852192409,0.02566125857443278,0.07341224570247631,0.01865972883492092,0.08743374644785007,0.001368071419067465,0.2666842762221128,0.4434733729408428,0.0016228981091193828,0.0052577343254551
IL_4733323,0.1448294773627478,0.6234492206076246,0.0017691045544616908,0.11631136761863112,0.005191041954719515,0.0032854592827905255,0.0019343789869390425,0.004420281998504034,0.0025144795925637585,0.09573612129880031,0.000559066742217662
IL_4738780,0.03780720368390793,0.5522944172184037,0.03183246507663873,0.0746808097567437,0.019148857599087597,0.0760085606415163,0.009960008090530199,0.11692983044386804,0.02356150386693106,0.034068118908088196,0.023708224714284607
IL_4747648,0.042811021932666324,0.8031290696202318,0.0016593085067145613,0.05882337830637696,0.0010181254048951293,0.0027229864804432583,0.00024233312963551916,0.0037786424528967596,0.007255081939052793,0.07301843924872588,0.005541612978361149
IL_4761308,0.06611648599350015,0.7281022815899882,0.002150200807884474,0.030380142405758957,0.0006776525621610028,0.0027303457732829684,0.00021902825656159192,0.002470034903382271,0.0026708754453972855,0.16161728590192168,0.0028656663601616264
IL_4787245,0.10486154824793463,0.3303764542778604,0.0004281990340026738,0.12577509878984705,0.00039195136573178056,0.0005735073159575884,0.0003430468281071128,0.0017557733717631448,0.00883791129943082,0.42573100555682114,0.0009255039125437985
IL_4796202,0.028635553019297842,0.9017474975396718,0.001322527450649555,0.03429950407203844,0.0006784101083940257,0.0017668033694585494,0.000200768879872488,0.0032608693196988755,0.005846578193005799,0.021643809617926335,0.0005976784299862156
IL_4805993,0.00678724067896182,0.9139635165877144,0.0013596798303517513,0.0440422845864647,0.008769437194320542,0.0012666977382950761,0.0003246812535681673,0.00499764642773689,0.003768969243888679,0.012620413029984548,0.002099433428713348
IL_4840188,0.048403504088264784,0.7828607004267485,0.0009471076319343865,0.06304141112282458,0.005957475472019343,0.000908700052416604,0.0006261695909521689,0.0071677156393381925,0.006745258864255062,0.08216160421366053,0.0011803528975859734
IL_4848599,0.016787055862020294,0.8499846366335254,0.001965962472275076,0.08888087337938391,0.009936039199241041,0.006307899774755141,0.0017128574498156987,0.009483559670087075,0.0032606393616409226,0.010659316950124249,0.001021159247131147
IL_4848977,0.09734545673379691,0.7053716913282297,0.004805137301781562,0.05850829967327087,0.001182454647330596,0.011137212929022876,0.0006577494661421382,0.00720062673928975,0.008525831743815146,0.10104469253658158,0.004220846900738791
IL_4907451,0.09732214928282693,0.17704550446455786,0.00013673764306935328,0.12333738846793402,0.0009940194945421508,0.00045837437130434697,0.00029488707394683403,0.0019261782547697322,0.0027291404312680084,0.5952294100854428,0.0005262104303379932
IL_4912944,0.1458203208411249,0.31340268437928026,0.026205108297845586,0.05787721862626642,0.022123342763744443,0.02374298110987237,0.009032267166670053,0.02554598335384021,0.013623310797161479,0.3460175012517539,0.016609281412440474
IL_4926820,0.0012071613995457693,0.02298596819325751,0.0084441307815381,0.10246430723360148,0.002600391084137,0.0009974505419893494,0.0014189843738635897,0.7142330455864911,0.13889123736009404,0.0008011902463689782,0.005956133199113117
IL_4928787,0.01017786927287101,0.891674646217972,0.000816334140412529,0.0711893583283196,0.006887410969220812,0.00038467544495705787,0.0005701861515046863,0.006848673760425465,0.006486252568306138,0.0042684081701156815,0.000696184975895083
IL_4936385,0.2610363969865218,0.05449162835167021,0.0088691890700594,0.43541215930736876,0.0012916887960740357,0.0027964184608939404,0.001341303594815543,0.21854651573300227,0.012031295685909028,0.0028602756949966733,0.001323128318688247
IL_4942231,0.3326114504732143,0.058037289646686016,0.0013904618745161895,0.15922425202071883,0.00936819396819817,0.004825488468176925,0.0014569021878481927,0.0059761121870983164,0.006189417983831596,0.41878255609090986,0.0021378750988016487
IL_4953244,0.03971971708475583,0.734221729390794,0.0014994264450330394,0.04941026241071732,0.0007806052794716822,0.0005352338218748095,0.000950499092188027,0.007405435957809445,0.003324437458211156,0.16095297370993797,0.001199679349206683
IL_4955020,0.2070211092455368,0.4165435146085993,0.0014179078876812186,0.1599839681246862,0.0053135100908691425,0.005872966212951858,0.0018946847220764453,0.030744026831730942,0.01839115166466078,0.15137700753992664,0.0014401530712807125
IL_4964046,0.15359212535766942,0.3272881354443848,0.000948295120518316,0.07399880826323779,0.002120251986445561,0.001961142000768412,0.0010352095518256963,0.0054687915429213,0.0031680479376108056,0.4294993037546613,0.000919889039956774
IL_4983934,0.04692613962750872,0.768883238498586,0.003405068244656765,0.03210968771347819,0.0014638812609237724,0.0032651965543399313,0.0013470873466883955,0.005262250929489452,0.008659620501963464,0.12410335971890647,0.004574469603458843
IL_4994761,0.10577519580472063,0.24581735267113997,0.005948862807425211,0.298832012493453,0.0019746740804181843,0.002038562583962642,0.0020251912327969614,0.29075079302752227,0.042597640419442084,0.003433660855252825,0.0008060540238662307
IL_5016487,0.037836225577141,0.1880995067302608,0.004932718995862909,0.5571148493119229,0.004984664110115337,0.000798808674805464,0.0034069569437531247,0.08388635402641696,0.026489109550416598,0.08810323595606076,0.004347570123244144
IL_5018680,0.09320757201277831,0.5478110145533349,0.006467189713457384,0.060566665847265916,0.004971212233979415,0.02818285728282141,0.004327331693267366,0.016792177946486443,0.008256559658104113,0.21662145119166298,0.012795967866841814
IL_5117306,0.008159683908306233,0.9222851065472593,0.0014772448049605248,0.04205741766524106,0.0017981400242003903,0.0009777728922971969,0.00048531388134525494,0.005559717420292189,0.01347954191958346,0.002855723651102394,0.0008643372854121224
IL_5136565,0.09238377231015305,0.3542052806527707,0.000151143721760208,0.08180607549745411,0.0027521971246559315,0.0002720364466090274,0.0007540646137275016,0.0024271950791433863,0.0016791895564286894,0.46332516720913064,0.00024387778816681625
IL_5150961,0.05956210817685213,0.2513169462423902,0.0005972558889426806,0.06056820431961472,0.001024635216610415,0.000931823849038695,0.00050257664555394,0.003300155764497804,0.0021841735232976476,0.6192052870871945,0.0008068332860072167
IL_5152620,0.024487349212595374,0.28216020873390546,0.00785577385961306,0.45450848206073835,0.01373411006690806,0.01205450826880335,0.004106131865068219,0.02968140954449937,0.029322338983382858,0.13263384956518187,0.009455837839304074
IL_5171099,0.0052958359766940915,0.9352673587581224,0.0017871811872669221,0.01612948107680133,0.0036335511017933104,0.0010287826841559225,0.00035903104893602396,0.00706840660391415,0.01917731884496178,0.008999691216662595,0.001253361500691405
IL_5172506,0.03233958603862456,0.14214472885746177,0.011541708455517045,0.1783620734290684,0.00560546722262743,0.004520919710334081,0.0021595125737138288,0.5497533505002193,0.06240257746995513,0.003358315797877808,0.007811759944600602
IL_5188190,0.13755481865152897,0.4271268269415269,0.003381278319328107,0.06226925745629877,0.004849921257139507,0.006433224183831358,0.0019588848994372774,0.010681417228446618,0.06406724784149748,0.2715986756229476,0.010078447598017376
IL_5192693,0.026517413640292312,0.30416880919443373,0.0004727561131117126,0.10197145920898523,0.0017757003129325142,0.00045947638180906755,0.00037980730076246004,0.0021820264086185198,0.0017450940886887694,0.559464946309311,0.00086251104105469
IL_5195971,0.026862286102770083,0.7154331884017977,0.0036587275642612064,0.14591034113904613,0.009742806011033535,0.0072929387047168245,0.0011305680564601154,0.014541276389465188,0.05809440380889826,0.013673758839970235,0.003659704981580565
IL_5199215,0.007237933792591458,0.023155018835692272,0.008892802138586734,0.18652845450285496,0.003456985781425773,0.0030933148046561085,0.0013146643180577987,0.7002271684565673,0.06248211593978831,0.0011996797038911614,0.002411861725888047
IL_5202722,0.1697952668244611,0.10557944847361689,0.018558001812929843,0.4238268905549397,0.002935812358311437,0.002980214012583909,0.002046876884054619,0.2240231861055889,0.04496173201347673,0.002903831356099289,0.0023887396039375857
IL_5227274,0.09150213994974815,0.549231202517743,0.0006126731183441456,0.23238451763849605,0.005392477230758015,0.00047146729040208925,0.0006129071062421683,0.009043243138976365,0.024774770745416667,0.08552663593610421,0.00044796532776896283
IL_5227787,0.12161697317402329,0.7263817371527481,0.0008538616702488424,0.052895006928696996,0.00194580112337354,0.0021865723544238157,0.00047642111130209296,0.00803593529069235,0.021755137277469548,0.06275717369714946,0.0010953802198719507
IL_5242598,0.1266647232569631,0.490455375956242,0.0030226843668711683,0.1954425408335087,0.003662668407022417,0.011380924561715683,0.0028918762508646336,0.025452695610388435,0.014344140374093917,0.1252135707678954,0.0014687996144344788
IL_5308378,0.006528905730571327,0.0443253885744268,0.03131239242524747,0.14263381237387035,0.033072169244341344,0.01507628648494494,0.002493276138940604,0.27105099800675614,0.44582364701033267,0.002076729796915736,0.005606394213652608
IL_5330356,0.008615791847938516,0.72010261826988,0.009842559657373986,0.09364503652380511,0.016701565046007654,0.013849554217517691,0.00199929254263302,0.03052172172250479,0.09366860318109654,0.0042280532481420675,0.006825203743100577
IL_5334240,0.01733525213491222,0.21913828897515825,0.02885673505015237,0.0891277653751751,0.044769860965497024,0.027335725634238934,0.006968300961407541,0.15714482607974187,0.24614345714815467,0.00407148732610976,0.15910830034945234
IL_5360549,0.24909422772024975,0.0920976772760775,0.0012724904180239603,0.06240658507569268,0.0026962887298754004,0.00416202846032584,0.0018413254701910603,0.003513285919399498,0.003142843899402197,0.5788112736847263,0.0009619733460358263
IL_5383665,0.26069597380168597,0.19401115668597835,0.0006378652839822343,0.29076228814924787,0.0031574518580245216,0.0018017337415751494,0.0008367233971534763,0.0048175652410905444,0.017197591400282007,0.22351913692859582,0.0025625135123841635
IL_5417792,0.0005892322093211873,0.0066412902442632565,0.014185818598402823,0.013283719882927288,0.007660604675020873,0.0012128347953428232,0.0007511649740095098,0.05500341145248397,0.8939233141035855,0.0003195512446695527,0.006429057819973266
IL_5419157,0.05700166027522939,0.6089094849634119,0.009412918246016443,0.04962593810808513,0.01680102153232212,0.02660672664859042,0.0010085841459044633,0.0594006746961111,0.1325341896996737,0.021451127023687358,0.017247674660967983
IL_5461503,0.07005210152000116,0.3470805141670252,0.003581406271916876,0.054620638745543515,0.017788638982560962,0.009056108592222832,0.005122474691383552,0.008988671550615456,0.0070787591036002104,0.4715508885047437,0.005079797870386632
IL_5484022,0.10255099532843717,0.44738313004068775,0.0007945982986391271,0.03330888112214357,0.004055486070828743,0.0029245447535929735,0.001022488913086346,0.004086192541577736,0.0020996046583943028,0.40025041667059136,0.0015236616020210007
IL_5489843,0.015924452853486707,0.8554567338720162,0.000659810968994244,0.0522698765211345,0.0011206286750472705,0.0009440672830534584,0.00042438955174851385,0.0035777556219784724,0.0018360171075359935,0.06448845404892625,0.003297813496078371
IL_5493219,0.1674535025649883,0.07130373515641474,0.0008082984752236842,0.03990306736898892,0.002026405906441142,0.0010644475251326028,0.0011234035055900614,0.0018453402675135556,0.001783384058590236,0.712168541413218,0.0005198737578988878
IL_5512024,0.06086478850290141,0.2422786743541599,0.0003877874203237462,0.1200394651781641,0.011310763877630397,0.0019102457859877695,0.0010266844485315786,0.004725257603335307,0.0031624240720836572,0.5537265027505582,0.0005674060063238564
IL_5545711,0.10127169345585507,0.08657468216612094,0.014481400821071005,0.44823108444380044,0.0021968857595522457,0.0013891512265377082,0.0014997715956293766,0.2707055775157924,0.06846937435077999,0.003170410756403185,0.0020099679084575454
IL_5552679,0.07551318976895463,0.48605805389481965,0.003208758549557527,0.10559971485702106,0.00935465010199725,0.0044038773224482275,0.002018543246983416,0.006313788078284388,0.006665599404656508,0.2966818494032448,0.004181975372032432
IL_5562172,0.12340046317178116,0.6344168366704561,0.004519640768144541,0.054562345653300266,0.0011209638297823416,0.0024477083213931116,0.0010634847035137355,0.011444284399984685,0.008279126126110703,0.15722523474013042,0.0015199116154028156
IL_5584877,0.1663111502991851,0.4783245179719744,0.038662076117218724,0.13421196154319698,0.00346807625125922,0.010346734312337647,0.0029107491012913267,0.11003442053781051,0.03427907096040401,0.0165965657744142,0.004854677130907809
IL_5603161,0.11029830390632041,0.16275471789350848,0.00658214210595585,0.4723350262487229,0.014511391588675543,0.0052147517962732514,0.0028535336337671595,0.08976447114099476,0.1083044113244204,0.01953383240012772,0.007847417961233422
IL_5609972,0.21456530282562103,0.22137698497548458,0.0012491539975022958,0.3196733806092824,0.0006816191948774811,0.0010132985357652567,0.0012970142255719795,0.03457704041501542,0.007054849030051101,0.19741481921632448,0.0010965369745039506
IL_5632066,0.002568249122657724,0.03555590222258324,0.008525120517206166,0.022233245618029536,0.0529209288201647,0.006746106969385404,0.0024434951132182004,0.10710332819961421,0.7155421890397513,0.000750864592713597,0.04561056978467601
IL_5671982,0.024043210742632957,0.7874592484221163,0.002081774840362996,0.137240820567053,0.003595594794827978,0.013124253082556402,0.0007542474921117658,0.010236409244480514,0.00629679183044584,0.014158671681473087,0.001008977301939127
IL_5695938,0.041545948522837974,0.6335866017249732,0.008484030882848326,0.15527503712652374,0.04485981173071412,0.02520382098311234,0.003909672337098381,0.04729280060375062,0.029212342986242347,0.008395027383040654,0.002234905718858319
IL_5698172,0.026897949594915815,0.6855648042658982,0.014359116722353293,0.04773326095220308,0.011252685781876633,0.11681323628568983,0.002330790200167728,0.033303515003583334,0.009936704167143167,0.02914866413280609,0.022659272893362885
IL_5712655,0.23198638384868692,0.13133234189775614,0.002417533753529462,0.24784258978567575,0.014187573742419421,0.0033296307783769402,0.001616289802233687,0.009671850107504114,0.19771795622863558,0.15695297985700787,0.0029448701981741997
IL_5746899,0.07149707809817604,0.43717007035330124,0.0008120142982325138,0.12487230045550665,0.0011490374338344175,0.0003370885805006654,0.002277638852868199,0.010940742157557484,0.006617910021814612,0.34336216335326547,0.0009639563949427578
IL_5770284,0.0017859740585173668,0.004842105218115485,0.001496683311927099,0.020077921318441827,0.0012305238899177888,0.0015597069589137643,0.00021543301987931,0.04508815761940241,0.9230510597375795,0.00014854541057829826,0.0005038894567271732
IL_5841112,0.00019990936285611623,0.001556331878537534,0.0004993636704711366,0.005425690157596285,0.0017788638139359966,0.00019491190326786744,0.00015357478313076257,0.00626986152621049,0.9834847853624541,6.613658607751816e-05,0.0003705709554621734
IL_5873278,0.09677037277245348,0.6881269173040965,0.004191607951803537,0.06334906645760492,0.016766491840367007,0.004876740058676363,0.0025831203624629333,0.026698755627590005,0.01804109039903657,0.07390076350716522,0.004695073718743524
IL_5886154,0.28888387455166886,0.07234149615696608,0.012096056537985084,0.5061279080532471,0.0012927361364864745,0.002569936201279245,0.0011930691988425468,0.08298240740100209,0.02924586357032206,0.002930349208385814,0.00033630298381462934
IL_5891440,0.07764006787830788,0.4374761087454631,0.0019133617563604271,0.269956116025034,0.0017633040187068345,0.00161749454303911,0.0021301796533885614,0.008504397133586507,0.010484960794159046,0.18497647009626184,0.0035375393556926994
IL_5907718,0.050074280466605905,0.2017696240534746,0.00030699003314009374,0.022679447932062842,0.0006344425415376047,0.0003293010434089509,0.0005235537868968234,0.0021001865597912043,0.0008533011352495059,0.7203347664615555,0.00039410598627702474
IL_5913331,0.1048641356319355,0.686647648730704,0.02252875686616307,0.04052529077119959,0.0031542067468557336,0.054633598586873375,0.0017093283472457712,0.013516328785871001,0.01137119538786503,0.05738020296198082,0.0036693071833060623
IL_5917748,0.031150771098739385,0.8759874291769256,0.0005740965662953938,0.019382832288982237,0.0004647182868324837,0.000940683696173994,0.003143626903369613,0.0034151315135639536,0.002017711375886545,0.0619669003959013,0.0009560986973294586
IL_5924119,0.0003704214164264493,0.00364469116941123,0.0014108621278869898,0.004864711556386236,0.0025772372205387873,0.0005119666231581373,0.0008798308219675095,0.019175590386794117,0.9658653151385362,0.0002656713365328464,0.00043370220236150765
IL_5926691,0.0018461594070326589,0.01618524882637088,0.003761626535739291,0.061227139913463895,0.007693741083141043,0.00046756417100202576,0.0006492586271756633,0.3141328917606657,0.5918801443936798,0.0003962855557738481,0.0017599397259551739
IL_5932158,0.1982577016718156,0.47949802180883816,0.009440799801956624,0.12501592498018468,0.005822703009033446,0.018944740302162453,0.0017565358651474164,0.013861537720614905,0.015945862720371844,0.12554918657335515,0.005906985546519648
IL_5978307,0.004362779040484331,0.10590351747771157,0.012585463924369367,0.0801876034961616,0.02332815716932799,0.0038505679138099466,0.0036335596443758784,0.100690676845199,0.6571414150829928,0.0018267275802432074,0.006489531825324309
IL_6000978,0.031450334810901384,0.6980955387620557,0.00385186282364238,0.19233025052834576,0.00964257730828471,0.008858075827527909,0.0020873204108377993,0.023971794995244843,0.01000696563948818,0.016632465532343425,0.0030728133613280063
IL_6012528,0.0537346732114991,0.5380245735482994,0.0004086556323956745,0.047464285154406385,0.0018124859041360626,0.0007011807715844691,0.00020483236044705066,0.0026253383371259765,0.0018098961297626623,0.35237012871753837,0.0008439502328049606
IL_6031916,0.06733903699216678,0.35796189287391805,0.024391286717138472,0.06079563012577134,0.019872126198661022,0.22613543871317138,0.0023815154629710077,0.04711064093266528,0.13809566879674823,0.04337859443208764,0.012538168754700778
IL_6046824,0.08286858827053732,0.5952835850395416,0.002509233999167798,0.06151836116752815,0.0006956955208589431,0.00168090242928102,0.0018160535781507148,0.01609487297580957,0.011844811123022627,0.22458761369381347,0.0011002822022887434
IL_6051806,0.04037115817595413,0.3990501634168438,0.015669460412332276,0.16566202778147854,0.001017432770813065,0.0013473535191674906,0.0019982191220413066,0.3475244714916105,0.022663059377022884,0.0026743015775774893,0.002022352355158532
IL_6066131,0.1086920962249692,0.6714721473088306,0.000887659356583448,0.028370273642312902,0.0007659617397883322,0.0010990307228806433,0.0005416168208883109,0.008849802128073056,0.004015737060020738,0.17435259748040938,0.0009530775152433687
IL_6070882,0.18954514174500758,0.32078845103919806,0.0007227764992718058,0.0895689839235869,0.0006172382920050757,0.0013399721452835031,0.0005153139433643392,0.002357656252128024,0.020554189232556384,0.3732172387230695,0.0007730382045288298
IL_6075447,0.07566838826734099,0.7201287684476029,0.005108804443548682,0.06497750651909474,0.00178840124854491,0.007406320853664777,0.0006306071813985606,0.007263870302730243,0.01948779882820014,0.09584942837888535,0.0016901055289886826
IL_6099493,0.0092499875895996,0.9012299128940306,0.003889243063336563,0.0564061638730753,0.0032436536492364424,0.0012338665459470555,0.0006180048071257288,0.009576409803767862,0.006279744184282776,0.005370920460733682,0.0029020931288643794
IL_6099858,0.044934326658437614,0.8287309037129886,0.0011701582046045448,0.04048372881870284,0.0007056595891569801,0.004499546868892195,0.00038990522471429894,0.005246048820520052,0.004579433830512236,0.06703280572648306,0.00222748254498763
IL_6129083,0.002078972161376114,0.017285101959161046,0.03596684282531884,0.036927559034683775,0.08272971664828191,0.008574478042336995,0.002184905881966906,0.04344230454826589,0.7584760946966991,0.0015905440494147966,0.010743480152494768
IL_6163594,0.1875726817010014,0.3244666083907066,0.0005619951951352218,0.18692264114741125,0.011845090713830206,0.002548256360519287,0.0011480099828501055,0.004044490634333754,0.011022289620948353,0.2688647195459064,0.0010032167073574729
IL_6164735,0.050899109381076946,0.22871150709822388,0.0017881848040996835,0.3567440104140429,0.01423099670577976,0.01074118480578818,0.003064105726661437,0.018993667436187068,0.028059289905096457,0.2834534825895084,0.0033144611335352058
IL_6191818,0.019268190139184287,0.10043985383188847,0.0018642479860857015,0.13188959387114418,0.0009392469831143691,0.0036056880398928526,0.0008467824212667204,0.004493334703851945,0.004105624011547862,0.7311973503898289,0.001350087622194717
IL_6197538,0.08822493713029622,0.45346783612737557,0.004399930604823199,0.14568807456561284,0.004637879899524394,0.00752657364062489,0.0024658719893699567,0.06112794792559948,0.1617426710488688,0.06874146554958223,0.0019768115183223045
IL_6214063,0.22368952862790684,0.40347904246230454,0.00120851492122844,0.11814746685424839,0.002477618041802291,0.005816600758648665,0.0007508176164945306,0.005907235597366394,0.00616257388454877,0.23137078774615794,0.000989813489293237
IL_6247837,0.138219875212639,0.6786856555825801,0.006720270591177598,0.07749892048999057,0.00202002791054831,0.006316365781076465,0.0008998050646988298,0.014602534726853765,0.0090218549864283,0.06218509096547941,0.0038295986885276633
IL_6254530,0.008807711764435264,0.33871707573405996,0.004701542106272109,0.0903697771642911,0.02320989983207914,0.006626568263834782,0.005240881077470928,0.1958442038769159,0.3193954326980639,0.004016406323171409,0.0030705011594053828
IL_6298296,0.07153085254010194,0.4741968570416748,0.029128570695790876,0.05804530661954437,0.04626145732529153,0.18580923452782516,0.007912841992029102,0.04520285941960228,0.039838019741178135,0.025701601335769403,0.016372398761192522
IL_6311333,0.04324145527272745,0.7326394284680905,0.0014821548881917774,0.013164045956373664,0.0006295988892105548,0.0011914231475700302,0.0002869477407132303,0.0027102810799221975,0.00288115453632231,0.20068098308035803,0.0010925269405201812
IL_6364048,0.019611977656499503,0.6024543648569874,0.029594610936884105,0.07018256659747177,0.018026414429807822,0.15557442587084172,0.002775018513775079,0.03310110608497691,0.02947006100252903,0.019557355493514648,0.019652098556711985
IL_6375582,0.03649519677442849,0.8021848764858577,0.0037980031496367157,0.10362480320466891,0.008115610566659905,0.0070840550142236966,0.0006648305295741231,0.009997854892407423,0.00779052110863646,0.017227209408686852,0.0030170388652197705
IL_6379178,0.02397396708285124,0.15138880803798993,0.0036346204528530843,0.5689216695711352,0.003657511969488529,0.0011091122375080685,0.0022513425799847732,0.052416904282260396,0.17434087826988295,0.015150301549118055,0.0031548839669277313
IL_6379354,0.3054442150565451,0.20362284514622242,0.0026120325062306063,0.429353695863569,0.002098101201006659,0.0010452765361027175,0.000771885341379835,0.012469665900284007,0.016809094700256454,0.025025965971269423,0.0007472217771338256
IL_6430602,0.04371286910240339,0.4991312328240145,0.011435735606077328,0.04656390461434185,0.0015609733215151786,0.0031586283957635046,0.0008726297152329132,0.010424704075304426,0.010189374500783633,0.35699150072287217,0.01595844712169115
IL_6444875,0.029534304069752323,0.8179109926664597,0.0013316940251565871,0.08841535970565416,0.0033238946561376975,0.0011181604918427943,0.001095307309213959,0.01673351824931809,0.005165984204527752,0.03300313973813034,0.002367644883806623
IL_6483133,0.003995165797490719,0.013166801156117718,0.008308522360424089,0.041132646143268566,0.031213932367858674,0.00683993232950727,0.0036374937727648333,0.09098173583081146,0.7972672982103597,0.0007064752020447127,0.002749996829352257
IL_6492206,0.07680376875015563,0.7352072051700163,0.0031462532349034937,0.08191947082637979,0.002099597660463283,0.003505451216951592,0.0014720481335839279,0.045625595610783665,0.038464666660412025,0.011058967329785872,0.0006969754065644898
IL_6495967,0.2730777201472402,0.30312822084385993,0.004663029577499472,0.09794247930217309,0.018050051750205385,0.025282484507421973,0.0036086257074093584,0.014077354950293417,0.013865141997880555,0.2380368148555766,0.008268076360439877
IL_6516078,0.020174279747809824,0.12851113195761352,0.0007874194420769157,0.17528747445076712,0.002095049217538082,0.0004695182385179711,0.0005181660059265727,0.003117155107152503,0.0029464419178498354,0.6646394426108764,0.0014539213038712337
IL_6579859,0.003047532463926135,0.05861077562032246,0.034632132091837804,0.048507537908912345,0.011126385113879828,0.0029607717803536997,0.0047358516175069285,0.2192635624215969,0.5869230418007214,0.0012744499543525772,0.028917959226589886
IL_6580455,0.03351256359486285,0.21892663850489563,0.005779985009063619,0.20871208323296278,0.0059621473903814105,0.0030512429159934686,0.0013677249962496948,0.26971719172897085,0.24769086314261424,0.0024996572237147643,0.002779902260290709
IL_6580650,0.0012188431997207565,0.014857907800464733,0.014005427843943954,0.033842998491643655,0.006112745737637628,0.0007322795933155854,0.0013809603978978623,0.13927892699546826,0.7863587638513369,0.0002835610821492033,0.001927585006421486
IL_6601787,0.10457827271995848,0.6673699753797613,0.005855636499931833,0.10619042089750397,0.0024147076539292947,0.003432712187871419,0.003571958555314326,0.02600326508345759,0.00888468366466063,0.0554181039635506,0.016280263394060437
IL_6603212,0.1349903565597107,0.05161477526128305,0.03637924614954117,0.31272161302366286,0.02150081052941269,0.06734733519057166,0.002715956965522575,0.11682989969489099,0.2445207827463098,0.00674057988819388,0.004638643990900632
IL_6607523,0.030579513653801408,0.48495711633329036,0.021510449430489697,0.026492310218733692,0.07352598307295184,0.11573094687569191,0.008466682269409043,0.06265049161801958,0.14314039814244625,0.014262053955467938,0.018684054429698352
IL_6614720,0.0803457052001783,0.6283403379054179,0.0025175306891840558,0.1827002982826693,0.0038005865519837485,0.008260596786182694,0.0006788875540209374,0.010889611294835583,0.011843513022054277,0.04714556927723572,0.023477363436237533
IL_6615378,0.0467925335664054,0.5920170823419675,0.0034917507620241127,0.23712203950691102,0.00751148301464459,0.005997111540021491,0.0024302228025396295,0.05387721382228916,0.04409104179266328,0.005707222785764172,0.0009622980647696038
IL_6619207,0.048073924249307017,0.9020726380985298,0.002365752700279551,0.015249606099139118,0.000496564893151834,0.0025206494071779158,0.00016918963216309122,0.00541870483367404,0.0021202928411133692,0.02114578789341552,0.0003668893520488402
IL_6671454,0.18727020302158287,0.17852691312464936,0.0013717837014736844,0.07045174767204264,0.004192457105738418,0.0022695092453857814,0.0025445629977734387,0.004335536089414444,0.004087333343740356,0.544390616872683,0.000559336825515965
IL_6691109,0.03993423641098551,0.18129938924758054,0.0023204513015026764,0.20825744461381177,0.006402495348013982,0.012595694825313832,0.0010740152128021023,0.006734065471531116,0.00442783321156931,0.5293941935609942,0.007560180795895089
IL_6705688,0.0670778225352678,0.6065652683095379,0.005752187558060136,0.08440100306551618,0.001435893587967951,0.01189897620529624,0.000956254646392367,0.007094139218245031,0.015462416220476172,0.19466496297069485,0.004691075682545272
IL_6720101,0.05765389716766315,0.6551636509841605,0.003257163488911563,0.029277645076409734,0.0011010225055095241,0.00456157864743209,0.0007666488625525285,0.01589767394436818,0.006750728167237144,0.2241345818319615,0.0014354093237941225
IL_6730800,0.05430662048900584,0.6669810938116846,0.004012589852016592,0.03256901939715762,0.0045545012118498405,0.017763292276128897,0.0020234043342937363,0.012979824869834268,0.005146486375709337,0.1936910446449473,0.005972122737372001
IL_6785749,0.07751679727535875,0.21657155518302568,0.0008839814102260352,0.32097618273793443,0.0004736578586927022,0.0012996771684162464,0.0005468642453004809,0.00342370750337807,0.008224596639954724,0.3688844074403062,0.0011985725374066398
IL_6799756,0.0239524972518158,0.8950114070390719,0.0008851177494519502,0.04148564624956816,0.0008627008546025392,0.001847573786418331,0.0005434248541034432,0.002887811830613943,0.0016016761451411062,0.030168732952369968,0.0007534112868429962
IL_6928115,0.03750399033674102,0.1412241911944343,0.008335057699717431,0.6136082150815514,0.005307707014497306,0.007282266859070052,0.0017195179155743837,0.038035477314865666,0.03922215203588972,0.1033143570144954,0.004447067533163375
IL_6943589,0.06676500070648982,0.3149833805254194,0.0020955721707433383,0.08095236419691614,0.0006822520563065804,0.001433842507848955,0.0005060899074909985,0.003404656020463929,0.004468860663294997,0.5211355688096815,0.003572412435344385
IL_6964671,0.11390726465589128,0.43246651246229273,0.0008016749044169867,0.07676125728037615,0.004801201169381321,0.0020042707779731736,0.0012432232845721908,0.004619232316424267,0.005529924698698444,0.3544406839832994,0.003424754466674037
IL_7115582,0.025438377495797217,0.4683820847002924,0.011415473379726017,0.07945501699929773,0.21052353737610296,0.055830164699487914,0.0039026775813509017,0.054325420564123754,0.07859693689455265,0.006687511115985107,0.005442799193283298
IL_7148487,0.07184557906211281,0.7908057724188069,0.0012623385744366994,0.08484242723839158,0.0006918778908199033,0.002881273120333516,0.0007413084720682911,0.004460326103207406,0.0020117243220550756,0.04004338667723456,0.0004139861205331496
IL_7214473,0.01780214091414104,0.7340302063924872,0.004620226745941832,0.1380028418001573,0.01994072282772964,0.026475012358614394,0.0006588587059135735,0.019962943935980644,0.018871126972018412,0.00692221934756616,0.012713699999449808
IL_7218860,0.024251960533926663,0.1172514298907048,0.013335254092815583,0.14844909299981324,0.03563544094201591,0.012969739511894928,0.007510802270636028,0.4407974419333471,0.17530382952955786,0.013324029362427239,0.011170978932860742
IL_7220515,0.02147774622717595,0.7877607581883765,0.0032801459155979594,0.11223481228084942,0.007289556154929829,0.015814145027960587,0.0014941381987801136,0.010942169774121872,0.011238976640386054,0.02279287977445538,0.005674671817366283
IL_7336116,0.0007451801751838533,0.005142951712797587,0.0008943456564005131,0.009334514000991768,0.0030929983653267736,0.00047953318953902876,0.00040701140315776497,0.09802852686146155,0.8805055813157849,0.00029714454198688473,0.0010722127773692687
IL_7352985,0.015960320124819256,0.7898309418480685,0.0011527340269802705,0.1268640908648378,0.005007428168707967,0.0004453822112004594,0.0005743704989091057,0.00831515927267058,0.044530128783748665,0.0059333830566574595,0.0013860611434001367
IL_7359666,0.2014774478169122,0.6339337512501853,0.0013024026962721374,0.0935597207713171,0.0007788155615891617,0.0028297531029456975,0.00029889414538570506,0.003832160151839412,0.01262383291070206,0.048726399166945565,0.0006368224259056757
IL_7360646,0.08256027574720336,0.6729012758125876,0.0018169624658370461,0.11570317564427002,0.00670949332880162,0.005545268299966632,0.0020060219700747646,0.010878727519402312,0.030973093934308187,0.0673356459933468,0.003570059284201701
IL_7392612,0.035504405690799226,0.7892219111968525,0.001721141067329941,0.1226740118998857,0.0009953373145434507,0.001303283663081674,0.0010718294483859176,0.004487919587973772,0.005787366817142745,0.03681755512667185,0.000415238187333308
IL_7432503,0.0034810655603818284,0.05809785512616764,0.004023517690527744,0.04607090212516649,0.06839291977129906,0.0022832063908012736,0.0008650017910678228,0.16351274955667366,0.6488956563031322,0.0006125223872869844,0.003764603297495318
IL_7433595,0.025915969651902973,0.7673463201171167,0.0019120692594347126,0.04133448911017153,0.0658870685679098,0.009721739535274575,0.0006822879596154916,0.01986189612377546,0.05381169246940962,0.008007112426730306,0.005519354778658926
IL_7436788,0.2846718819690335,0.43373057954968963,0.0047709211953693475,0.050083616015867256,0.0012306549398695811,0.008536111530555418,0.0007545508584330624,0.0033979176201266543,0.01793735818866619,0.19293815755524318,0.0019482505771460184
IL_7451087,0.03798264246837836,0.3631153562639528,0.0014752128633818932,0.18580081235915277,0.0014077344918258794,0.000588038238775441,0.0009238923593554413,0.014900621204699718,0.004713742202921168,0.386227454510522,0.0028644930370345088
IL_7452804,0.109919907513114,0.10820050236905582,0.00045800757736493236,0.12987113896604732,0.0005094779944493124,0.00048389557941227914,0.00044469036474905667,0.002815474161431759,0.0027144714940289597,0.6441348755158389,0.00044755846450773325
IL_7462703,0.009467226786569107,0.8817438895333978,0.002184744210841877,0.027579308449792672,0.020957340245035906,0.0036335489878341737,0.0005567954163268166,0.0117066249931621,0.016959076015437412,0.016097631322143664,0.009113814039458707
IL_7464129,0.00010109626310857178,0.0010456429072446406,0.0016645506204902123,0.003672813257159958,0.0013048376048385363,0.0004392631938226429,0.00031645488882084546,0.038446301955658416,0.9522850636952256,4.149984049639988e-05,0.0006824757731343381
IL_7475868,0.056926636120235935,0.7831515010311448,0.002049712693325645,0.11004409540421187,0.0027612730117870265,0.004488000551227163,0.0005259467180022814,0.013028360050333164,0.005326404329842896,0.019273284995024904,0.00242478509486422
IL_7505442,0.19519873326889464,0.42531837892081215,0.0010456159408328237,0.16321217354428114,0.0019760062036315645,0.0074318928408803565,0.0006242186064935887,0.004742876147063436,0.005850408549030878,0.19299712072798614,0.0016025752500933022
IL_7512996,0.050252146578395385,0.3425558489960928,0.0004419229294765158,0.05847503797740359,0.0013722613993474868,0.0012498270522954776,0.00048524441634275185,0.0026950877379787095,0.001894869905894699,0.5398725658289425,0.0007051871778300936
IL_7557824,0.03602651277913471,0.32897368932255533,0.0018594664834668886,0.0238627786961706,0.00077315021672279,0.003648201496224422,0.0007504755422353008,0.003846935738507311,0.0026861533759772456,0.5948869550182941,0.0026856813307112332
IL_7559500,0.0725030692857803,0.18975651578828862,0.0026490389067976715,0.17339006612766492,0.0037718547878101485,0.0037928600029728692,0.001292346456477839,0.2982449723632213,0.24916789511359674,0.005005956362403023,0.0004254248049865868
IL_7580080,0.002835226244241964,0.04289161689632602,0.014581983230481614,0.034941942259289746,0.0777610676609582,0.002913458836165812,0.0013023951581849131,0.27949689080327456,0.5355198324815276,0.0004948471653083267,0.00726073926424136
IL_7604960,0.1069557622543881,0.687016082213419,0.0020086292712198236,0.07592588743271829,0.0014282147267631483,0.007304339257229091,0.0002571492929458141,0.006607518260505948,0.014869826690916268,0.09561425118856964,0.002012339411324898
IL_7612830,0.05448437239435032,0.8415586467436531,0.001809861327728098,0.05273043582042671,0.0016517579863663992,0.0018234378333473547,0.00019148103264880355,0.008968732604901558,0.011519989754677343,0.023951538320077854,0.0013097461818224827
IL_7636226,0.24605200387902337,0.3845047402557215,0.0029917987767223817,0.2620271311956659,0.001015454787092297,0.0020752333331986034,0.0011993062101815248,0.06846729984981693,0.02269665092619065,0.008145844520782403,0.0008245362656044343
IL_7640681,0.04491654076261922,0.7482646504801647,0.0007543396578497711,0.016958590786622388,0.0016826985515436162,0.003774898501096308,0.0019141435665514387,0.003528231584694183,0.0015243637157933596,0.1731041967357287,0.0035773456573364336
IL_7667532,0.10224796945192852,0.638237448909749,0.0043140218934072,0.10437042454651929,0.004455169090791725,0.013535172611445769,0.0006899034516287257,0.013206177707539868,0.012516477016216963,0.09603166358386525,0.010395571736907756
IL_7720827,0.02339150926721665,0.3755183522829212,0.07102722064951206,0.039344640370241234,0.008062336394070974,0.20382149206797992,0.003100023035083305,0.07402168410915937,0.013774975446246505,0.03214252706694416,0.15579523931062467
IL_7744265,0.018959900233582995,0.5785856559777822,0.01924510944025818,0.18310348464186074,0.06688393468010084,0.0401189743564913,0.002630438551312341,0.03539233289500289,0.03480574028229623,0.01036752651069979,0.00990690243061252
IL_7750228,0.07651503837494869,0.5338125639093744,0.005042733215931109,0.1234504911156905,0.07568828903069887,0.011617464141217552,0.002311727595817997,0.021964623325432434,0.028674123118751026,0.11104761946010358,0.009875326712033864
IL_7772384,0.0980366470236954,0.4846046567419813,0.0006699260727750864,0.07125667710580802,0.003967975875243608,0.0027968166537636254,0.0006015762464379201,0.005910523756056785,0.0041580434017018655,0.3255962991359276,0.0024008579866088113
IL_7777526,0.003928658743164694,0.2111657072497783,0.01765120339039537,0.4555458187864812,0.008878553150490102,0.0018057564554867778,0.0013750084384681852,0.09666277946806669,0.196168859952376,0.002123931068036091,0.004693723297256572
IL_7780812,0.12911876478249476,0.5985765887083689,0.0007738366314200675,0.14954640182564496,0.013299649476801784,0.002151113447000267,0.000548973735928438,0.007303560082149085,0.009003736749724532,0.0887087773384769,0.0009685972219903501
IL_7814962,0.050582225610196464,0.7050951372211228,0.002557473039248849,0.05095645192488686,0.004109153817536882,0.002509125821196055,0.004538271163126982,0.10626890017637762,0.041800996124414284,0.026987191010329162,0.00459507409156404
IL_7839360,0.00985048142355109,0.5153156818196317,0.01659837746936791,0.08230729189416393,0.060710635009385054,0.052008590390908584,0.004127615666476991,0.029813290103953692,0.08352441947055461,0.020430740631373803,0.1253128761206326
IL_7845741,0.0784271816276175,0.6536753431639628,0.0012052294157037012,0.0412918889944579,0.004641569448374668,0.0031759971335725543,0.0009026331290834817,0.008088660474304503,0.0033459410477475297,0.2036196241810356,0.001625931384139879
IL_7858220,0.049460767857386886,0.8762415734480837,0.0009144689828298893,0.017132996452427437,0.0003689651027059028,0.0024467944283353207,0.00025171992248589076,0.002236048793890823,0.0021090680855450775,0.04783806782171555,0.000999529104593621
IL_7877903,0.021890951667138864,0.03649448136837052,0.007034428316388079,0.15815692415489693,0.0028757968882211823,0.0031460668859182262,0.0006347872657122468,0.15997134160211407,0.6082941387597164,0.0005973803144354873,0.0009037027770879611
IL_7896836,0.12465727429159235,0.6659262124091305,0.0010938043304973347,0.055863292157088705,0.00045980148670106673,0.0021888489590687443,0.0003817868318003354,0.003393069320541989,0.006075466602593473,0.13903317338195498,0.000927270229030532
IL_7914681,0.021869652074863744,0.7623074619738053,0.004279425102939426,0.02499382232530757,0.008481773663748733,0.0031547235188942504,0.0020495378474178487,0.011087483865986226,0.005853905633498408,0.12990983351424046,0.02601238047929802
IL_7917684,0.012394476294877131,0.1655300787437748,0.003966736814031772,0.1651162756795497,0.006908215118324223,0.0015005138398126012,0.0015894629892812496,0.48055419846579084,0.15632296167729304,0.0023549352263727338,0.0037621451508920026
IL_7919145,0.053612367956516215,0.8674074653608879,0.004655666502198857,0.022837906965923065,0.0005273968094083321,0.011068481848641586,0.0002192604430206967,0.005510497050266381,0.003631143753962965,0.028732761767378403,0.0017970515417955128
IL_7944285,0.07825380855603155,0.0928758799964129,0.0012999458394306667,0.5860562260583505,0.001315708083041201,0.002980195897526459,0.0008837370787315474,0.010036399189483198,0.03531307444094753,0.18963202213727898,0.0013530027227655536
IL_7945525,0.19808808740387165,0.5139075752147279,0.003444637607114099,0.07515330564048504,0.01569584086881256,0.026929721997291066,0.0014015803803874315,0.017299815942255135,0.005633546457053925,0.13754397287461378,0.004901915613387493
IL_7955621,0.02852818084736773,0.8473710152969287,0.00116409353817189,0.08270288690501112,0.005832270766179505,0.0016289723484467639,0.000366714412123453,0.004852214792509743,0.011615977897763355,0.009409736940794685,0.0065279362547029235
IL_7983237,0.0010923297778890676,0.022525702489743043,0.007418125677157184,0.013925462209075727,0.0036766408807047497,0.0007255263413143756,0.0010563944971213593,0.09819064807300842,0.8462381044823084,0.0003712408412374871,0.004779824730440305
IL_7988157,0.0481283380527093,0.6740905923216116,0.007354341130482335,0.12333327344782952,0.008051539592260805,0.02336385810788421,0.0010445880624846563,0.017290540600069685,0.023709641214225332,0.050074100410741604,0.023559187059700958
IL_8041132,0.15795836727051776,0.3508919473287232,0.004535834744435951,0.1473684546037132,0.0009443829935049113,0.007881533723773263,0.0006088926297381492,0.008238240559759498,0.011319520767031035,0.30695453835648534,0.0032982870223177843
IL_8073225,0.04462147450756445,0.2119510477838559,0.0006377629523816053,0.13488169458429178,0.0006156767996764109,0.0007111607458233398,0.0003502246234308735,0.003842325662685886,0.0026991031537765956,0.5985092444976249,0.0011802846888882526
IL_8136561,0.04820534236109182,0.39014861743808776,0.0015219427703654447,0.023682977640868207,0.019403913279490374,0.0024838571972768254,0.0010619523426511994,0.00629156942308742,0.006314579476191429,0.49159667500782744,0.009288573063062184
IL_8138997,0.02655458448214166,0.8781277795819682,0.0015725457654223337,0.0373980072822661,0.006601417615418895,0.00331931802483075,0.0011991111085782713,0.004622350246239146,0.003310892836507099,0.0366445630992364,0.0006494299573909512
IL_8139746,0.006879766205060987,0.8350365625237506,0.000911470311186398,0.13195622611385138,0.0022460001128545865,0.00029748822202110717,0.0003369232227601104,0.004169302757823568,0.01124254226763511,0.006247341788840338,0.0006763764742159324
IL_8183381,0.2792913230563307,0.4965549605367129,0.0007063935183877061,0.07865433223430207,0.00039101656484485795,0.0012119903525601196,0.00018663636003707064,0.001903390578130781,0.009826292972260084,0.1310506039928244,0.0002230598336093556
IL_8191336,0.00830597613374769,0.9263117919448762,0.00032845877343394493,0.04929263551732317,0.0020218212901790024,0.0008043878651179519,0.00025430033014445355,0.0026578767958543885,0.0028836416269046187,0.0062779011255068426,0.0008612085969117197
IL_8258340,0.017634237719835046,0.08261581855352758,0.00023439993127594288,0.038976774814515565,0.0005350770724412021,0.00038685813246183253,0.00030004129210699725,0.0009099948525320386,0.00043115337225816227,0.8574613216902669,0.00051432256877892
IL_8288616,0.32854694540448715,0.040593272255604065,0.008560661032685086,0.44153906705793444,0.001691312004030652,0.006328795525266631,0.0019762186153142484,0.14338560009764065,0.02188405006016236,0.004070709397739736,0.0014233685491349434
IL_8295267,0.19448010413939962,0.5341398680847484,0.0002196433105326645,0.08902101554738569,0.0013277225017853636,0.0004963494249814487,0.00037761943279430847,0.0020351094270626576,0.003428717236119983,0.17396139234791985,0.000512458547270049
IL_8342281,0.02374549860746896,0.9162019564828106,0.0014405459099589197,0.0106195231741865,0.0041075517458932865,0.005176112715084977,0.0010136497983887149,0.005759522382291309,0.0024105125400779087,0.028304204816731605,0.0012209218271072235
IL_8371338,0.11529770591010742,0.3285166438317658,0.0008212293750159803,0.13034267418561388,0.002619245002100294,0.003554308438562136,0.0006992826127225822,0.00474109209306029,0.00957663787593047,0.40267813534625563,0.0011530453288654931
IL_8415316,0.09670056365436895,0.35310109494084985,0.038248805843324706,0.11227745559110996,0.008456958599640695,0.03653405540544198,0.005734842877937473,0.17881180569492022,0.05218701279141926,0.03849046992811104,0.07945693467287579
IL_8416177,0.005642933248957526,0.07129958212037325,0.014685705553028224,0.27655900124938504,0.0103522908982997,0.0036316220527195875,0.009835627078046855,0.4062197606912361,0.18930070219556228,0.0025657140043675516,0.009907060908024025
IL_8416753,0.0571466120365416,0.6323417004616253,0.015823108402864168,0.12929591851775973,0.01729372841026775,0.038401772453876305,0.0014416098685626553,0.02736710781423702,0.017786602696843616,0.041275563045264065,0.02182627629215771
IL_8449784,0.01240651412557971,0.8703852983671756,0.002719246787817377,0.07774799546300358,0.004611402094863136,0.0006803506028580878,0.0006993586370910622,0.012109369162179596,0.012752018677799416,0.0038641145650139255,0.002024331516618582
IL_8456893,0.06788902717498159,0.8586439388273648,0.0007878919240670186,0.024916050849036114,0.0005134385448260549,0.0014300332799969321,0.00036163916468043115,0.006255016882035911,0.003084635741000959,0.03501795280383314,0.0011003748081771481
IL_8510989,0.06025456607409868,0.7742484501111017,0.001723175188555374,0.1074422963797618,0.00088614140893939,0.002569249743477532,0.0007274277332958581,0.013320221744549096,0.004399154926193182,0.0339759745013219,0.00045334218870556357
IL_8524892,0.36584445742231586,0.15466969375089407,0.004204681265204913,0.4172056720087256,0.0015025779280971293,0.004245006213014819,0.001813868752128079,0.01621191385403446,0.013718168800935286,0.01971023263944311,0.0008737273652067274
IL_8562073,0.029655412401519855,0.3428126281463906,0.031630028516115676,0.13427466616769176,0.05823973386506075,0.015102710551971047,0.009565552053702688,0.08121851127054802,0.1571465505711635,0.04001011087169496,0.10034409558414106
IL_8576492,0.07803048980008491,0.050865261714611094,0.0005729011311973785,0.25010073538452177,0.0022270964853574617,0.0015330753839291297,0.0009750873477480952,0.0021465733173549268,0.0043969298249614715,0.6081398940248489,0.0010119555853848187
IL_8579370,0.03591569994031316,0.13648247783565282,0.0010608112845591701,0.6522918550387858,0.006367278375362203,0.0027298381446830356,0.0011547723208941382,0.011184601199061693,0.03046684164162186,0.12085012602974182,0.001495698189324239
IL_8580922,0.08671825278862967,0.7286956430636873,0.0004552653231654574,0.11745437168778011,0.0074210014881223715,0.0012409943575711019,0.0005258346722843791,0.0030602847672793576,0.002566010409946181,0.051302657080242,0.000559684361292077
IL_8587951,0.06571156097802329,0.514786679021739,0.0036908615325742045,0.20540198690644762,0.0009137947568552564,0.0022491709848069747,0.000699896432372665,0.009487207635026338,0.012645139052058687,0.18025039572576326,0.004163306974332666
IL_8698362,0.0006313420153325225,0.0077351324954000565,0.008739445477023747,0.03412213981258324,0.005429214421482327,0.0005532858531628069,0.0005193818976421924,0.21165376318130033,0.7294839566038448,0.00023090607824192408,0.0009014321639862443
IL_8706018,0.0829432033141715,0.7163131359193998,0.010621215565621168,0.03706733011040714,0.004645616948047503,0.0252536804502509,0.0011252231792633696,0.0169428761656796,0.009681581051742131,0.09345846023497274,0.0019476770604441864
IL_8779223,0.052105444354628216,0.5320072488442352,0.0004105161696108855,0.17137162197347014,0.004877026635922525,0.0006731087644786633,0.001282460970661654,0.004367328285594881,0.006304122301227942,0.22602493507010965,0.0005761866300602345
IL_8807227,0.0437673163015291,0.8351158672039185,0.0007371882030264665,0.050975480662322714,0.003863450009635867,0.0008147350404139877,0.0003291602779719972,0.006006754388362786,0.005223708198162508,0.05095983154769258,0.0022065081669633696
IL_8864283,0.00027919625596574095,0.0017803879789462834,0.01129467225930085,0.004911514160392252,0.007624362201715313,0.0008307699733593413,0.0008106739747920246,0.02504766845770505,0.9443698736011472,0.00018714910622699972,0.0028637320304488716
IL_8869852,0.03701721238473832,0.6876376235162093,0.003607535626489272,0.08607100923999537,0.05128127244281678,0.03460225569868843,0.00164635806817342,0.019187840153591998,0.01928237860154331,0.05177209631617629,0.007894417951577429
IL_8892064,0.32444386028667915,0.08060579006529678,0.0019751087920071883,0.1372050264731442,0.003771574638500072,0.0033332760818226143,0.001564582863454689,0.005589673300850444,0.005066060194380099,0.4289565466455306,0.007488500658334107
IL_8894007,0.00878349086391841,0.027523768781094745,0.006009519381896412,0.043278411012159394,0.0017159923406953133,0.002084494571761576,0.0007472479276126913,0.7653939584894041,0.14119769524849915,0.0010660574184957956,0.002199363964462612
IL_8908749,0.04382140945374544,0.23431440084921853,0.001049682021683327,0.24990254941804707,0.004668382107412314,0.005097554877301096,0.0007809298306317677,0.004614542139349363,0.005059386157378816,0.4493969322253462,0.0012942309198860935
IL_8914785,0.06365494153636579,0.09403685346092648,0.00010969993671688274,0.026413557602313436,0.00021566143246267585,0.00013902138342808957,0.0001328799198029879,0.00038958146088984485,0.0006075501287449025,0.8141176424397436,0.0001826106986052644
IL_8947300,0.035656188205861285,0.7808584016271264,0.005646426773555737,0.08950702905611838,0.005648819105316919,0.024905406284141368,0.0006861881621507337,0.02059139024765134,0.028124258633580066,0.006348510234058388,0.002027381670439365
IL_8974391,0.051498621125112526,0.439677226137674,0.016070097484484045,0.046366886402240244,0.003547650685462473,0.02588858915872136,0.0018386652785675073,0.014513074009795294,0.014056420613115544,0.3698590800402689,0.016683689064558006
IL_9036064,0.03712872245356957,0.8727874346541225,0.0006720176603555468,0.06255391686448857,0.0017093923140271273,0.00045728529336759355,0.000295403721852857,0.006607772730788713,0.006741298979682902,0.01039738490271239,0.0006493704250322301
IL_9058117,0.02273051093169161,0.8542200049468467,0.0029302462130854404,0.05884712944174876,0.004499092481076715,0.0035357369039966387,0.004899493555347485,0.010609144486200756,0.012264423757167995,0.022432337493132583,0.003031879789705252
IL_9061839,0.2056695934705374,0.32491780481070803,0.0017404379705959463,0.13749746429020268,0.0023845580532757178,0.004175565900787914,0.0009416460021367888,0.013724246072413755,0.04640904890045889,0.2591968190926564,0.0033428154362265864
IL_9079153,0.03688285317576403,0.7268281074331058,0.008104687275969127,0.08971691440771914,0.0024855227871849886,0.0025550104262451953,0.002716886201583262,0.019987496417680915,0.011692753398961763,0.0935886971374017,0.005441071338384074
IL_9143254,0.08900778522789465,0.12344092370534082,0.0009119614582390394,0.09562764335006355,0.005545195072359892,0.0014505760908041635,0.001363379661881289,0.0032356422746790963,0.003920562061176672,0.6740593122639499,0.00143701883361088
IL_9155981,0.04543525625518015,0.658307789209798,0.0007044012456368423,0.14700448106129071,0.0029128640380258024,0.0014692325951681648,0.003435896507200499,0.009206246204024614,0.005538198952947844,0.12464107990241458,0.0013445540283127855
IL_9157122,0.09753530773570518,0.5445750246059058,0.007970199987207646,0.05241917230413481,0.013147857755129978,0.028598462761100698,0.0010392712079210996,0.05069697376658851,0.189934234992594,0.012090719427995892,0.0019927754557164667
IL_9227624,0.05397494662689378,0.7077073233424209,0.0019607223898617456,0.15475011798909574,0.003120136584787759,0.002491694459255976,0.000683922902526138,0.007109379615071179,0.041678383607383185,0.021825947543646286,0.004697424939057292
IL_9237017,0.06829784119725599,0.4173061532622192,0.0006071908777322091,0.05468410978363546,0.0043080388233848795,0.003984466348316433,0.00122586176871673,0.003770698467103449,0.001695547080633567,0.44254170251132874,0.0015783898796733415
IL_9273684,0.08332511163488268,0.22874555623531975,0.008590465906427218,0.30523640669613006,0.001444191982824815,0.0023453436174676046,0.0023991093470061954,0.3452233507387959,0.015409375704697692,0.006110218671237648,0.001170869465210403
IL_9311083,0.0674046447705071,0.7145934214675944,0.0015628739745022783,0.09435659751883448,0.006425145053409264,0.0022205079490987176,0.0006674861057776536,0.005582869879218701,0.008631724440439015,0.09704555640811627,0.001509172432502176
IL_9322263,0.0035577711685463235,0.1401102917769852,0.017258322223125504,0.05307264470978404,0.07200082095918012,0.01563811951820287,0.0037421768984763097,0.16426715550931048,0.4533298107838334,0.0014848458718991128,0.0755380405806567
IL_9341332,0.014091398369136577,0.9047324669858574,0.000719494603872637,0.06387760509400078,0.0008499694314306904,0.0006688615970817778,0.00029280732174360514,0.0039686048215713835,0.002186016739203754,0.008215819381229788,0.0003969556548715872
IL_9345649,0.030945227485600035,0.6053344372497862,0.0016719687319912172,0.20081025326155455,0.00399232130291262,0.0007429081200452797,0.0038143528453950647,0.026353876281802996,0.015203319575183054,0.10712322419858018,0.004008110947148839
IL_9406058,0.03284600581881427,0.12376963595075957,0.0007412253729640561,0.520748802382317,0.003787995430091209,0.0011940629269700746,0.0007564649696666374,0.005437667626421052,0.008381859251194727,0.3014346976881966,0.0009015825826048424
IL_9407964,0.008553180372324042,0.9059072531326673,0.000557317081135187,0.05915531712988753,0.0016725062387192165,0.000737737373594884,0.0002459119823719892,0.003429850160961858,0.0041491390184907875,0.013245953299943563,0.00234583420990375
IL_9409250,0.025179334919729304,0.7490651863533171,0.0009220895252138279,0.10775752662609098,0.0019242225257606396,0.0023876143191436717,0.0007449909368468435,0.00473915858102604,0.005876523158159003,0.08966348873461893,0.0117398643200937
IL_9427286,0.16723636748976126,0.05400925342492989,0.002509785952028878,0.07238175385677893,0.0038997033339207773,0.0022898339534645675,0.0016921957143723187,0.007008838924103382,0.005283073676664436,0.6802794221253526,0.003409771548622963
IL_9436519,0.0015889698038334423,0.026930960188205427,0.0010120380688744672,0.07876893898311273,0.0012320392716682258,0.00028520225501619357,0.0008201310586529954,0.631364972806986,0.25712832257623686,0.0005198257270312273,0.0003485992603824621
IL_9503512,0.06824498184648964,0.8072054824791453,0.0015162884123518946,0.060007782240313196,0.00581413768103005,0.009075141208748621,0.000751575302816542,0.013380287090062159,0.01235659761569094,0.01993209210794218,0.0017156340154094497
IL_9521484,0.12184997792119925,0.3535228327644139,0.00025657396725584173,0.08115410089966787,0.0018747888970100596,0.0004076375955149174,0.0006326779545447155,0.0018829394528479416,0.0018188206560486894,0.4363667640825245,0.00023288580897231904
IL_9540224,0.03207897036590464,0.6631352989533711,0.0009702138869381173,0.18608243331015312,0.012485414841692735,0.0007459195491126339,0.003242866162347445,0.04246918324812827,0.049355976444153904,0.009181454707274585,0.00025226853092347586
IL_9561518,0.024025491715630294,0.0742073213098884,0.00021161449948358117,0.0725654149900072,0.00026189572253041993,0.00018057324140957214,0.00015400594625765174,0.0005824382372173942,0.0009397755297559107,0.8265043410470726,0.0003671277607469206
IL_9572511,0.0428266048806627,0.6789404494565594,0.001674281858448562,0.2405425238925627,0.0018836679825895977,0.004721540720822721,0.0003494463570615521,0.005648067519282673,0.003912498464457662,0.01840648355939626,0.001094435308156099
IL_9601760,0.02433267967484497,0.812263999340651,0.0011054220348754634,0.10504064736068269,0.007581528273666316,0.0013607710369716221,0.0005967168482708268,0.010568137401228297,0.029925168158445092,0.006464128238915546,0.0007608016314482472
IL_9615893,0.006592357348966411,0.9421050237351923,0.0016377961182284127,0.021553924992950543,0.0020139353524238996,0.0015836773713892305,0.00046160728693960896,0.005513736210536736,0.006467652936058261,0.010742878295608552,0.001327410351706027
IL_9620950,0.0845597475570802,0.8017342127171488,0.0006021257107819832,0.03170477358709914,0.0003895560545452567,0.0006264297345514237,0.0002297412761985071,0.0016891817595956222,0.0037669371156679094,0.07333142985578671,0.001365864631544581
IL_9623576,0.3378425458465587,0.13566626732736992,0.009596652599854275,0.31996138002029845,0.0014802302910707117,0.0017590563586302682,0.0014123620754466458,0.17292642292054772,0.014846182398386254,0.0037212400387007655,0.0007876601231363503
IL_9647002,0.018742918944263498,0.8482746165857028,0.001989823571888052,0.026611756362513145,0.008126161527573405,0.0188002431182653,0.0010173512550677147,0.006010157910735202,0.005179298696073156,0.053760175665531276,0.011487496362386475
IL_9655170,0.2169262150730454,0.11279805379622063,0.0005007468728428713,0.03757964259041669,0.0019319680146223537,0.0009096492904679817,0.0006117300863976358,0.0013282928928637075,0.0013372312959373477,0.6254136198215555,0.0006628502656299546
IL_9669202,0.13333440364118998,0.6465997367330489,0.0011206001937906528,0.09439969819312367,0.0009171560492769171,0.0011262297607159558,0.0004212593828279771,0.006473888636839769,0.026120191203780833,0.08902570299188105,0.00046113321352437653
IL_9675212,0.008896036756550695,0.02082787237538216,0.005840140035933687,0.033351303789448346,0.002473685505240052,0.0033600652541628208,0.0009333210551981511,0.174798461862469,0.7477140474353752,0.0007782090365431118,0.0010268568936967536
IL_9675469,0.04167626748216913,0.1691449297027245,0.004312201601272247,0.19422247548381005,0.016979704098093053,0.01075924918216154,0.00182817256159426,0.023341023074960346,0.018188492943801475,0.49744277791541847,0.022104705953995014
IL_9692632,0.05741373956489954,0.6275805502318454,0.007377587644398685,0.10207081615268059,0.0061285552855336505,0.006689074288391259,0.00108394165659545,0.016107047075456946,0.08406886090939811,0.07400487978139214,0.017474947409408085
IL_9693077,0.004473298219589581,0.04398056707166212,0.23981576757992912,0.023626717257713294,0.041771544015161095,0.050535205453173034,0.006295758232774266,0.15101922559106662,0.21394423505224996,0.001754747322601891,0.22278293420407896
IL_9695113,0.03616160659497901,0.31017917847320775,0.0010331198934850792,0.07239853983927728,0.0041278061490082766,0.000997059818026501,0.002206253006871455,0.006612484664472729,0.006772411373048367,0.5570612339102825,0.0024503062773410973
IL_9696386,0.028387086808443956,0.7263232058464458,0.0024582632509845184,0.1730968486093149,0.009703507909162478,0.0008256856934609517,0.0008297769174750537,0.011088942513488237,0.01509095156280823,0.03100014848152474,0.0011955824068912413
IL_9697828,0.022711604900561358,0.5241161156569328,0.0015607835708448107,0.23599947560599888,0.0015547757170595818,0.00047929643881845254,0.001205599045283321,0.006997159335687835,0.0045622744069469395,0.19879422800907215,0.002018687312793894
IL_9702105,0.10074761497550427,0.658461332428436,0.0008513278657633153,0.16824721187975328,0.003269247303042024,0.0029840228855207837,0.00040070260409049406,0.005456510780426095,0.0036598313849224105,0.055231707819268304,0.0006904900732730714
IL_9713310,0.04052453088206363,0.1255518457437954,0.0001397460539727746,0.13269044860848053,0.0002403360568849661,0.00011739276617279115,0.00045894547546655837,0.0015462935690184942,0.0012970522519253184,0.6972218175331965,0.000211591059022926
IL_9722277,0.0028693799996055334,0.026223955742378076,0.02860043519050887,0.0565464829796146,0.015000322683596074,0.001955377628814896,0.0013790400821334372,0.4671551674551021,0.3941918074781331,0.0007275677243889771,0.005350463035724344
IL_9728655,0.08744343603317949,0.7008170089410071,0.0005958705260519003,0.10485823652091397,0.0026714510522278766,0.001426287677422468,0.004098537423998968,0.0050523382942570545,0.006142566787137168,0.08563909685703855,0.0012551698867653421
IL_9747613,0.1011097861993172,0.1795931729392724,0.0003286657439551586,0.10167676282789878,0.0011663192571459986,0.0005638522040798675,0.0016185806950350223,0.003792278794526303,0.0031528294942574846,0.6066161787059416,0.0003815731385700817
IL_9776207,0.002696610878411122,0.06480808694042905,0.03534007306123279,0.03567977613749798,0.027000470705125713,0.00431960358079466,0.002075748468337384,0.11933511866392625,0.6782937724087585,0.0009517184610522749,0.029499020694434303
IL_9785286,0.00028059526536134826,0.0016390629250889542,0.001877408718174686,0.009889490466156808,0.002514426987585795,0.0004374827700350389,0.00031498074116557517,0.02859981883170255,0.9537431196193789,6.654679114601698e-05,0.0006370668842043071
IL_9794109,0.0004348616015319034,0.0038547542560427367,0.008534449672359863,0.008805747968228406,0.005636055384902078,0.0015907258598747364,0.0006663218938484312,0.11759043655080112,0.8488741598511742,0.00021271583502901288,0.0037997711262074225
IL_9810905,0.05650143799228731,0.7733346464295627,0.008597694650814607,0.07663395629503235,0.0010745491057441126,0.005071265105553092,0.0005187914850155372,0.007128349477285763,0.02299235366150822,0.04558454114932468,0.002562414647871455
IL_9831983,0.034508842746246285,0.7343008038718709,0.006209820712696049,0.05509358177517226,0.005928104472435667,0.008972277363880189,0.0016172428606349527,0.09280351887946801,0.041335315371935216,0.01753494936066311,0.0016955425849974714
IL_9896495,0.3789000682524663,0.22693740464733742,0.0014533773092694096,0.2497559399850675,0.0010735156007462034,0.002497301556716752,0.0013206823237510267,0.012169250861327911,0.015433576010891695,0.11011802389735925,0.0003408595550664298
IL_9908692,0.04239992750714267,0.8215301912671708,0.0033925081528329063,0.020611649695342314,0.002492888837147627,0.0059684690660182504,0.00028678636768457243,0.006084843757966363,0.0072499089940782635,0.08705456733495064,0.002928259019665565
IL_9914512,0.09558667825825404,0.38049174018988924,0.004012372591738594,0.11535147527932606,0.002253170199752214,0.008416939669677432,0.000734531228480402,0.007633820821360048,0.012286696511920308,0.36905950327348697,0.004173071976114739
IL_9931816,0.07514348326650902,0.17747624543440577,0.010995507972173805,0.26222243482980134,0.0018059549997792598,0.0011817805882656809,0.0018925048094878315,0.39990658743182556,0.06479477979857097,0.003398260682031575,0.0011824601871491356
IL_9962396,0.035752409915096574,0.22505560195066748,0.001068083258269854,0.23823192641508598,0.0007389781311276235,0.0013338668235407833,0.000366543567343812,0.004320547471518242,0.004530074479424507,0.4876335312334733,0.0009684367544519413
