lesion_id,AKIEC,BCC,BEN_OTH,BKL,DF,INF,MAL_OTH,MEL,NV,SCCKA,VASC
IL_0006205,0.022405939129528978,0.6089604740103589,0.0014275164626739926,0.0345785638371522,0.0016830852568782049,0.0013876826099659255,0.0002600861728083413,0.00973490504404245,0.01596422260018298,0.3020048824558956,0.0015926424205124881
IL_0025400,0.047831380881220194,0.8102659262107212,0.000933343534936985,0.09215526705405708,0.0019495702409855881,0.001374866932111373,0.0002506744786095383,0.010586667641138315,0.014293796097177763,0.01935787625408933,0.0010006306749527967
IL_0039001,0.017177387725236613,0.6526279507287487,0.002838975553637454,0.17199535693814677,0.0033338282356998876,0.03833261411640476,0.0004932836591624643,0.04229490910012799,0.04610247046120838,0.019411443710986232,0.005391779770640936
IL_0046799,0.015984211776339106,0.17032806328736283,0.0009762540287554702,0.16012240664715358,0.0017661588872282638,0.0010628349928682977,0.0002631389550241245,0.009070251289799366,0.019705855171777992,0.619582853167047,0.001137971796643887
IL_0054262,0.009680001529615437,0.48779429142884245,0.0032857519055612128,0.020810451561873944,0.0515601824445692,0.002429612125879509,0.00048066828752724275,0.05865072815767771,0.3505615321214822,0.01032245115826768,0.004424329278703422
IL_0056788,0.22403537379035335,0.46238017018897715,0.0016779730241329941,0.17765999186709486,0.0019304638904251903,0.0021650447900924434,0.0004444371327799599,0.01500690911117665,0.05770710440535135,0.05517615129500389,0.0018163805046122379
IL_0093956,0.06104408082994864,0.7381153902561364,0.004563466164267896,0.03713738615671943,0.002155036945992999,0.01055925946257916,0.00033748410173928094,0.03694779701774742,0.026752880734344262,0.0790207550044322,0.003366463326092254
IL_0103904,0.1413402594612803,0.3073596438777285,0.001805152941069752,0.1169062969249444,0.002309317572647914,0.002856540151118874,0.0004158487172286318,0.014530623824861921,0.02767117670548022,0.38304889677731435,0.0017562430463251325
IL_0118369,0.020740640853688163,0.16841226880114246,0.003284546317293708,0.09749045196883784,0.012289053984588329,0.009988145879380054,0.0010512253222911224,0.12415166342632838,0.5401811676148129,0.01989393587230254,0.002516899959334375
IL_0151990,0.0032512260503742996,0.021506314098631442,0.0005677840656363745,0.013132752255324773,0.0008480101680216166,0.000544495366710338,0.00013679818799511198,0.05528068002189751,0.8998898259173678,0.00428728182474413,0.0005548320432967991
IL_0171236,0.026352932242765668,0.5471263637538525,0.0037939982848932516,0.07317004559515272,0.036539909619312125,0.030355955318736555,0.00044324430580830714,0.04854447319029559,0.06425520318939715,0.15699975530864874,0.012418119191137382
IL_0183960,0.03447947733045275,0.4131406131380185,0.03740623858732563,0.03469606661469043,0.09095824213947326,0.025288614824433463,0.0006359118238682659,0.06360027588943083,0.21968536080739226,0.03148939333076811,0.048619805514146526
IL_0207706,0.008393136749861078,0.05527299309405967,0.006314387115703667,0.36000566974427994,0.00203018353445298,0.0014519706326381813,0.0004120775119386301,0.4350883378000915,0.11632321377685595,0.01119105137219837,0.003516978667920084
IL_0207891,0.27243373366575135,0.2599207103089444,0.004730549808272318,0.12263212251822583,0.004765632880640693,0.003205614344054207,0.0008557576624580308,0.019677308605425336,0.020521686351557343,0.28988661665067794,0.0013702672039925146
IL_0225203,0.01727640477317649,0.8379528334893912,0.001274567751866231,0.07133931219103098,0.015595408616576302,0.001572962066802887,0.0004859075007314172,0.017755945337184137,0.026343801111740384,0.008911166913513834,0.0014916902479861546
IL_0227635,0.11955611411196077,0.729033687026149,0.001332776009051809,0.062185482886564294,0.001894485239348468,0.0018005664572819115,0.000332676584173227,0.01176270664131748,0.018271779967440754,0.05217171788942667,0.001658007187285557
IL_0259815,0.02359056739957239,0.05322006530440728,0.007882205700073986,0.615462067020497,0.002331358608046707,0.0014352741215812165,0.0002910502146494588,0.11083921635091228,0.1739157919380962,0.009224878895713592,0.0018075244464498756
IL_0260810,0.010741896319939537,0.8518947480378227,0.0012785522506685975,0.06759167387139657,0.0026957604949746357,0.0013226489054795477,0.00031454842645359645,0.013252130020465411,0.018931143931029046,0.030308028461095933,0.0016688692806744198
IL_0262469,0.29564073257034573,0.1023294431520657,0.012663127917159294,0.3469505488413049,0.001985222830095842,0.0031637705405910066,0.0009422636921782431,0.18131117630959692,0.0410412464995568,0.012557162169319836,0.0014153054777857465
IL_0267598,0.0739369669958805,0.20234089681559528,0.0025627573232313828,0.4235220185946358,0.002943639106600765,0.00286032890651187,0.0027090001736626004,0.05424754675408758,0.15388560816649932,0.07871606184821102,0.0022751753150838166
IL_0312376,0.013783225300024625,0.8683858903727609,0.0012501938813831133,0.06695695963997733,0.0015062986561495597,0.0036807692690816927,0.0015089652691571915,0.009279750162363182,0.014277987045586048,0.016847984534186563,0.0025219758693297467
IL_0331012,0.05866476857406203,0.8227502492070186,0.0015184043442232533,0.05142812377164283,0.0026531455953777957,0.0013120947302141658,0.0002576885903251209,0.009856463227275307,0.03029755747834918,0.02009443455869126,0.001167069922820643
IL_0344325,0.029540910579940717,0.7914371074754887,0.00622900423842835,0.061806421980525716,0.0029973511711658004,0.020862396868065222,0.0017943884426276611,0.015464655346116046,0.04713377577085036,0.021388194291282834,0.0013457938355086049
IL_0403731,0.21376456013962158,0.10529062573379817,0.001133742614665155,0.1409607221872512,0.002123506744557753,0.0013947072503178073,0.0003510440372419944,0.010735168211680792,0.018678079069252524,0.5043589247337855,0.0012089192778275116
IL_0404181,0.02105593493597384,0.8555533628080281,0.000927275852685202,0.07415844109168959,0.0010912101861424008,0.001019891159754506,0.00023040122387457416,0.010147615465067046,0.014419103246963643,0.020404953785767573,0.000991810244053613
IL_0465184,0.010186778386995854,0.8990014130642112,0.0005906494316865506,0.06717949208029013,0.0007661936524113945,0.0006320028578552936,0.0002653900088196215,0.006439775089123112,0.008499369569392871,0.005800109727377002,0.00063882613183701
IL_0492696,0.006976617408141935,0.04439569403778948,0.0041336991022009875,0.034598079027723286,0.001585053077761522,0.0015524570143639327,0.0003008581477244783,0.149396015511863,0.7466656598709424,0.009225221472356698,0.0011706453291324618
IL_0560781,0.022395436713156993,0.20550733012752032,0.011257295665461697,0.4155576602294773,0.008559357282973275,0.011765354908386282,0.0007554481830704881,0.13855442583722194,0.17100897032235546,0.012647759197041301,0.001990961533335032
IL_0575017,0.0440828869966116,0.340476527943392,0.0032290953585189957,0.2513871735998288,0.009296339161307463,0.0026952021457346733,0.0005456219044225651,0.029773833134441232,0.26190077407820544,0.05315366665374773,0.0034588790237894997
IL_0578791,0.01188353025078472,0.7917491167651884,0.003867662092302187,0.02662183728149812,0.004818575048258467,0.05567543535787911,0.002560152085345485,0.03678163412178699,0.030124098956799437,0.033998414763193915,0.0019195432769632615
IL_0611781,0.021301130818190225,0.8472653792309833,0.0033196491354792125,0.01964907803266446,0.0015839826802622305,0.000770425471809342,0.00034392645793526993,0.03425098408399257,0.059433982218583856,0.01006850319989349,0.002012958670206018
IL_0649132,0.019186263532735177,0.49780170315999744,0.002154202219677492,0.28705268449542054,0.0031534782691891483,0.0024089161933076335,0.00039706359361982296,0.02185224765822538,0.029068723960961038,0.1348398883635573,0.0020848285533090366
IL_0704269,0.08039718466253629,0.3148802474685796,0.0012605124013684963,0.06044889658016496,0.0014708729442596464,0.0014892980807664732,0.0003180845233538717,0.011098571340886822,0.01822462104122016,0.5088935143565847,0.0015181966002789237
IL_0718371,0.02918430075885252,0.13374343332600602,0.004924678562939965,0.12418418997500058,0.001990015647018596,0.015852076283894644,0.0003305604192323402,0.017100287334669378,0.030825029725890733,0.6402303388950429,0.0016350890714523613
IL_0721442,0.011184288566273834,0.07731100455142004,0.000596445623938291,0.07415565420157388,0.0007824210876485394,0.0007118010423704708,0.0001593821674553194,0.005152413255748506,0.009469633015390319,0.8197838053968864,0.0006931510912941757
IL_0754056,0.03182740344291081,0.8555578258387111,0.0007660715404762541,0.05480479325042145,0.0008893409464092587,0.0008087239345399555,0.00018633120008443408,0.015171195526028887,0.01759098683438149,0.02162807903861425,0.0007692484474222123
IL_0808321,0.014622764178112493,0.09225735821800371,0.0028899833547515797,0.13064587392979843,0.008343390541478956,0.005861942950035207,0.002934442209969826,0.44378673576309413,0.28353339920447773,0.013360431794920118,0.0017636778553577763
IL_0854378,0.12392861506358954,0.19992577744023118,0.0024463998306712693,0.20593969395439815,0.0021730899577830838,0.002589126651395055,0.00026471880832470426,0.010601678599869437,0.021065384353861086,0.42852422342032936,0.0025412919195471244
IL_0895462,0.02438779464019713,0.5938037068177789,0.0013037998467134973,0.2625134508581724,0.005276324799011575,0.0014923301909649032,0.0003567676863773122,0.013304238028477057,0.02038850276769658,0.0750810650911037,0.002092019273506957
IL_0928130,0.039468835284356255,0.0878085134383134,0.0038955760375378786,0.5119166037932997,0.005783764087815505,0.0028241775634838336,0.004467033932393425,0.06642618132326902,0.2578276120953192,0.01668843667055362,0.0028932657736582016
IL_0977585,0.04248274526425905,0.1382191701415385,0.0013191027570045508,0.1966798042227797,0.0012011927372310577,0.001326490925188043,0.00025107407339463277,0.013162921573378025,0.016553451274013573,0.5874535315037192,0.001350515527493783
IL_0977986,0.005007865899108119,0.942105508867005,0.0006754807352241357,0.020070173734032547,0.0009224787385910171,0.0005735718685547709,0.00013778409250173013,0.006412175482715948,0.0129496495588673,0.010395449882150654,0.000749861141248621
IL_0996202,0.020618735515239704,0.04796050554606643,0.0017851103917478483,0.02885887414007567,0.004565574946375659,0.0018620846101566873,0.0004176541352842531,0.13528565741727394,0.7476349529287482,0.009572643562189585,0.00143820680684206
IL_1009731,0.06698990834413562,0.48566931914497713,0.005474502251584105,0.11963615934904931,0.008665743401699386,0.004656048638034841,0.0005894453049510705,0.022647509341884448,0.031550645914671716,0.24886835104701283,0.005252367261999515
IL_1011664,0.02144855513682249,0.2149061490204232,0.01182685372583759,0.08561905430265593,0.0033348701192242904,0.0026356134580276234,0.0008386862407931879,0.23406820584051663,0.39983541514963594,0.02061197730316386,0.004874619702899255
IL_1020124,0.04698683857115834,0.5482207509696495,0.007738422117220045,0.060258048349330504,0.0052231799590774985,0.027095670680409974,0.0007556907300773938,0.1756686205248607,0.09158690722434884,0.015469188749729542,0.020996682124137633
IL_1024284,0.03743899027155398,0.38368615401210127,0.001301078853342136,0.03222097985219375,0.0013176411393925423,0.0015058312202830663,0.0003090567576099079,0.008768325642626838,0.015006898691852887,0.5171856183729806,0.0012594251860630335
IL_1024365,0.10828918167447285,0.5197373386223698,0.002491332128159324,0.1469067071692444,0.0055488758529612,0.0035869639569283047,0.0007440889574621295,0.023268494689852145,0.040594427121313365,0.14607719619934842,0.0027553936278880906
IL_1080907,0.008727869452931898,0.9408243456998241,0.0006585097771416623,0.022619651342733263,0.0009454758596915708,0.000715105682016603,0.00014651715704170162,0.005005967645502653,0.009661312110055177,0.010081610076928432,0.0006136351961329696
IL_1159502,0.011695057192069253,0.8372293581031476,0.0009551715104100954,0.11485855426187055,0.000981837860541047,0.0008622287916797251,0.00028538010683675646,0.00787188118004209,0.012346238372369079,0.012059793260449094,0.0008544993605847945
IL_1183203,0.11951617288259889,0.3970888964355931,0.0014006776993102559,0.04413120827531937,0.0019168753307983585,0.005048165303441122,0.0004184413731663271,0.010201468792897569,0.018151144638449,0.40084536846226676,0.001281580806159338
IL_1236220,0.011928807516354332,0.1969895073043161,0.0010792261557565548,0.06913668171362025,0.0011558063579774928,0.0013333133498365608,0.00022595641921276455,0.00822856748491768,0.013639166212699859,0.6951305259635462,0.0011524415217622438
IL_1246958,0.012442283821088768,0.13225775065272455,0.037012391211470624,0.03741699215640947,0.04789073789690132,0.13311519427050125,0.000715138912143425,0.059056561881172726,0.4779348536792618,0.016247627671332265,0.04591046784699372
IL_1248470,0.03298432862507709,0.4994906194405123,0.0028935005149619665,0.1054758149383983,0.004697968448722629,0.004074853091033087,0.0005835289937340121,0.18871144207805432,0.1371412295213111,0.01914844738017603,0.004798266968019127
IL_1266003,0.010740997744621967,0.09573555864919421,0.0016053533416887974,0.12619361513167443,0.0017209866059068042,0.003011855253535975,0.00037759178637016206,0.2428295617487903,0.49341397436550233,0.02149597996760658,0.002874525405108512
IL_1298091,0.023310166926418015,0.7724120378294552,0.001269884986208618,0.06949312488445711,0.003973552727913788,0.0032883930158141383,0.0003453138141996454,0.019030907400743723,0.0586380338147731,0.046696752973979454,0.001541831626037001
IL_1418346,0.060857757946224285,0.7118575075414508,0.0012854080076529035,0.036557893407828994,0.0012576903775703755,0.0013827930211074207,0.0002750500212516004,0.013383755423158205,0.01592653110471111,0.1556267777765084,0.001588835372535996
IL_1420891,0.006903747749570509,0.04337779448448316,0.005901095599588056,0.01921684489557318,0.001437410350421936,0.0010064661465804254,0.0007618033399619509,0.07487623673804056,0.8336586670696905,0.00954339484259463,0.0033165387834952513
IL_1431089,0.0150986377153364,0.7912487674144917,0.0015590735297738917,0.0237199412183665,0.009053125246509636,0.001787588008630889,0.0005200533975221583,0.03598632164155879,0.018640042197689503,0.09807557817047707,0.0043108714596434465
IL_1450991,0.02790277589987426,0.6244765943910753,0.0011645957151262866,0.035713160463788834,0.0018812753871178995,0.0017170402348961672,0.00033409747623506977,0.0103242328854882,0.016152950041729827,0.2788653809542551,0.0014678965504131907
IL_1497560,0.02063436419372673,0.6317964377449332,0.001991725812873509,0.25870750862095315,0.002407410496290563,0.0014419551910698483,0.0003614608964754237,0.014277958460855705,0.047577897227127436,0.019375514285779733,0.00142776706991461
IL_1502550,0.01641817240613331,0.6645947750368989,0.006619205494170945,0.04095842825977605,0.054058316378814066,0.02000754039033346,0.0004122692102866887,0.05909980745207094,0.09538853701671632,0.03166266409511884,0.010780284259680473
IL_1515580,0.04792985432792302,0.6191319022112582,0.007514872582298929,0.04929755127955949,0.003510726784693812,0.013880809770082825,0.0003804613636852729,0.014907362381659565,0.027663295847763683,0.21309392693067009,0.0026892365204051034
IL_1562660,0.010623659677923242,0.8872201725115489,0.00135876659663846,0.028995542612802527,0.0016234358302226696,0.005098567783132298,0.00018069463366170553,0.009685801326670745,0.03350339165009041,0.01813409541894836,0.003575871958360803
IL_1574123,0.05281193739679926,0.11260531260240764,0.002478610354603324,0.11433695473999572,0.0026668126861244907,0.0017296984613044475,0.0008066068988742824,0.43173398673419205,0.26428810884978815,0.014949970379330315,0.0015920008965802919
IL_1619785,0.009191533071385205,0.03906370495873164,0.006768259214038709,0.06709124212857352,0.0027938083979867157,0.0012562741606877265,0.00032750682714784195,0.7123663174053189,0.1506740266041391,0.008291485194878757,0.0021758420371119002
IL_1633612,0.07720506105061498,0.23809198079666408,0.0012324108590370923,0.09763868134211232,0.002085513125769135,0.0019213365807834062,0.0003090891744655654,0.010100556248843701,0.01619900153713797,0.5536806303626971,0.0015357389218746173
IL_1641818,0.11811588161308641,0.3603771509163507,0.003873279785911706,0.22851484341101425,0.0022408013962244605,0.006171871925298874,0.0016209940208648473,0.17787291690160573,0.07400370244653842,0.025228344276308417,0.001980213306796193
IL_1643221,0.05301067871301696,0.4605546156325461,0.002617142279711527,0.2456386892433517,0.002780903599535486,0.002929373393889946,0.0004056099303012857,0.035422369919627064,0.032134671106993175,0.16202213823290468,0.0024838079481220646
IL_1664752,0.07028306299498412,0.29472409855584036,0.0021765223068449333,0.07812395625382065,0.0017608368109844033,0.04264321829260928,0.0004487570776620711,0.013635470868905958,0.04353369482052351,0.4441916610325267,0.008478720985298017
IL_1681515,0.0985270514822838,0.5181185693475345,0.0021607328130794187,0.10688322480713038,0.0022215308141613358,0.0024249916157457045,0.00045992622417035214,0.015684892721983385,0.026607186406501615,0.2242790657371304,0.002632828030279132
IL_1688338,0.012863989938757122,0.8698131949102144,0.0010061423376313615,0.05072962853113651,0.00219467839491172,0.006665204108534328,0.0002981637647854143,0.011143068695808521,0.020578910677262932,0.01858681170129702,0.006120206939660789
IL_1706933,0.0488505594838321,0.7320568492446596,0.001344809866294152,0.09736433414508117,0.0037815086371009643,0.004607710258908992,0.00035723017106124806,0.023987605271387727,0.03245379642047672,0.05225106216514121,0.002944534336056122
IL_1860067,0.007432455163319468,0.8607695736009439,0.000782542883453064,0.0961898365042245,0.001140063742699287,0.001398395736041752,0.0001913719872728388,0.007606230306451469,0.011030505959037115,0.012669840100662544,0.000789184015894111
IL_1884002,0.05443998553680632,0.6330741980683977,0.003275355421531357,0.2127499789338842,0.003797757060092088,0.003880585198337002,0.00036217923368453604,0.024317369444171746,0.026724247927927065,0.03569924802167498,0.0016790951534929313
IL_1897663,0.018295442631104476,0.042477484689294326,0.0006069853063164496,0.12251807621362756,0.0007361667389853375,0.0005800949725443196,0.00013380698062884374,0.006989361693077947,0.008650702676634252,0.7984521458775369,0.000559732220249606
IL_1901178,0.18574707259040185,0.45371236382272345,0.0020029171099934656,0.17416392908739958,0.007793609208916575,0.0024381564960016806,0.00047058955062271506,0.015063747113516556,0.027155247875211237,0.12935591705447955,0.0020964500907333524
IL_1935222,0.06315373933788396,0.8053616318506008,0.0010453556017599298,0.028094861443626107,0.0015227675411814156,0.0024943737375633475,0.00024781774787962206,0.008618383591384924,0.013779538231701772,0.0741982386201238,0.0014832922962942957
IL_1968737,0.020945490336279727,0.2626479594024332,0.006885336622215689,0.027201339194960143,0.07995113011044848,0.1136279539113646,0.0004806443466989979,0.11409588581430548,0.23571991535937173,0.03241118081152079,0.10603316409040117
IL_1976391,0.005597621529079708,0.03869301349358428,0.00104911066273161,0.04126137830823284,0.0012210651239457403,0.0010169493565575331,0.0002669306413223701,0.6415477194693606,0.2602741009009096,0.008052001997748411,0.001020108516527289
IL_2021485,0.030837639375823043,0.12708262703800427,0.0013335348140836474,0.040238194173105875,0.0011374549249876346,0.002164876640358739,0.0006127528002067551,0.015661110951067498,0.011448454309135655,0.7679635951195459,0.0015197598536808444
IL_2031231,0.00788316711269165,0.9147282274242348,0.0010114401460938232,0.02747058338906217,0.0012296000543344453,0.0009555660448508271,0.000214755312220809,0.007071322421671325,0.01267736211690663,0.025277968531899495,0.0014800074460341172
IL_2042306,0.017542894190570174,0.20677067686387274,0.018203920746992085,0.0521775207760355,0.015183892787275746,0.003944489079269338,0.0012192085403907125,0.14274772654284756,0.5201848006720247,0.018920305508185013,0.0031045642925363855
IL_2057670,0.01960729090327697,0.19389120638174523,0.006754848716634257,0.08578063561439683,0.0014589367192963114,0.001798647094481319,0.0002452116916541242,0.01588432703656219,0.023129232489999707,0.6494325307310133,0.002017132620939784
IL_2058271,0.1399164702926942,0.4825461642201929,0.005464641065394165,0.24920003278446917,0.0020955473664893754,0.0022878760015243417,0.0004731977751601416,0.017701505110952153,0.05281379970178459,0.04549505797013092,0.0020057077112079925
IL_2068901,0.40074466820068205,0.15870738513150473,0.017632126306023586,0.2449887885359432,0.003162128184101563,0.0028478144060730863,0.0021692781481308394,0.09192085711693801,0.057401295333888304,0.018545161863820547,0.001880496772894127
IL_2076993,0.07275591531321188,0.4086220061888234,0.002322184355136865,0.28245095034384743,0.002333490276050965,0.004275107845228395,0.0004305000039091601,0.014496648663682849,0.027246470804903354,0.17856569880258394,0.006501027402621743
IL_2078226,0.03116746958976738,0.17385152001298632,0.003748572931099924,0.5403274119836489,0.002039818524039282,0.0014156218742360164,0.00047811127682533536,0.13519699514779532,0.09037114944012634,0.018637071464845473,0.002766257754629704
IL_2081710,0.005923230637785606,0.036283809624851525,0.002383554400609575,0.024965079758519755,0.0012063647354926862,0.005439506339874803,0.0002938565285049191,0.061320423991275026,0.8532279596343761,0.006718877856950794,0.002237336491759277
IL_2085556,0.0577051548024444,0.8460420112521674,0.0010751756109879367,0.04538183498814333,0.0010857066930646266,0.001252082872981051,0.0002175682649827492,0.008106997216345628,0.014312664398957509,0.023769451254045948,0.0010513526458793801
IL_2090864,0.08502672372353005,0.7304093823499889,0.0010560563943989927,0.13155947931215847,0.0015765963544697838,0.0011595114336052127,0.0003510127102067032,0.009340939888660452,0.01857328874370424,0.019654774662548828,0.0012922344267282952
IL_2144290,0.004018439647515383,0.028234167141603244,0.001291001577975077,0.01576893883992421,0.0009414023381865435,0.0007392546908273898,0.00018175199149624225,0.10709486919835227,0.8352482585519043,0.005758118002941978,0.0007237980192734481
IL_2157015,0.3041263054863388,0.4894038460382732,0.0023167218898836463,0.07229133967456777,0.0024923516056550277,0.003909932541532873,0.0003871208937477958,0.013250301222543677,0.023472603684860656,0.08671389753257543,0.0016355794300211485
IL_2190574,0.019959113160454803,0.8525463283799363,0.0014635925334197284,0.01831370212996135,0.0009065294024983801,0.001117187561244795,0.00018019782511746762,0.006273014749367691,0.017054305680783876,0.08086519762074795,0.001320830956467582
IL_2207792,0.03198268488627268,0.09226052862152594,0.12682148482491007,0.08831269359297415,0.0036286300952312594,0.0035116290066933356,0.00043041152852547204,0.25653489535901336,0.37463326263271607,0.01750610352019376,0.004377675931943952
IL_2254004,0.06258624464912563,0.822067285136568,0.001193538078970921,0.053993933800743625,0.0012450204383669772,0.0013649381023821123,0.000249795387772455,0.009515125221009217,0.017914383134895972,0.02890549949550692,0.0009642365546581129
IL_2274232,0.0629766891030729,0.4217603938150517,0.0011427251103514366,0.4271940748605831,0.0032032848026074118,0.002223861502020535,0.0002743785489591054,0.017608909400854765,0.02739982703681743,0.034965921816745224,0.001249934002936396
IL_2283965,0.02709577681936779,0.07199998659363051,0.0005315941449751824,0.028948161680722825,0.0006521309379839874,0.0008029917773243428,0.0001539009787140317,0.005065335289605205,0.00801456990243112,0.855962058864976,0.0007734930102690594
IL_2330498,0.26381963709660783,0.3982585342149235,0.0013733203625879752,0.12522717581923015,0.001949297712683888,0.001989667986488546,0.00040029627098180087,0.016600587661207738,0.02635360379059498,0.16273047713646305,0.0012974019482305745
IL_2354191,0.01158797616001003,0.06600980646378796,0.006253597005653257,0.07716622047220206,0.0022841972008020356,0.0031272571834222024,0.000491320948187445,0.1855834442006012,0.6320957752158657,0.013702292186726875,0.001698112962741337
IL_2424578,0.0034149979007687486,0.0238896957864717,0.0006219871208496547,0.011567846056441317,0.0008117777522625665,0.0006720408003828408,0.00015526003684950806,0.03657690667256196,0.9172206928371702,0.004540565457575063,0.0005282295786664071
IL_2440740,0.004546305781796557,0.02641199898643359,0.0005849934709545346,0.011644559300552625,0.0012964371209115266,0.0006664443428217373,0.0001554254957435048,0.03454232228301943,0.9132196633670806,0.005705080347927425,0.001226769502758439
IL_2451306,0.021741073790889246,0.5353160236601775,0.011029955202706972,0.06839802059442063,0.006578268346231546,0.011890018791508264,0.0005390437387651126,0.11843569587665254,0.16155326045324403,0.044971556222717576,0.01954708332268653
IL_2508459,0.007320807198739948,0.047120004027345605,0.008082347312931297,0.047295492700887655,0.0013022334776932308,0.0009398033630281529,0.00024521242308359054,0.8509683111727064,0.026620436348330424,0.007487207557287991,0.0026181444179655634
IL_2512501,0.43504950665340997,0.09997485242210712,0.012558406738264217,0.2941048657514504,0.0020329026643753226,0.0018038382434959178,0.00044683304203820516,0.11796955549840613,0.024296681191318274,0.010252253858378857,0.0015103039367556689
IL_2520283,0.14722550383735936,0.2552584788522928,0.034604123391857235,0.05206393767799818,0.004300362151905185,0.002678826972132617,0.00038643114327112485,0.036635399379669115,0.02109240385674199,0.44378516935651185,0.001969363380260452
IL_2532113,0.08727529449342773,0.735192569110501,0.0037802715668757017,0.03477179610431422,0.001601744802323658,0.007812122688791349,0.00033983236806240123,0.012985665299973323,0.021834532574220557,0.09288059537250834,0.0015255756190016407
IL_2541202,0.05635206822644869,0.7697341785570908,0.002315916776425559,0.04908665263775957,0.01622629352978579,0.00351831627628015,0.00038504130319391857,0.01487211850066769,0.028374582597519668,0.05643636370487534,0.0026984678899528644
IL_2542731,0.012238820748595333,0.08852692871919768,0.002277685108802316,0.07106663286007683,0.002050442975495091,0.0015094697083212825,0.0011341616195508267,0.409703352424236,0.39428483665981306,0.015124514044685483,0.0020831551312260137
IL_2564178,0.03130057474850758,0.57405209303914,0.0015304627389936668,0.02977114131720552,0.0010259616845408248,0.0011671383952306716,0.0009556130609786248,0.012495174724189925,0.013997396969151575,0.33165178882847773,0.0020526544935840774
IL_2579528,0.145553854884325,0.13469434521902857,0.023377087898225877,0.2525620498461461,0.0015426559345847225,0.004755720074654185,0.0004234150062665991,0.3942777781843081,0.025459961958826726,0.015898809864690555,0.0014543211289435908
IL_2580737,0.042894040179813776,0.8646061786796538,0.0010397947228294219,0.039781401542378664,0.0016434820265823406,0.0010942263544548912,0.0002358195058997429,0.008420623084236793,0.01632465641106445,0.022868596547879462,0.001091180945206584
IL_2620364,0.12477657189623348,0.4013556722779014,0.0014049660503589973,0.4079091827068475,0.0014601599384852885,0.0012965818051904779,0.0006609528013524758,0.02648731967193289,0.023656697717957843,0.009848084306219303,0.0011438108275203514
IL_2631882,0.055653879380097256,0.6802506213025908,0.002133251465702665,0.13950763697930074,0.004247651213749782,0.0023646520723278135,0.0006077981604356027,0.025519887285745613,0.03921572474505032,0.048282895135783876,0.002216002259215525
IL_2632245,0.039705687893430146,0.14928740120286396,0.0014745355863577906,0.29248391655941597,0.0029880466809375133,0.0019919387838012565,0.0004692777969413547,0.01416710824464465,0.020716328568827325,0.4751881668644009,0.0015275918183790924
IL_2667257,0.017241084490371116,0.8333417571552215,0.001637350433884289,0.055552273680938555,0.005154229405643274,0.001150974120559272,0.0009370956561672109,0.04233885895386677,0.024767219961831535,0.01677520779277073,0.0011039483487457864
IL_2673683,0.16325621793735276,0.5912456017124267,0.0012472534427545655,0.06080170067492318,0.01678727921072925,0.002083942789487157,0.0003341856803461175,0.012259280661009501,0.018458796311589365,0.13147025326131434,0.002055488318067062
IL_2695389,0.00814003803954343,0.9290992616105936,0.0013669554851034505,0.022798272582897613,0.002565350618666539,0.0011039206923163074,0.00018682495925934759,0.0064969645386191155,0.016377961546263527,0.011024100833801011,0.0008403490929359599
IL_2697064,0.01566098130795046,0.7306030033261123,0.0017095804168159095,0.08303738260749767,0.00865376958614935,0.002377327764226515,0.024933972243467245,0.068857616060388,0.04338795135890503,0.018648352294551276,0.0021300630339362984
IL_2701771,0.021634504139413948,0.6718233411506342,0.0031811895906399728,0.06718924000223614,0.007795597645709653,0.043129591755088494,0.00040009667965583304,0.05705403689922036,0.08465868683468449,0.021594747550856587,0.021538967751860302
IL_2713699,0.07295777044908631,0.6135144645296763,0.0019480324307129266,0.1985696239493984,0.003250484109643099,0.02095880733855532,0.0003694509331953383,0.018739729138814165,0.027786595640611707,0.03957993788672598,0.002325103593580404
IL_2726821,0.023954080189778532,0.8297695737515929,0.001613853722273561,0.10100694981976106,0.0015002896384629777,0.003036286512769988,0.0004403408602266399,0.009019705741060716,0.016022524509276864,0.012699138927240556,0.0009372563275560229
IL_2729600,0.03913766790115072,0.7380855012504506,0.0030775235546242593,0.10648930866609926,0.0028733361575951372,0.0018962169754750356,0.00433712324437424,0.03232540418547808,0.04992895008843185,0.020317553916042758,0.0015314140602780842
IL_2741580,0.026773594727889982,0.7808289409670401,0.001064285222346165,0.021867456441831676,0.0012977692868937306,0.0013328254464846732,0.0002626146332973331,0.008985776154955445,0.014908917250286539,0.14124238846848064,0.0014354314004936962
IL_2778741,0.04450141998826887,0.6624188431943244,0.00426042545764468,0.1400035253636276,0.015869305997410838,0.009745057755140434,0.0005782252536770926,0.03112606527810872,0.048347794164181834,0.041412391046694336,0.00173694650092119
IL_2784674,0.031457892690043635,0.3978607523711593,0.0012871990893554809,0.0770753458655174,0.0016326324957496364,0.0016541939827373906,0.0006455340649004842,0.016415916106098643,0.024332507785881995,0.44598438696092435,0.0016536385876315689
IL_2788623,0.08065100841218031,0.697812597358451,0.004038042921705063,0.06698249993597288,0.004721700148951255,0.014212084943205347,0.00038479135319544213,0.04580481561010371,0.04565924628234931,0.03811946435605201,0.00161374867783355
IL_2824067,0.028389868523350355,0.714789670801837,0.0014975333113410104,0.14186005724925732,0.002313942296964264,0.0024819855039228482,0.00037860288994329285,0.013748520145905437,0.03679239114256125,0.054780145118196955,0.0029672830167203476
IL_2840498,0.029496512479940132,0.7976845587660346,0.001175847445621307,0.08205032727123762,0.004218999856637589,0.003731753240200844,0.000298027338131891,0.013031342293459437,0.03809586725754407,0.028818951822397312,0.0013978122287949656
IL_2844654,0.02020349754798466,0.1030786776035219,0.003901042025333514,0.14925854311280615,0.0038669945142697244,0.003423417879749425,0.0015790322638294808,0.1879708945173291,0.5043420713385858,0.019952468216563123,0.00242336098002711
IL_2849392,0.029559884553528565,0.6076159080167409,0.004878318871552307,0.1518787905517027,0.01151341774218453,0.002805385822730094,0.0005024110157533267,0.03990887310338825,0.10931681716551132,0.038599663720133744,0.003420529436774207
IL_2851462,0.14899963328179922,0.17079571799571916,0.012757651809805039,0.3801136646808199,0.002125829020578582,0.0034231393259752606,0.0005646790565964238,0.21395648043702983,0.04270968144306393,0.022325464594578282,0.002228058354034253
IL_2921273,0.07610404530421457,0.10214511396493552,0.0035327598845135482,0.44350791305319326,0.0037390115465209955,0.0022278519805798143,0.0005672073653515847,0.24466661895623043,0.10279481082009412,0.018042531895796705,0.0026721352285694654
IL_2936438,0.027014990121264265,0.7731028079751081,0.001028311043424627,0.1473018126744915,0.0012840652342733215,0.0015552034773544925,0.00024803899983792205,0.009819632345584903,0.024747463969832614,0.012836476179275087,0.001061197979553169
IL_2947403,0.03562092443518268,0.7212067098665345,0.004733223355319052,0.08874665260719851,0.0032435467909470465,0.013419616120954946,0.00040397085450167734,0.026883081243190485,0.032635227301541274,0.05129543289703531,0.02181161452759453
IL_2978149,0.00500719487867741,0.0340751792055691,0.0019737907561814773,0.02278534000331001,0.001234260304906764,0.0015849472736559269,0.00022379390226466838,0.26797773809419995,0.6572873997923848,0.00692504196059681,0.0009253138282530948
IL_2996774,0.053460042548157095,0.6609841042378932,0.002779800666680291,0.1427917128979129,0.006524999845812383,0.003567459964329495,0.0011185477997799316,0.038267513442185166,0.04666941191874102,0.04151643820606171,0.0023199684724467366
IL_3007459,0.051990800409685664,0.10545368523678249,0.0015503664731827257,0.29903478803119166,0.0017358921655323645,0.0014644899017154113,0.00034011897812397525,0.019910537884198973,0.024373321075522238,0.49226685726636366,0.0018791425777008198
IL_3061357,0.031804504470351096,0.3026198941926173,0.002679334069834122,0.22800734965169,0.0019232671632493468,0.0017635584674937982,0.0006442361621377967,0.36710870659311146,0.04551520367850572,0.01565318680824305,0.0022807587427664013
IL_3076877,0.04818493326016786,0.7482071742587932,0.001286244301433682,0.0765898862657847,0.001908622294970816,0.0020231037060241953,0.0003289703339379583,0.011006050061483846,0.017968620081866823,0.09075179451288531,0.0017446009226515882
IL_3084993,0.030509361967100537,0.7403830816187351,0.005081482325372588,0.06091540997660137,0.007826693831707499,0.018296374749046954,0.0032500505360742124,0.04161739437731055,0.07591756316686557,0.014889978801210365,0.0013126086499752347
IL_3109240,0.028742176883597793,0.3159780655748222,0.0011153210789162306,0.04704882940016228,0.0012761906136123829,0.0012694382053636405,0.0002927347459077507,0.00930885063314516,0.015441259514385432,0.5783917795820293,0.0011353537680578046
IL_3124812,0.033287842602522114,0.7087752798865048,0.0016079888691367312,0.16338857763768622,0.0025594969853714447,0.0024038720009803083,0.0003678455259726819,0.029005326062187295,0.02603835049981957,0.029776901649152546,0.0027885182806663307
IL_3127619,0.024327356506312844,0.8431445137341821,0.0010261949877807754,0.08008378875982781,0.0019698313766861055,0.0039011181064631598,0.00045790622427598364,0.012285667855223571,0.016012988157918306,0.014525156319604188,0.0022654779717250742
IL_3149454,0.010148760781848207,0.9386652024707708,0.0008980693389957364,0.01682792693937709,0.0028640032449410904,0.000900921147231519,0.00018950110188401296,0.00622869198665438,0.010802592457147694,0.011576280788819674,0.0008980497423297817
IL_3153787,0.012925059831635811,0.3069070041935812,0.1363038795206341,0.13346649341088693,0.010998238875793752,0.10076317079980766,0.00154793923459309,0.08009069044335256,0.14459839308231387,0.02274859549627659,0.049650535111124446
IL_3156984,0.01421775692198114,0.05221951945591624,0.0061686915624352716,0.058102931978208025,0.008017426113167752,0.0015507574985405552,0.0003441085141338177,0.5654354786774474,0.2789876309413304,0.011597298896061078,0.0033583994407783563
IL_3200972,0.018554070879695805,0.11259714408121921,0.0030329665147422963,0.02691525928878702,0.002108700243137085,0.0012766832497445608,0.0024286558221097523,0.03600259720756418,0.7835534519278766,0.010737214332095936,0.002793256453027511
IL_3206011,0.00728063727537457,0.05363231947602383,0.00828698019865015,0.02105423604695737,0.0020464695707126754,0.0017250530011801526,0.0002881053935503859,0.03571361585393084,0.8624156439737214,0.006198529170480572,0.0013584100394181307
IL_3245297,0.013152313825289093,0.08639191116552493,0.0009436579142848395,0.25435287916315186,0.0014196068145927079,0.001975079745083986,0.00027703849419658113,0.010143622180714393,0.018156227669276444,0.6121318309528193,0.0010558320750659082
IL_3275405,0.08971277958980392,0.33451400800902453,0.0035177990420593476,0.053797250974726527,0.028199219733350236,0.005211818265805789,0.0004632093404685425,0.07338459306249341,0.07666418509898548,0.29959374318628523,0.03494139369699693
IL_3278464,0.0808637788862447,0.317653629091293,0.0016464459048680868,0.09815507510847389,0.001964103205964611,0.001585826973750482,0.00037346085208164216,0.012324738467460381,0.019340902240321343,0.4641949822588285,0.0018970570107133917
IL_3286203,0.08053566475881199,0.09496417773490391,0.0016674796970792508,0.04126637590620963,0.0011769074570711414,0.006603447267732189,0.00040819484199255637,0.02215094753411247,0.01795125753611156,0.731983933998178,0.0012916132677973397
IL_3304841,0.00885225120330177,0.05845908476438806,0.0008377400368336783,0.0907837549828166,0.0008782387450622956,0.0007603082179440657,0.00018359283823466763,0.006310891342170284,0.010723085912136358,0.8213252423317006,0.0008858096254116492
IL_3328321,0.05358138074525671,0.2505320801077244,0.0012251589329919615,0.0747772684922955,0.001486986553083053,0.0014113221628508602,0.0003398071768504202,0.011020918514285131,0.018324916375843794,0.5859535125919857,0.0013466483468324122
IL_3355205,0.042983719785805174,0.5982867775214824,0.003385829988677192,0.15454152439451205,0.006380584403504387,0.009626574131597093,0.0009277147979647055,0.023147066533238392,0.08182961913720886,0.07661946079946805,0.002271128506541842
IL_3383918,0.08749734426560266,0.21024998137292003,0.0022421789090472273,0.46873953648891886,0.002373526564043032,0.002081012683463948,0.0011134656311182459,0.13912513068380455,0.03369079262712497,0.050018248509836535,0.002868782264119902
IL_3405674,0.05545674944029166,0.42852575813994004,0.0009246754052110131,0.034873435393166424,0.001764681274701199,0.001174890883160386,0.00030440023154802487,0.008438015819378612,0.014158968073479241,0.4533450382016668,0.0010333871374566725
IL_3416109,0.11109336686199942,0.19561227604371234,0.0021507157213870517,0.24887541477934827,0.0026886791543775457,0.0032784643661933587,0.0008017015248853917,0.034723865223943925,0.04197607028649717,0.35641999831259885,0.0023794477250567545
IL_3417042,0.08809860151728999,0.7731994648275782,0.0016479507410674208,0.05676540209196626,0.0018707484359236682,0.0015648421722219388,0.00029558188566782597,0.01649693133242289,0.022745145627867454,0.03574240536924561,0.001572925998748724
IL_3475314,0.04622319892752107,0.2052523397286796,0.001544302204327207,0.17132006550514772,0.0023269494768372433,0.0017774175511654261,0.0004133390749880265,0.014194691651280105,0.02922568739797503,0.5260296748481462,0.0016923336339322993
IL_3502631,0.03588195426037312,0.6662260560856409,0.0019441709789911955,0.1336731620590262,0.0023668681904831677,0.0016055658675022096,0.0011412331389502595,0.04860493901475918,0.03649311955044523,0.06990595125328843,0.0021569796005402094
IL_3512099,0.012530856332642107,0.8824190401876786,0.0011245060047415424,0.06147703129550166,0.0011644570345350177,0.003737890915685306,0.0002419148829061774,0.009035579640418344,0.01458366002752368,0.011902308203854215,0.0017827554745134212
IL_3516247,0.019455169496963305,0.8284347198098394,0.00264900379293955,0.06878448420967807,0.002669001404716165,0.003769255047063297,0.0002652576625592778,0.016503186110218063,0.01917583901290852,0.016101831235771847,0.02219225221734248
IL_3525336,0.008382715924481155,0.05398142344960338,0.0017209092319767384,0.03798068861605901,0.0035466601681367806,0.0013853567840896772,0.00033212196641403755,0.10442418695125205,0.7758157904996268,0.011104023099497203,0.0013261233088630899
IL_3584159,0.016060825028697788,0.19197330999407144,0.0037014672115659878,0.34693792655878286,0.010096432230827006,0.009424934146559327,0.0006222777829035074,0.04612640630311793,0.34689380016100635,0.02444427952188947,0.0037183410605782876
IL_3592184,0.09502717472807697,0.464529533453389,0.001950915026914385,0.06044308489870185,0.0018972857041090099,0.00791127797384221,0.00028979868150143294,0.02953210027103459,0.017048119109770964,0.31924917388399054,0.0021215362686691054
IL_3662013,0.02832695589897706,0.7585329614971033,0.0010413195178871732,0.07281829574757459,0.002244583918461677,0.0013313898016139554,0.0002751754776441608,0.012286538895970613,0.01620915866677998,0.10498087168386214,0.0019527488941254358
IL_3682737,0.002757644133432178,0.01915935492056541,0.0007960291357515656,0.008252362251201547,0.00071286531738555,0.0005282142927293281,0.00012811586155581707,0.031025139626393007,0.9321477671467915,0.003685996659606004,0.0008065106545879729
IL_3708176,0.06647584385917052,0.48125186142933246,0.0021255268358439426,0.16055522703650132,0.0028972292174107277,0.005801706573143215,0.0005409035825681079,0.018330470499690055,0.02626789664479801,0.23280603959835705,0.0029472947231845128
IL_3731984,0.07209566104403312,0.5865807712728845,0.0045391812704240935,0.10915716788940327,0.0028162924425188217,0.007526679302370914,0.000543381706548673,0.032485705062897705,0.029375211607479364,0.149644750209129,0.005235198192310509
IL_3743750,0.012918205582348845,0.8489973273435216,0.0009875803331577673,0.07999191126808158,0.011665464114033509,0.0009925718271299904,0.00021484611984189849,0.008871488639104377,0.022884223789900838,0.011413158897924797,0.0010632220849548422
IL_3769258,0.5211313475732599,0.18469566590014957,0.001414884718702699,0.19095770143857768,0.0012753291224938267,0.0014289328957727372,0.00026944912673245407,0.009828015111803552,0.02267367865726797,0.06528570163912822,0.001039293816111328
IL_3770691,0.020629101782882808,0.7900780078130175,0.0037289791859555573,0.05472598315720498,0.005449310549004247,0.002065979595960158,0.0003456346625933328,0.01423399877151912,0.02721459665613497,0.07961596188458453,0.001912445941142758
IL_3795536,0.08335856898040085,0.11881396726470493,0.0007498501959856472,0.0644259610653222,0.0010029930556246147,0.0010286255327473376,0.000209393651547067,0.006697043935423116,0.012042519834183977,0.710733936372111,0.000937140111949186
IL_3825170,0.010683974080498662,0.7731063070108153,0.0008816122206592776,0.16229282723337576,0.0014332463588764112,0.0009515566924696467,0.00023662093840094776,0.008681902183500834,0.02994173459946235,0.01083549616607923,0.0009547225158617059
IL_3849919,0.02225559963198978,0.5960924693976885,0.0014337456419120293,0.09953362170293581,0.004945842091889554,0.0013150785967625243,0.0002941157714350574,0.029660843830060346,0.22645738220206618,0.0161664700499274,0.00184483108333293
IL_3863962,0.031113679342433545,0.15731766707775335,0.0014919689240404162,0.1455301795199386,0.0017069998356530657,0.0018046966841018157,0.0003112835214492817,0.011849953861390723,0.017994862179580625,0.628945919002079,0.0019327900515795345
IL_3890738,0.032657235927260414,0.47887045723526867,0.009029284585695194,0.06808933990766806,0.0037514842956247216,0.007690075464198627,0.0007522369368773666,0.028085930229091862,0.030430975266245684,0.33718990795677095,0.0034530721952983133
IL_3916806,0.0338424074510954,0.8824544837457199,0.0008558562956580699,0.04286760279189998,0.0011655110576496482,0.0008640771271238603,0.00021028637090158179,0.007952522533069339,0.015484061188843757,0.013499148825632,0.0008040426124062852
IL_3918658,0.0091570648172355,0.702388260906466,0.0009690467084761166,0.02278879613129463,0.001041891920565868,0.0008884644946225791,0.00021754310002283832,0.00724624953877643,0.011488750376353288,0.24273570063522978,0.0010782313709568816
IL_3925046,0.036499378103744096,0.18955003993615677,0.0012422971824489924,0.1328919389605246,0.0013335289500873261,0.0013099651766623629,0.0002883051053791228,0.011819317017159664,0.020474062278132588,0.6031131652101248,0.0014780020795797072
IL_3944678,0.07397398769135796,0.19265265516037744,0.012457076455586764,0.46507102046822263,0.004137531676633631,0.0033089401171316323,0.0014255305460046607,0.043805124783961216,0.17973494406649196,0.021670961849061268,0.0017622271851708276
IL_3989231,0.010018328743427795,0.06424380568327458,0.0039203899332462796,0.030695601443097777,0.004947155292778346,0.008903512329981145,0.0002838284676567692,0.12184111456441937,0.7442223099040093,0.00813856470281486,0.0027853889352936383
IL_4014940,0.009304957548514313,0.9166799009974602,0.0007161498201904106,0.02997837826181065,0.0011347767187065596,0.0008053885406003634,0.00018160315076813579,0.007260155083070552,0.010040375091952713,0.02311584656122248,0.0007824682257036048
IL_4030473,0.13087224033532566,0.6172221644634197,0.002663321628408195,0.05272927105900137,0.003122660983788106,0.004722784116935686,0.00034581626152160904,0.014553628308723143,0.08943576808436221,0.08281302954494238,0.001519315213571979
IL_4032940,0.06863096285782816,0.7829778086341932,0.0018989062102907467,0.04715153845147455,0.0015036713084133286,0.0019206340745889375,0.0003238682616120655,0.01546716509722542,0.02545787654932432,0.05346877363999068,0.0011987949150585632
IL_4048093,0.039451697098265494,0.23800843356385123,0.001695221903258358,0.07813879931199133,0.0020432226953782206,0.0016935414387754435,0.00030599098139343724,0.014152325518382906,0.024863715870563873,0.5978287776754014,0.0018182739427382508
IL_4102420,0.1414069449680649,0.4321721460961342,0.004412642977698523,0.09041730695260619,0.002712644760507646,0.0029158968856360353,0.0004818202590349646,0.01701719744764976,0.02880582572938481,0.27651062843486973,0.003146945488413224
IL_4113222,0.026681839184277977,0.10142405012085057,0.001451082688539362,0.5049014046123379,0.0019639902797454864,0.0026645398513612984,0.0003420273039743049,0.019456634657444963,0.03844110556894286,0.3008430468802555,0.0018302788522697832
IL_4121028,0.015235192973987996,0.872433061037746,0.0017211120506930944,0.05227795604180567,0.0012292323094043663,0.0015499640385437529,0.00032653610472190806,0.011514318216779415,0.017473110911865583,0.024705916362190206,0.001533599952262051
IL_4137970,0.0326840664722782,0.40755557240959833,0.0016630861461202657,0.19024568775784434,0.0021678831464817306,0.001866532004238978,0.0004443083423933727,0.01749493297783717,0.025406865262074373,0.3181934581866679,0.002277607294465282
IL_4183780,0.011986013621509053,0.8497124178066016,0.0009889626568005178,0.07994957607857368,0.0013845991492102137,0.002288043018800067,0.0002483907610880588,0.010174545340400545,0.013226289995942216,0.028181856704457265,0.0018593048666167983
IL_4205103,0.017804312913812605,0.8041156550998199,0.0009729771568051002,0.03843995056106678,0.0011371203369907811,0.0012744123443670105,0.0002847766276739341,0.00970005659553636,0.013600124408915275,0.11158476214507665,0.001085851809935776
IL_4212360,0.010087430472658674,0.8735531600923809,0.0013213854410584424,0.076832545974442,0.001179008033616802,0.0019593746132656386,0.00021666573504674122,0.0075337988474024585,0.014678132889377991,0.011245947533836124,0.00139255036691416
IL_4217178,0.017888477674832103,0.9004942941483223,0.0009743920762874502,0.027528127458667485,0.0017441841161278866,0.0008701484050899105,0.00020304726129350559,0.010468724800486438,0.02290704083510787,0.01609833740970737,0.0008232258140777843
IL_4273134,0.023256874500726082,0.460038498770215,0.0014864030554268682,0.044768035328057565,0.0015167265798422956,0.0011994715395853691,0.0007489043754797189,0.013909688642969709,0.01751122827695671,0.4343733278124659,0.0011908411182747019
IL_4304678,0.07765392584014928,0.4635243531935874,0.002079014661152049,0.031031713616936393,0.0037873696760839662,0.002417633556099573,0.0003330422731731705,0.018410198841754016,0.02142705819550922,0.3765124716910492,0.0028232184545057184
IL_4365221,0.02217927375615082,0.8990313611426786,0.0010394801372820815,0.029703856923723647,0.001283110431626381,0.0010345405588932642,0.00018557484460802323,0.010690500499112241,0.01837411138771337,0.015758301481193143,0.0007198888370184391
IL_4377002,0.033393623188793346,0.12432052783461167,0.0026947314912981464,0.1037127841862042,0.0016573125487970373,0.003040585083345339,0.000579492152177393,0.022735787972501118,0.023209692957654907,0.6831248752821564,0.001530587302460434
IL_4378654,0.031575762390764144,0.7962426854936965,0.0013248971090469425,0.10934292145308673,0.0014862966016579164,0.0020062962190390407,0.0002872072584222287,0.010814411573356475,0.018365488089444167,0.026743098317418473,0.0018109354940674947
IL_4383984,0.04434168567312845,0.17050257564313126,0.00569572476582078,0.31405647615683335,0.006625235524890829,0.011911391599431664,0.0008209658482926476,0.22353178542772534,0.19575456196031027,0.02089082850999887,0.0058687688904364085
IL_4392618,0.05737314179359215,0.2989914591706363,0.0016571456658243866,0.08351245630079664,0.009837913222006483,0.007094270352415176,0.0005761569136040787,0.013816135841680382,0.02019120295914518,0.5052486085373487,0.0017015092429505984
IL_4393410,0.04234896183547503,0.5991404195373827,0.028997840744813486,0.04424090144469554,0.0031081281799042806,0.02165157974002943,0.0005303674232817954,0.015002288261847857,0.044906760410090514,0.1976272030080809,0.00244554941439845
IL_4404293,0.29550207502626746,0.21770523103436717,0.004278500545772791,0.10365679641609866,0.0017122073367705911,0.002442301209321887,0.0004369602954820371,0.027957855928158512,0.02239549422911118,0.3223679009598324,0.0015446770188173359
IL_4407167,0.029075694821778575,0.5406577590187422,0.001027089393689759,0.08333924620542102,0.0012172892329814428,0.001295454295265397,0.00022947002175907502,0.009084451678635837,0.01730001633532908,0.31398888729989016,0.002784641696507481
IL_4418818,0.013756987242287971,0.836203514749934,0.0013730439525648877,0.09077441225447609,0.0018261756396779397,0.001480089080333934,0.000602726633169426,0.022756806277985375,0.015249283568884761,0.014845462914727318,0.001131497685958346
IL_4429583,0.010788109689087475,0.18617953921228464,0.002138691047596283,0.049815369953352534,0.008100077370551085,0.0016466569989603019,0.0010910447428357868,0.6767953865300254,0.04555294028167759,0.014018879306061174,0.0038733048675677374
IL_4447995,0.07677016735322775,0.4615360493672269,0.001703693707292164,0.19952267515534944,0.003104610689020371,0.001931270762525996,0.00037983279355086616,0.017873604964024074,0.17116978667402022,0.06450706626258934,0.0015012422711728505
IL_4474915,0.017065186212284922,0.20407900236132404,0.0010336198562098933,0.07714239587014787,0.0016686444210854182,0.0011083492169510166,0.00025084368493450657,0.01221951525026704,0.013892377466392547,0.6700627707982494,0.0014772948621534505
IL_4556052,0.0358616203969442,0.08615221794952584,0.0007607400474226268,0.06194278418829852,0.0010373292680618989,0.0010833726182178888,0.0002865719000806425,0.006782337726831452,0.011317329697963474,0.7939641667307691,0.0008115294758843392
IL_4629710,0.015136922282074044,0.8833796284826149,0.0016662177833256032,0.03930918953937098,0.002136279958893357,0.0023529685491705966,0.0002651636308251054,0.009963804689260818,0.017792701803596617,0.025648315148514983,0.002348808132352743
IL_4631015,0.028844797790123528,0.07787842647737657,0.0035525598709196925,0.06727673185796891,0.0016302452034311033,0.002242488547157944,0.000357211528643493,0.7493759296967981,0.05667663990154578,0.010825692107901226,0.0013392770181335984
IL_4632594,0.0030450980308730094,0.020394072525923103,0.0010054341419916577,0.007844554679882883,0.0006321221464564806,0.0005365114350671423,0.00012820864956326707,0.04534770840377964,0.9164340601574856,0.0040848495692309555,0.0005473802597461199
IL_4640947,0.18281492669064484,0.4750653034851321,0.023546640279447615,0.1099552341185469,0.00876694217627539,0.005442576038958035,0.0007471198894280621,0.02478869603917579,0.07277196014772061,0.09183895346959306,0.0042616476650777
IL_4652828,0.03342917433984509,0.8035558150795614,0.0015457557309361324,0.05425660549907734,0.008195513106534796,0.0015752122069131978,0.0005799784871747577,0.022944946519052156,0.035690305266219184,0.03672741578644575,0.0014992779782400578
IL_4673376,0.005891555144302898,0.04401164260695214,0.004611803883403469,0.017867036746435663,0.002239053233241459,0.000918024377683007,0.001822413330808219,0.11333085205298082,0.7984924047745026,0.009096998582581214,0.001718215267108565
IL_4698973,0.033431465135310076,0.8671050518411647,0.0008291507319955769,0.04879026276404182,0.0008937047361767391,0.0008188105771148425,0.00018640244373526973,0.007213289145220694,0.010819149614444846,0.029102954860955172,0.000809758149840266
IL_4703518,0.02812041431507856,0.8072345854786979,0.003146806291927668,0.10001463762008447,0.003399124386221087,0.002009248399600598,0.0003351955919104841,0.013464603638569599,0.021683814962061017,0.018463333025987714,0.002128236289860983
IL_4708155,0.02415313745669654,0.0849663844136307,0.006848053545241838,0.0631386748727144,0.014143489727697894,0.026873174096807843,0.0005072259978792627,0.2584519333886922,0.5019604539631582,0.015790457243559614,0.0031670152939214115
IL_4733323,0.07040617717279404,0.7409204181188611,0.00230139098530188,0.09207012739591869,0.002129807645429823,0.0022258925047928925,0.00043953630381572353,0.010767427298372606,0.01729978230056345,0.06011860809313639,0.0013208321810132778
IL_4738780,0.026061328924122433,0.7632511509970468,0.01030516096755935,0.04815289945376665,0.00664425827860388,0.012742203939492165,0.0009367091085464253,0.057548110188469594,0.03411580418851925,0.03657064012614929,0.0036717338277242042
IL_4747648,0.010459696719698357,0.8629903958340517,0.0009525937262416374,0.07490710433646684,0.0013203221047855514,0.0011638489073046686,0.00021140911350407042,0.008747874697101345,0.012727458876529523,0.02420200132702993,0.002317294357286362
IL_4761308,0.04512051123231988,0.7572172479523391,0.0013567976775757937,0.046604765310854224,0.001702227998418367,0.0015821228669538891,0.00031224251350630324,0.010697144397254131,0.017055529134774778,0.11604861114284457,0.0023027997731589547
IL_4787245,0.0587515647137825,0.3068100072709074,0.001326285924046396,0.14986232637771796,0.0015293163529400188,0.0015878588100833575,0.0003969545706253568,0.011742305453341682,0.020721116665706845,0.4456689007391001,0.001603363121748396
IL_4796202,0.01000529404813429,0.9187243581719445,0.0007004787108767275,0.03899033945433139,0.0013278653194313853,0.0009417363190496707,0.00014579182053954247,0.00780522835387819,0.010273720803124421,0.010455882134926256,0.0006293048637636043
IL_4805993,0.00480973654359018,0.9373134120813635,0.0007436589255390329,0.0223893146529273,0.0013374788254789415,0.000729109841965432,0.00017049254793077183,0.005479409439713052,0.010928268112593452,0.015120254134169266,0.0009788648947291845
IL_4840188,0.01515635260429496,0.8814597733841975,0.0008384264248928997,0.03833061485736643,0.00283315807240101,0.0010609137206099232,0.0002045708553177802,0.007072771964992727,0.011449565004870727,0.04070451616042871,0.0008893369506273817
IL_4848599,0.011017789381881256,0.8663550073970017,0.00107538494872408,0.07847261280369856,0.0017549007727002523,0.0029761346355516374,0.00035277869833106435,0.013047023633533123,0.011896639906556301,0.01221142613039652,0.0008403016916256344
IL_4848977,0.062200554055794145,0.8024565062654287,0.002152646437324011,0.06378326367654517,0.0013636357639313617,0.0046661337401067505,0.00024883601417631225,0.012773713035534602,0.013473569516701079,0.03509174016724743,0.0017894013272104436
IL_4907451,0.0789724835449643,0.1850604537433627,0.0009793649068882341,0.07791023225169662,0.0012771812147172146,0.0012018698112317323,0.0002469508612997479,0.008870444093277276,0.014004356400332575,0.630385354561128,0.001091308611101775
IL_4912944,0.06546478586009953,0.581259392061394,0.014072257398903141,0.06699931047936988,0.00364705919816092,0.007747129025978072,0.0006593100962313122,0.021881480460320513,0.03748736837792905,0.19708649644181103,0.003695410599802544
IL_4926820,0.00945530727318796,0.1011361056336359,0.00357444209705329,0.13024238161202278,0.0022664081890118527,0.001493707269078417,0.00042194075572485877,0.5449942711214454,0.1869683231271238,0.01403843665495385,0.005408676266762041
IL_4928787,0.02615458386040222,0.8255269647368837,0.0009536704849371054,0.09299947355085393,0.0056494059520591205,0.0009739930769157106,0.0003018634329669549,0.01746201762772418,0.016614752309936566,0.012245248277086535,0.0011180266902338972
IL_4936385,0.2327016165523236,0.12049070674225897,0.0035643102552083087,0.3434481134508808,0.002036721939249121,0.0025469052032098096,0.00046801590175511466,0.2516118530198484,0.02935436888523261,0.01227165848905653,0.0015057295609767676
IL_4942231,0.34310571189441186,0.17420142973322986,0.002057060043540171,0.1999106383836407,0.004568741304026399,0.0035424656093730324,0.00038423354028231,0.01726747019679919,0.03340590908833758,0.21992054415052137,0.001635796055837634
IL_4953244,0.03903692863211458,0.8620532147859473,0.0010201803262096898,0.025358632467854414,0.0011799973829158118,0.0010078683198480132,0.00022576760764706755,0.007957015726273166,0.01279470259837914,0.048236430498725794,0.00112926165408499
IL_4955020,0.1253632544381757,0.521981173480521,0.002429760295785936,0.11262837399609961,0.005194953606654108,0.004852871538365704,0.000561548088343321,0.026616858574709978,0.035217431166357144,0.16304107092366193,0.002112703891325633
IL_4964046,0.16293571026601683,0.31286691742529366,0.0012977940250991635,0.07279168894850789,0.0017645218806465394,0.002141417906721299,0.0003802889789113314,0.01610283444775883,0.020590182917585208,0.40743216628828127,0.0016964769151780086
IL_4983934,0.029532048826227657,0.7754748283229176,0.0016373622833620073,0.0446618611706591,0.00249267014021187,0.0020264155759802515,0.00030980799419833244,0.022344891159356683,0.06658070442969277,0.05238516221058028,0.0025542478868133206
IL_4994761,0.10722178917593007,0.28836367228558996,0.004876332253754524,0.22952692822366375,0.003718755133420766,0.0021329822161586234,0.0006372222350186773,0.2696808199825557,0.07442076963416729,0.017418348424263444,0.0020023804354771953
IL_5016487,0.029050001859299644,0.1280705883525608,0.0019649580376293295,0.6815032065466964,0.0017538147695997106,0.0012769499689759085,0.0004159143744710709,0.09964699095540618,0.034843543859485404,0.020230799893400667,0.0012432313824747528
IL_5018680,0.1077820322889721,0.6533175759134344,0.007755483521659379,0.04935533737841321,0.0032202485505964116,0.006257635259846586,0.00039441042017844503,0.017408739318920403,0.023779438885875043,0.1235914490915351,0.007137649370568909
IL_5117306,0.00641783608475794,0.9212881466866147,0.0008975678467211715,0.03869336207849829,0.0008389802678743805,0.0007673097962592037,0.0001773004998283941,0.007904404353590466,0.013862558504828877,0.008339942035847035,0.0008125918451794475
IL_5136565,0.08380209421817744,0.3308775852465444,0.0011999244917774085,0.07587089354778409,0.0022363047564999397,0.0014135935457047204,0.0003448812937598437,0.010721178237031222,0.01748870149509355,0.4747749262525308,0.0012699169150964696
IL_5150961,0.062248294805724656,0.37264951311746003,0.0015212406864897432,0.08550922624414635,0.001827552960099162,0.002549137984248399,0.0008556450608618431,0.021777845411616457,0.020559262329180036,0.4284308318918655,0.0020714495083078736
IL_5152620,0.03872678660872855,0.5000785787860371,0.002729807711285109,0.21541939208797622,0.00247097928256837,0.0023845936192545495,0.0006147110262561579,0.023832417596140073,0.07228221111335746,0.13686880462202605,0.0045917175463704475
IL_5171099,0.00562662751530689,0.9463466392132545,0.0008220216431772847,0.011691749936218484,0.0007828882311104725,0.0007715157755218079,0.00012975000258970323,0.005059462970861066,0.014435915998883341,0.013610620175119263,0.0007228085379571077
IL_5172506,0.03816808598296117,0.15663505771139408,0.004464564876391884,0.08935782833488831,0.008364056210592214,0.0020974129564737464,0.0005493589813142064,0.5918800043874216,0.08821267972242232,0.01679108890933927,0.0034798619268011574
IL_5188190,0.06253965595699273,0.47881239855897584,0.0018588238608699995,0.0850760534720835,0.0036174814396479674,0.0029898261161199133,0.00045870381301756026,0.020536310039848404,0.11656350956137725,0.2132259026070197,0.014321334574047218
IL_5192693,0.022742863785429255,0.44401231132441715,0.0012152262976965148,0.08619934341904334,0.0015187346439237781,0.0012570368307886592,0.0002930868623835646,0.012550450629099971,0.02888719998244953,0.4000363850112006,0.0012873612135676196
IL_5195971,0.016804671567095364,0.7803357285637016,0.0017338773698371598,0.08749661948730192,0.003681807775285642,0.0021974084425096935,0.00032045227180783106,0.014685553047519138,0.06775819971903177,0.022777431070271453,0.0022082506856383414
IL_5199215,0.015767968648472644,0.05516817666566,0.0027038805450729257,0.15345578906417207,0.002054239666689877,0.002128958482638823,0.0003718861900621768,0.7089663241464123,0.04866901884692729,0.008983739454160833,0.0017300182897310571
IL_5202722,0.07592780547750325,0.11387904546733985,0.013064548951832044,0.5027836410118058,0.003066208565732068,0.0016505383899891313,0.0005707021199721859,0.17877285619934863,0.09536212685491154,0.013253651908035876,0.0016688750535297256
IL_5227274,0.04754003877916749,0.6265178763310446,0.0016434036631912331,0.16313201275671108,0.00460939366148469,0.0017639550377389795,0.0009497490269313982,0.02586846466619676,0.03166298287490615,0.09467193958252261,0.001640183620105071
IL_5227787,0.034629254839923115,0.8158225333606182,0.0013742374630454188,0.06620727716127815,0.0022499406370002583,0.001329789593153476,0.0002880903119356941,0.009935996110895962,0.021888854338360214,0.04444704451043317,0.001826981673356205
IL_5242598,0.22061061119428232,0.4299263873217864,0.002779050744916131,0.13409188737112643,0.0023621033334539493,0.005822811786047552,0.00038723444470641554,0.022157232702762777,0.05424416116254463,0.12393261129820993,0.00368590864016361
IL_5308378,0.016319667699975855,0.06894549477281454,0.009644001743676262,0.21918639326146538,0.01595123710543048,0.010404651356046669,0.0006728695179810971,0.15326753472580873,0.4887247805144733,0.013649869351687997,0.0032334999506396208
IL_5330356,0.009194858010081177,0.7403018791071256,0.0016784305366197064,0.07634229544966957,0.00481342089693253,0.004058476802940538,0.0003082780587473316,0.08373393885349509,0.06292173554366295,0.013296806937305648,0.003349879803419981
IL_5334240,0.021203892060377923,0.4587016501609775,0.0027489229991635,0.14658854878269564,0.005867156584605163,0.006621971749142597,0.0038112886077826674,0.0753307667944683,0.21374981130734752,0.019037177310951784,0.04633881364248739
IL_5360549,0.25638839022303667,0.1513613936821533,0.001628455825413497,0.10207596388394577,0.0018616619687382926,0.0039532994406007585,0.000450873722889388,0.013824129442490781,0.024767834153846615,0.44198060335335043,0.0017073943035344325
IL_5383665,0.10677422185356514,0.3484518918892134,0.0013597893554918002,0.2609334348851961,0.003493309908015382,0.001938178771276748,0.00034965293714854984,0.012743098063148547,0.028548874160235944,0.23339003083025658,0.002017517346451802
IL_5417792,0.00550171563647841,0.039449110962110574,0.006520654389177449,0.023007993651652115,0.002149431163959324,0.0015447594101584473,0.00039669257624216903,0.054235319418799374,0.8579750266504405,0.007293171745688101,0.0019261243952936142
IL_5419157,0.03735367413667684,0.7616019601112829,0.0017126759016908267,0.038894803231974966,0.005157400765096338,0.002194269774884861,0.0002856996355533522,0.03848185203794903,0.0861637677609876,0.023499699464117743,0.004654197179785526
IL_5461503,0.061299326760416536,0.4206679124816286,0.004886551083744216,0.07766291196581335,0.004356308994685867,0.004257886268649507,0.0007773370812937512,0.0283125035159165,0.023542026569931065,0.3701413140377118,0.004095921240208956
IL_5484022,0.06278140746105126,0.512102349663037,0.0014810698300097296,0.028708977844388826,0.0061617409256799665,0.0028486737705728515,0.0003907070408844082,0.01276918671920468,0.017077394022084764,0.3541362907016341,0.0015422020214525122
IL_5489843,0.011085738348817976,0.8790527169495914,0.0010665328293393962,0.033132925919528974,0.0015791328453958662,0.001255865786597008,0.0002706861075966149,0.009710442596351941,0.014426181419498758,0.04567658571790014,0.002743191479381961
IL_5493219,0.24269060744795595,0.27537082878467795,0.001340408939721024,0.06291368921401942,0.001519959992639344,0.0014783039072889643,0.0002996770024644042,0.009709541336147296,0.015219031039121266,0.3879993954847052,0.001458556851259154
IL_5512024,0.04803519924469821,0.26002157402466797,0.0016107426789238207,0.12414929186884377,0.009813245611538214,0.0032098111218319602,0.0005171331254049836,0.014815249240305474,0.02204002811601331,0.5139348358296165,0.0018528891381558207
IL_5545711,0.06320811842102733,0.09704939959199743,0.0030549819815196434,0.4613280602092774,0.003227884725588703,0.0021013862640289816,0.0005526541141915299,0.23006774678503733,0.1204212645435091,0.016403675281620303,0.0025848280822022666
IL_5552679,0.09153481467910696,0.4507524307058056,0.003148820849576914,0.09508490925566518,0.005352878490281435,0.0020321813177315486,0.00041469199376838086,0.013243877594184172,0.023381821068312655,0.3130401948730389,0.0020133791725283484
IL_5562172,0.09614547923738095,0.6762953527621639,0.0020502194546326577,0.06452604674266205,0.0017523876502052664,0.001608829007761415,0.00038700936888755164,0.01426090361833254,0.020308918432437564,0.12087729175070111,0.001787561974835004
IL_5584877,0.09431169469238977,0.3743873674435779,0.04918101538811963,0.12620989010871478,0.004478536586726392,0.004625520443168277,0.0016195408346179516,0.18756774417327843,0.13242753595529297,0.017845213657433537,0.007345940716680331
IL_5603161,0.20059135097291642,0.19080998330254983,0.0026550105118924717,0.35935485282925234,0.010379971749620513,0.0017395501573872125,0.00063612825313126,0.061698204825883673,0.15327585243845468,0.016615898570584087,0.0022431963883274087
IL_5609972,0.21126646609257776,0.1624621555792558,0.001983983649955083,0.36651269762561056,0.001990272934453495,0.0017768121355403515,0.000631038039481591,0.028419642276989773,0.027316121175741705,0.1958084148004245,0.0018323956899694042
IL_5632066,0.014541082151522703,0.11936994419147749,0.003471652028297888,0.033315278041846905,0.03742921207610638,0.002574739761128342,0.0005990884691023938,0.05298435806144377,0.686677835786396,0.014067965051745027,0.034968844380933235
IL_5671982,0.031229133247978685,0.8271262330872265,0.00113934351633185,0.09498801146957217,0.0011548647389824258,0.0063716731295591226,0.00019713378852698624,0.011466693699534668,0.011233328840558894,0.014210388372173609,0.0008831961095550311
IL_5695938,0.023550618482368727,0.6463468874090029,0.004357990586023359,0.1339450130981758,0.06386820563674393,0.008430727360268,0.0007742771133009753,0.018755827714126504,0.07188840365222765,0.026480544277179312,0.0016015046705826796
IL_5698172,0.02183986904707767,0.7619773535767769,0.004257286130194493,0.070240469879711,0.005527042973154749,0.018736588922037275,0.002516793689786726,0.04207210841019399,0.024305517576685164,0.04434038495964031,0.004186584834741579
IL_5712655,0.2099823072808136,0.19340670988992048,0.002771814669605104,0.21202321966275167,0.007543108561804959,0.0019789192876264405,0.00038651163633293266,0.019088687929584115,0.12523442291212336,0.22546313964756023,0.0021211585218769784
IL_5746899,0.0648943016199332,0.41490529086419786,0.0017540301293779074,0.09945235540564515,0.0020323906142272114,0.001907604082962972,0.0005817201984890433,0.0237588739958953,0.027058514538994757,0.3618305952778636,0.0018243232724130466
IL_5770284,0.00543140645498945,0.018542820356494263,0.0005754005060483308,0.01659457758970841,0.0006302698642637709,0.0007794499785442787,0.0001332163772152832,0.01380960675321138,0.938973976185919,0.003586006333032439,0.0009432696005731869
IL_5841112,0.0042016726910235145,0.01776947308982896,0.000414938631686534,0.013796313739433219,0.0009076975150188837,0.0005265835387239645,0.00014724001083529155,0.007875509896646538,0.9501833201675475,0.0035896777947287376,0.0005875729245268155
IL_5873278,0.05591572809926139,0.7008891933566677,0.004642710710659875,0.05903043792145731,0.008008563342623278,0.00233688573656667,0.0015987918080812252,0.02310902953719168,0.03004998903423373,0.11237623905349575,0.002042431399761413
IL_5886154,0.15435759050584613,0.08254982693821973,0.00710592643008884,0.5810582635977997,0.0019182162100396683,0.0015577645106153446,0.00043919030649414983,0.09265953083915394,0.06635237791428449,0.01085046973085137,0.001150843016606721
IL_5891440,0.039121945346012606,0.4432200515825449,0.0022816526170641137,0.28255975777010667,0.003110396256618321,0.002447296113088216,0.0005770660508727816,0.020522904533264087,0.029692217325453546,0.17355064276586235,0.0029160696391123575
IL_5907718,0.026414074926153983,0.2127796548436739,0.0008769514388064354,0.021554199796266348,0.0010939246587789544,0.0012541635045341245,0.00022453296280754324,0.012423938886349559,0.012882815657438169,0.7094668036011704,0.001028939724020624
IL_5913331,0.15584832346803787,0.6051622901409439,0.01054014217866284,0.04020194139675253,0.0021840695177718773,0.03772935594063004,0.00040562487304527685,0.021634028132729986,0.05327825266693212,0.06262809427417602,0.010387877410317646
IL_5917748,0.017916101505926985,0.9074427492320456,0.0008693994252291948,0.020084148686526963,0.0008959962580590451,0.0010579175134924027,0.0002506351006804389,0.0067693454334053806,0.011552400451105616,0.03220549253138256,0.0009558138621456837
IL_5924119,0.003765463170823443,0.018207652647792706,0.0005847435806948312,0.008528051791989287,0.0006259920732464425,0.0011859920771270663,0.00012802210272599477,0.016121002047446688,0.9463589849808292,0.0037462275103227346,0.0007478680170015147
IL_5926691,0.017272177081139928,0.06984278059946343,0.0016958129180835438,0.07936404213636324,0.0027345052199332738,0.0015346656740062878,0.0005025537513189851,0.269470808340888,0.5435020720867713,0.012417976060307097,0.001662606131724888
IL_5932158,0.10699408298610422,0.49094851478603374,0.011508364582066388,0.14851417233130815,0.005559931098648265,0.012099805896968782,0.0008241830681646648,0.019391698728672514,0.0738256157427538,0.12747598739541516,0.002857643383864312
IL_5978307,0.016315752599400504,0.3069609864249052,0.0036610590001636516,0.07799044159459284,0.010307380606967913,0.008830321174560458,0.0012729809927166159,0.11455017653398251,0.4315757799614409,0.025203269080015172,0.0033318520312541388
IL_6000978,0.023909137031973397,0.7108258169311492,0.002523510130732628,0.1971312125660979,0.003031496207538204,0.003334705981022389,0.0005808485382829577,0.01686909930939942,0.01988582275513545,0.02028700724693208,0.0016213433017364135
IL_6012528,0.025549543184232505,0.5271448171496571,0.0010782960496511828,0.04321517810241255,0.0019617480463836406,0.001410502384450067,0.000466132365436571,0.016415471265446846,0.016824771408795534,0.36443645160518157,0.001497088438352525
IL_6031916,0.032350062940618714,0.5928462459405839,0.004640554030449334,0.11081465793007769,0.00762642390830118,0.03683039585820479,0.000489506368641182,0.05061345760120693,0.08425281073738294,0.06614379016322178,0.013392094521311553
IL_6046824,0.02896392806133736,0.6248799962732817,0.005414986297233568,0.08118708498367229,0.0020722745353503784,0.001947720167538559,0.05964781678273448,0.03369870682430125,0.02458057966997345,0.1342353361921238,0.003371570212453192
IL_6051806,0.021021350347637583,0.3687904626695762,0.0049737313412210596,0.12552393957221622,0.001935451975770065,0.0019185958208112197,0.0005682061584133492,0.42796866172325077,0.0334759445425511,0.012016545698184694,0.0018071101503678274
IL_6066131,0.06781388779526841,0.7508334846278257,0.0011219767531430065,0.031661034021524065,0.0015422907975213493,0.0012320095738130475,0.00027222523369166635,0.011158879464681578,0.01577728845245952,0.1173834950320437,0.0012034282480279485
IL_6070882,0.12194009565579843,0.30664272629410905,0.001681488874018656,0.10063516445536952,0.003013354748889189,0.002922956101554101,0.000471829496782011,0.01469672747628514,0.030214228311501983,0.4157816996343009,0.0019997289513910155
IL_6075447,0.04557140403902244,0.7030793842246932,0.0024895106019509608,0.11100956089996311,0.002039363675428181,0.0031145999680694874,0.00041174800585223284,0.015169468342691173,0.031857939803953024,0.08316829009620673,0.0020887303421694386
IL_6099493,0.011831180017144189,0.9141536851014314,0.0011631260633346758,0.03514865132018381,0.0013810929123201279,0.0009105577862295073,0.0008382542863382173,0.011417632346623472,0.013111922036862407,0.008602110427550828,0.0014417877019814232
IL_6099858,0.016994055407694532,0.8128410066543387,0.0010097932407135556,0.0676437270533416,0.001174452453473399,0.002956869631777926,0.00023548943840840782,0.022838076356202146,0.012817613054985515,0.060087718334879574,0.0014011983741847383
IL_6129083,0.011726805790681053,0.12410765485275778,0.020278945633764256,0.09509868466396343,0.0365381762221254,0.006563132171975105,0.00066872063877896,0.0735088486961851,0.583847211480491,0.02263560738788603,0.02502621246139182
IL_6163594,0.10803009350794071,0.4032920076804508,0.0019711447594462366,0.19030213398405724,0.01052699915173096,0.002938007151969149,0.0005142302623544614,0.016533045902486474,0.031715045718598664,0.23219672143980988,0.001980570441155473
IL_6164735,0.035769475094901054,0.28855123650649295,0.0020266395769097468,0.27532432446183175,0.005881933121023141,0.004415193620650354,0.0005361951191560864,0.04238553635993527,0.10557742691357674,0.2368047196271252,0.0027273195983977348
IL_6191818,0.019691516291315256,0.14828423001308563,0.004390464706805962,0.13899359968038272,0.0014107073836299071,0.008098227562397378,0.0003329144193288212,0.01960162389534852,0.01807436701733212,0.6394135319147288,0.001708817115644906
IL_6197538,0.060140784461909985,0.507156704536301,0.008257814068215193,0.13149827635512445,0.0029709996878033527,0.002892624627434162,0.00260207712179477,0.11946569908268917,0.10290047672881227,0.059291998968196744,0.0028225443617188976
IL_6214063,0.252382096948847,0.4256434097411854,0.0016096382383020012,0.09420426666271595,0.0025223503105947114,0.0031380915001567133,0.0004147861780968695,0.013291717618833285,0.021951978234778107,0.18317400416782254,0.0016676603986674008
IL_6247837,0.05710604356378066,0.7608371331025321,0.002023878887480983,0.04959065259646273,0.0028649405783359025,0.0033476696517523432,0.0002987079675730724,0.015168386490373541,0.0708268069591148,0.03454277266724861,0.0033930075353452802
IL_6254530,0.018326095218797408,0.43891226212796225,0.0023182206654835335,0.09387052500060408,0.006680946816832888,0.0036628593558648455,0.0018452284656392452,0.15596897070053664,0.25554307448275043,0.02044248034925488,0.002429336816273766
IL_6298296,0.07341658396382167,0.7293766652938292,0.01982255761405962,0.05079267337385003,0.0025792921358374554,0.032261443735200346,0.00035631977568513387,0.020348440361677607,0.038752293984045956,0.027336849111020006,0.0049568806509728775
IL_6311333,0.013310097973250489,0.7993315544659911,0.000888023070326143,0.02892123553436182,0.002042723831960847,0.0011624505011775445,0.00022027282528281218,0.007303101394392544,0.011388334710196207,0.13427485086621077,0.0011573548268496137
IL_6364048,0.03264806478749266,0.7707748791723357,0.009292662541302225,0.047831557075477676,0.005208212568293676,0.03033853062588757,0.00045165992362237637,0.026053247646511714,0.038784394383361884,0.03280517638576346,0.005811614889951049
IL_6375582,0.019642776356778087,0.7767620198831835,0.0017127406066843706,0.1331440746123596,0.004174315739331776,0.003461170846821578,0.0006611244720196235,0.01160906701047858,0.021006173852675412,0.02507732809761439,0.0027492085220527755
IL_6379178,0.021951363631106263,0.2992475444736606,0.0016941187956691028,0.38691295439226575,0.0023169710284380238,0.001759937485990785,0.0006001863294425275,0.09084445373982315,0.17561422002353616,0.017478834090807884,0.0015794160092598617
IL_6379354,0.268938107235456,0.22443047238135375,0.0029237119829113186,0.4192557003658606,0.0030140290537758524,0.0015812492404662314,0.00033322595113157534,0.017919752298317417,0.03011888415944879,0.03015676254888233,0.0013281047823960517
IL_6430602,0.03376481980560632,0.42168054984699804,0.004089165345792472,0.0561402895105652,0.0024583768133633757,0.002062266314953705,0.0005599169810342018,0.02178046179267617,0.02386527906460336,0.42606378089597297,0.007535093628434207
IL_6444875,0.013457984330213888,0.8224476453839629,0.001460172972544769,0.0837802077929282,0.0015695019211026163,0.0014739082634172718,0.0002728273775142848,0.02734595915783196,0.015532291023454254,0.031008828375530425,0.001650673401499548
IL_6483133,0.010310734052919589,0.0626800874887295,0.0024581353074662653,0.11120674493371216,0.007984289684044224,0.005174097408446439,0.0008160714587208032,0.0853612079503947,0.7032815971401448,0.009454414634697133,0.0012726199407243385
IL_6492206,0.033534462055735764,0.8158548922317017,0.0011164329415351219,0.03748404195646722,0.002717076961756666,0.0015891685824108894,0.00036522106008643495,0.036865021984604375,0.0599823897027585,0.009378905526760479,0.0011123869961829774
IL_6495967,0.09827371344771778,0.47957036117867796,0.003552537497577016,0.12654682268082157,0.006201226455488594,0.02330423064988631,0.0005107474318609389,0.017593881698480508,0.035528439213232704,0.2032293513312049,0.005688688415051819
IL_6516078,0.016647797791369785,0.12999760680375883,0.0014416394173668427,0.1611265314239189,0.001470523479622223,0.0017191124702015984,0.00025498897012504724,0.015469657660473708,0.019523635927162643,0.6507198642396235,0.0016286418163769575
IL_6579859,0.013048043421565705,0.19839853910707572,0.010245499082633933,0.0448266708638109,0.0046878040509515505,0.0020285978042904884,0.0006135030540457609,0.1578491713180328,0.5417856427978945,0.013615831478199909,0.012900697021498637
IL_6580455,0.04160539275331478,0.2796742741105274,0.003275778976145546,0.2567861420801454,0.003693824138837429,0.0022365167224482883,0.0005608047060176556,0.17131487955095076,0.22059418812721632,0.017901798437265942,0.0023564003971303787
IL_6580650,0.0075691170162776504,0.061335895051313594,0.005845176425483968,0.04855099322404742,0.002289555524352578,0.0012757480044716133,0.000353278064881851,0.08464687350306657,0.7771415316316193,0.008930986785362935,0.002060844769122501
IL_6601787,0.05175663004132258,0.7434386880862591,0.0016870243891293183,0.09919451731123977,0.0032817027322949075,0.001956915582749584,0.018236617506010466,0.030237652308207928,0.024001843552287138,0.021724682385667854,0.004483726104831379
IL_6603212,0.12183149363126397,0.12221740180043401,0.007114258730448697,0.3954197126043933,0.00956197416270503,0.014213006398695155,0.0005438745809250909,0.1340479887384402,0.17916122202177093,0.013591490265986416,0.0022975770649372516
IL_6607523,0.019185356351616466,0.6715163271314131,0.004676545069759977,0.031440732855259834,0.0076169835150334125,0.029299275787295416,0.000494170344764228,0.07619436085808173,0.10835213599165028,0.03544361410304776,0.015780497992077622
IL_6614720,0.06274037287514345,0.671792249632852,0.0017689133522689497,0.17087354996160808,0.0020202764314074446,0.0025317524340049916,0.00035199995222368193,0.01927894062631722,0.023864225155116364,0.03637169121622147,0.008406028362836491
IL_6615378,0.030839122317885624,0.6200148730032154,0.0016040133241894824,0.18165100035053952,0.002348527614813584,0.004568918341791522,0.0006751426862459119,0.05513047973185407,0.08550739323431711,0.01600540185535554,0.0016551275397921818
IL_6619207,0.01819634325175701,0.9398133418205069,0.0017958549960524245,0.012815599956039026,0.0007089058792073798,0.0012499248239328776,0.00015478990826190995,0.006770659657958374,0.00798350345810317,0.009947032377961488,0.0005640438702195643
IL_6671454,0.2716721732707113,0.25123630802682917,0.0015780583175151947,0.0883625254674309,0.0016951952042585873,0.0018695420932168672,0.0005725044604881618,0.012756026517515156,0.020889329906703297,0.3478665690819698,0.0015017676533614658
IL_6691109,0.030179592429742344,0.25044796069127234,0.0012109048136229991,0.2417564940280375,0.002260907942819256,0.00978140713816076,0.0002607202452682229,0.018507082518981578,0.014890841643827453,0.4278467023668845,0.0028573861813830067
IL_6705688,0.060853442566456056,0.5639803787579368,0.003010140552114219,0.09975481441094793,0.0021557077916042645,0.00390716749654004,0.00038355277286536866,0.0130427328342894,0.026087344615565076,0.22119182465955,0.0056328935421308375
IL_6720101,0.02367550655338131,0.6890943649666678,0.003554853435535198,0.03180520191789161,0.0020100390913993463,0.0024428013312752005,0.0002581472614646994,0.01957088152017375,0.017373966008989432,0.20864151203930048,0.0015727258739211911
IL_6730800,0.07540389348633347,0.5879401916818853,0.002047245165735709,0.03154264220499629,0.0023541730556422644,0.01328412350475401,0.00032733065699985954,0.01490170182624662,0.02046861273510097,0.24546284532482537,0.0062672403574802055
IL_6785749,0.0513721799119867,0.21503745637918484,0.0013044875905165012,0.36562489534867876,0.001482503432508511,0.002312989189717042,0.00034269614347353673,0.011911138987283949,0.021197538915651865,0.327772032022403,0.0016420820785951384
IL_6799756,0.019769739625519502,0.9081944287778263,0.0008490147924629117,0.030717278208903874,0.001027168521720257,0.0010604145490562974,0.0001865008531312619,0.006168353618187823,0.01043058989387817,0.020829145203484,0.0007673659558297357
IL_6928115,0.04447902218028235,0.134476301650582,0.012310908645350473,0.5774132929097759,0.0026328157699833624,0.004492915352655295,0.0002895610872630433,0.037396386328640625,0.03870649315248176,0.14454276008302275,0.003259542839962489
IL_6943589,0.06383935337894932,0.24012293000527546,0.0034988927468266487,0.101689937212116,0.0019076834533699742,0.002399242581059787,0.00038401623499871,0.016345392927385672,0.02177305475553061,0.5449581729776399,0.0030813237268478306
IL_6964671,0.05633329568859094,0.5048127346196205,0.0013954540310506082,0.0454452234953349,0.013288626206483902,0.0018650807741962664,0.0003037986478737974,0.013213814541924856,0.01711642350417706,0.3434567322188751,0.002768816271871976
IL_7115582,0.021860601676698222,0.5722335010827285,0.005948202531652409,0.09800296656160701,0.07569622188797731,0.06650663720371466,0.011458430497490485,0.06509171658438798,0.060330034722143266,0.020241249976427303,0.0026304372751728977
IL_7148487,0.03702284796523975,0.7707998091683115,0.002164361660896171,0.105747613924284,0.0011280636553603841,0.0017011061243751965,0.00023919015995807583,0.011354500153265798,0.013548635479935027,0.05528819863865691,0.0010056730697171666
IL_7214473,0.011594730071068666,0.7622909525561881,0.002164255829429561,0.14820892988498088,0.006196135728890498,0.005345486480207118,0.0003017463935859402,0.02264408692418353,0.02315514559838587,0.01571158940179186,0.00238694113128792
IL_7218860,0.031248653635927534,0.17610338180677124,0.007484234241612046,0.15118589690758194,0.026002036886071025,0.005208717788378946,0.0019876041934513587,0.306906481183967,0.2555968431754608,0.03546917916457051,0.002806971016207661
IL_7220515,0.013229229042425981,0.8291869682056545,0.001342793095540488,0.08069399883630929,0.003519825767887395,0.0033209096811554176,0.0002909529240505973,0.015549486204113047,0.017190138980399745,0.034047373100133574,0.0016283241623300134
IL_7336116,0.0030355583162820937,0.02012922763641105,0.00048074473687022425,0.009276151300616719,0.0007643760584413193,0.0005288651382996393,0.0001391855688292956,0.04528426945246438,0.9158510597546681,0.004001864198217306,0.0005086978388997983
IL_7352985,0.01481497013784742,0.7830497569844574,0.001354416087946901,0.08095685607439146,0.002633222416430946,0.0011926127912387388,0.0003335306287962187,0.015366514164313394,0.08273348703331754,0.015886971535091735,0.001677662146168151
IL_7359666,0.11604389995377563,0.6955013342134315,0.0012259950622974438,0.10281157893063513,0.0013630130755518833,0.002382224911926828,0.00021580654488038235,0.018729377607090272,0.024930683859747213,0.03583014329983389,0.0009659425408297272
IL_7360646,0.05533080837327529,0.7303287964198492,0.0012583468848251702,0.08652492412239784,0.0019144016475374913,0.0019773252339734823,0.0003280233873445844,0.01654529736654086,0.039775350175180496,0.06302603728772962,0.002990689101346009
IL_7392612,0.052120576535242824,0.7158193041038748,0.0020219017958921027,0.14082981371394787,0.0015678744604835921,0.001761254439470288,0.0006391698972012805,0.015826037012383574,0.02206412883706893,0.04594133078941502,0.0014086084150195894
IL_7432503,0.00623932206192334,0.04139574309659404,0.0010318195189323788,0.05317225282239736,0.023550031226628926,0.0009600836790201075,0.00024399666604315464,0.054337610642387846,0.8099569667658901,0.00758754113778065,0.0015246323824020754
IL_7433595,0.013621702106856457,0.835727925812868,0.0009542411323761999,0.025828097477654,0.005485218251495366,0.00347130670391817,0.00021692533030276021,0.01110751111986688,0.08776346811755137,0.014460654711542205,0.0013629492355685222
IL_7436788,0.2400980675044214,0.43397656538135476,0.003390021714803205,0.06610853552425408,0.002252026446510946,0.012991354938611943,0.0003831929770341583,0.014137438291070895,0.03886359778035014,0.1858198998694286,0.0019792995721598693
IL_7451087,0.08323946608309725,0.37967261253234075,0.002540886938260806,0.2047489753426131,0.0021073567760956312,0.0017506486877102438,0.00040177041584862807,0.019256046537328923,0.02548938996396074,0.2783679241544502,0.002424922568293651
IL_7452804,0.14974738182808886,0.08169822218809589,0.0009123472269217368,0.12271939600683865,0.001133661968493698,0.0009889210773312773,0.0002699853840115039,0.009020721451182722,0.0193237640585575,0.6132801498054975,0.0009054490049806622
IL_7462703,0.011071923464574267,0.9203821235221757,0.0008680213458082192,0.020030786710365695,0.0054034006958519785,0.0009053954755537446,0.00018577734584064308,0.006905266186213774,0.019448450493097482,0.013484848482615969,0.0013140062779024493
IL_7464129,0.0021528508575041514,0.014606973316965553,0.0011227396089464033,0.0076223086351322415,0.0005714419869748072,0.0005836696942304962,0.00010489971568645945,0.018884696518250057,0.9508359229597156,0.0030378672735651077,0.000476629433029076
IL_7475868,0.016890425925456285,0.8675784176030031,0.0014608075701554163,0.05671235977310768,0.001330337670920068,0.004400807459149066,0.0003551345073277953,0.024151981907777828,0.012756615701889637,0.012980533084911624,0.0013825787963016522
IL_7505442,0.17391555743467962,0.4681856620220254,0.0015393110267422439,0.13512150493008443,0.002187094645125614,0.005758575929488222,0.0004016685175084128,0.014480432312065611,0.021890600405354343,0.17477181456933774,0.0017477782075883321
IL_7512996,0.03665969970463262,0.37416563128235947,0.0012319510117268734,0.06245760507513452,0.0015543685163298155,0.0021457657013436594,0.0003172572899375417,0.013165465810283102,0.018691903220436554,0.4883165982346862,0.0012937541531295922
IL_7557824,0.024656113121677425,0.35287992985695216,0.0018150534385004023,0.065249492763144,0.0018600854171357773,0.004322960123099708,0.00033014405099136796,0.02241323846953381,0.01769144220315328,0.5063332019668093,0.0024483385890027723
IL_7559500,0.02212847285009715,0.13791333398005737,0.0032624903373842766,0.13096543239999736,0.004583585149518488,0.0025749872183046347,0.0005766926875375491,0.2793839389619784,0.3995428051095278,0.01711532060682477,0.001952940698772217
IL_7580080,0.012982103410220523,0.08837019900943532,0.004148697854415545,0.05481524218936136,0.15069152743918068,0.0017392209411227573,0.0003795811315066946,0.20847020607884884,0.4664362764057766,0.010363896836824302,0.001603048703307294
IL_7604960,0.05339422083997624,0.8132582739470207,0.0008241883568155866,0.0690227251462406,0.0015321583980613218,0.0013605163409835517,0.00020148124477058546,0.006994098502660362,0.01462849787015607,0.03770632632310933,0.0010775130302056201
IL_7612830,0.01421624820627802,0.9218366100552908,0.0009140491460863218,0.030128324239504668,0.0014353470254160924,0.000961510001766769,0.000183141634794687,0.006901527216417533,0.01088280371631017,0.011719410660897043,0.0008210280972379526
IL_7636226,0.11130032101329498,0.5275792421441344,0.00308122593435791,0.2069183678143629,0.0022755353922777524,0.001934317322611511,0.0012713025079375464,0.08816859871741801,0.040309613116588656,0.01544980394834677,0.0017116720886694815
IL_7640681,0.039646097313094306,0.8071994726612346,0.0008399421612415925,0.01892297536922651,0.0011764153522922259,0.0021434831358637836,0.00024338738641969875,0.0077800845620119505,0.01124676479420066,0.10841010408738705,0.0023912731770276033
IL_7667532,0.04011143786027817,0.6906258978277575,0.0074157545822632984,0.12024856804986386,0.006896367027865235,0.005577403182512112,0.0004515662144949157,0.034159489202975166,0.030981219078484883,0.06037189082358947,0.0031604061499153273
IL_7720827,0.07190643911671588,0.5785630153938672,0.024291832918904556,0.05741825766507028,0.00393475713016609,0.12175248779106664,0.0005255455462654596,0.03966923905624191,0.038045195863795296,0.050731862369358185,0.013161367148548313
IL_7744265,0.020719785343460743,0.6486446827125008,0.013452516176881316,0.11606931429037812,0.015527906715450096,0.017530331902020697,0.0008483927555009426,0.0689543621309604,0.061120728792506296,0.03214990383499806,0.004982075345342625
IL_7750228,0.028173149477469198,0.7795794258616211,0.0018824462260523325,0.05239852194644279,0.004707963643959721,0.0022707852077661355,0.0003260711769188287,0.014175452885799873,0.021049374163044643,0.09196038872203158,0.0034764206888938005
IL_7772384,0.03355038040102183,0.6346447445269224,0.0011900484296507874,0.076228069275996,0.008648214404935687,0.003916710702577292,0.00030620011936532737,0.01758143304282654,0.020208758502070632,0.20138887590534726,0.0023365646892862164
IL_7777526,0.013045968641043066,0.23480879118895542,0.0057213322977813855,0.4534742917169353,0.0031654888015514864,0.0021112790640277516,0.000509084217721108,0.08027247784618882,0.1871572970538005,0.015054424744830736,0.00467956442716423
IL_7780812,0.052600088013266,0.7700416113627412,0.0014343088426281973,0.0739245451439774,0.0024175321648429618,0.0017979328782810442,0.00035989018578195067,0.012289435476100757,0.02156894146572526,0.06208170757746673,0.0014840068891886218
IL_7814962,0.018857950956777947,0.7210818989054175,0.0018349512857047674,0.04338838617258925,0.008972295852965599,0.0029109596536016366,0.0037843419873610385,0.08536476433517919,0.07538755590232066,0.03505662952771924,0.0033602654203631578
IL_7839360,0.014520799365117746,0.6839783929072418,0.0028708150790283486,0.09681633387362325,0.007574313773691768,0.009129564398310138,0.0005061625040115965,0.01656086670938488,0.09339049404541025,0.05717513082034584,0.017477126523834385
IL_7845741,0.051011513473208356,0.7566720903891866,0.0017461111920453465,0.0534331803486724,0.0034259982441877143,0.0020653987020497946,0.00032224003388727645,0.011616999751355097,0.02065268142970847,0.09772773671577473,0.0013260497199242907
IL_7858220,0.03531383112051557,0.9047606750993458,0.0006118206871925142,0.017429388079178407,0.0009567152610245286,0.0013050809057205774,0.00023661040773576133,0.005994654779603658,0.008897009570270372,0.02336489214363268,0.0011293219457801172
IL_7877903,0.04828426735625679,0.041353523235425634,0.0019180705277781975,0.08436249077098082,0.0015753953487631226,0.0019991241599398276,0.00025008756784062204,0.04732513991485235,0.7653881602465104,0.00673096958406968,0.0008127712875825258
IL_7896836,0.09933359347028493,0.6840418498154655,0.0015476018341516351,0.07486802745051027,0.001362512627231455,0.0019438515853669176,0.0002881865188887693,0.011022908538655571,0.017548112399273064,0.10671783901114935,0.001325516749022643
IL_7914681,0.03386424012420379,0.7626340132289089,0.002592663730423345,0.033583400866550484,0.010143969007365779,0.001471153923218314,0.0004651850756034865,0.01886125643925688,0.021656578380498354,0.10554025523495289,0.009187283989017591
IL_7917684,0.019658819660341935,0.10736563535527063,0.0022276614129141423,0.15389837341114615,0.004127502690414504,0.002368161434894603,0.0006424559924771061,0.5380449900100194,0.15052764978636737,0.018716464510372666,0.002422285735781704
IL_7919145,0.03165175420873444,0.9096609532923294,0.0011646516390597945,0.02190595843198052,0.0009190581054935643,0.002359604678494221,0.0001985567103083401,0.006946267107427481,0.011078526408059033,0.012736851690414708,0.0013778177276985045
IL_7944285,0.04320277378276272,0.0926355441010145,0.0016159693792469824,0.5754406073823114,0.00188865646806104,0.0026064246174783466,0.000268187085212711,0.017661043352025303,0.023733950572027755,0.23979427511912443,0.0011525681407347213
IL_7945525,0.12234143907574713,0.5872442769592507,0.0028139889198073352,0.0668922429774142,0.005442583293396148,0.005775474942707691,0.0004848348277331568,0.02360913551433017,0.026872985876085425,0.15592051723842826,0.002602520375099831
IL_7955621,0.023532701922315165,0.8769470582932141,0.0009485024121098802,0.047646651144535486,0.004185140236616114,0.0016394810598831784,0.00025066141768197994,0.010817138518066538,0.019049639186117184,0.011996713958704636,0.002986311850755835
IL_7983237,0.004910603412031942,0.03961791776859289,0.0020453444479888575,0.017934749939759718,0.0009612298788231933,0.0006288757448345019,0.0002387715805824547,0.04190405721196703,0.8857389371992672,0.004971122750350045,0.0010483900658020242
IL_7988157,0.030692858305947448,0.7042936537495441,0.003027683330183475,0.10653579908224506,0.0027768475376441096,0.008999788869237326,0.0004659715566395003,0.021960762464168178,0.03403652812131662,0.08286492227638269,0.004345184706691419
IL_8041132,0.17826674633224346,0.34847467991516123,0.003608408362979827,0.2098732920892043,0.0024199804560605023,0.0028255593298293314,0.0004600109850583449,0.01892673294876661,0.02805923363531894,0.20448686804331562,0.002598487902061842
IL_8073225,0.019965772940241017,0.1920040193948629,0.0009190898563955998,0.11997307826507234,0.0011883578627578202,0.0011597814942097026,0.000492643552154806,0.009813769857615907,0.015529784650692845,0.6377147528554283,0.0012389492705687528
IL_8136561,0.022352452958185054,0.3673276905948184,0.0016639168674772954,0.026483405303601583,0.009317500258159493,0.0014671602775544737,0.0002817246911198206,0.011221820300460865,0.01979090117031003,0.5347411078011344,0.005352319777178561
IL_8138997,0.020616050935821174,0.8975748717023243,0.001699725687301916,0.033474353052471935,0.003431577090508788,0.0013214549829824536,0.0002679328563019977,0.008828425556815829,0.014652804245845039,0.017094801595550945,0.001038002294075662
IL_8139746,0.0068120632601294424,0.886597374980077,0.0007676656425146507,0.06777969986914992,0.0012303830435728177,0.0009056587918916948,0.00022289084680392839,0.008895337851417998,0.016871265251449306,0.009121509555451048,0.0007961509075422749
IL_8183381,0.31995113067688485,0.5319106368024181,0.001050516621940258,0.04794125169504759,0.0012127693232005772,0.0012586876766749306,0.00026060578576365544,0.008981997716441622,0.018130982118637232,0.06820157011942139,0.0010998514635697713
IL_8191336,0.013448431703652505,0.9033188348813033,0.000679928798713202,0.0391193833506184,0.0018698843135111123,0.001875606883912255,0.00017850867762320312,0.007778530337758163,0.013382538650847915,0.017415031562438864,0.0009333208396211464
IL_8258340,0.014076502729966639,0.09922144252313228,0.0008793892957859233,0.06829412328535434,0.0009129568990350879,0.0011195937334807105,0.00018543018631032122,0.00704859248497198,0.010477319077341275,0.7969863297071345,0.0007983200774870277
IL_8288616,0.24809600290784506,0.11940324124923103,0.005736561146872711,0.31500041620221486,0.0022448987656805437,0.008696319456524052,0.002032927206840872,0.23058525284245718,0.052596486737058246,0.013309518832942714,0.0022983746523327583
IL_8295267,0.11963824151843536,0.7247548753956798,0.0009181058961005549,0.043988694734182626,0.001763752119396375,0.001205413733118042,0.0002739866917331988,0.008318248530330738,0.014312709659983186,0.08364445113751212,0.001181520583528012
IL_8342281,0.022649348303505606,0.9209840546734762,0.000923543181438435,0.012389185116459684,0.005568837168237688,0.0023516102705758895,0.00017906979389593387,0.005949412058414082,0.009496793711675864,0.018857735660809238,0.0006504100615114984
IL_8371338,0.10461303400607709,0.3626893098550974,0.001697598746983606,0.08680885561940971,0.003724819294869043,0.004526711122355004,0.0004262996575242203,0.01614563456794435,0.030201002816495227,0.3874518989655713,0.0017148353476731165
IL_8415316,0.04352063128825225,0.33576588292276766,0.024145190485847026,0.09577817654220781,0.010599683299382934,0.025695457714585174,0.0010400480599430692,0.22633654511700751,0.10517974338175386,0.02535976873938949,0.10657887244886312
IL_8416177,0.019661432287010363,0.20911493033707101,0.005588164108653728,0.2469677418357331,0.005748675670130435,0.005724259511974134,0.0053032131983379175,0.2925434407297043,0.17846864872127666,0.026356818929347263,0.004522674670761103
IL_8416753,0.027998871192903355,0.7660333870501664,0.00421187775765166,0.07524880577507005,0.004549547853461702,0.037074892726526316,0.0004050576332934061,0.023493242182939536,0.020256916739279214,0.03688909850807692,0.0038383025806313807
IL_8449784,0.010956071932952302,0.8698040413618734,0.0030489502502691113,0.06266249704891018,0.0023592868742242754,0.0010231186731099282,0.00021072863097277962,0.017720567757650848,0.01960106302623189,0.01152516935337907,0.0010885050904260727
IL_8456893,0.01422326485584549,0.9276114673615103,0.0005514116064977363,0.019390670597937892,0.0008019008362292819,0.0006589512342044347,0.0001352427845076014,0.00644575710820703,0.008182616130226535,0.02128175217621521,0.0007169653086183613
IL_8510989,0.03491131141537985,0.848001192323955,0.0008307192995594734,0.058574928780092225,0.0012125610243673018,0.0018648850987249316,0.0005387600136975858,0.012970645408618755,0.014556518244693943,0.025590421058875483,0.0009480573320352811
IL_8524892,0.21265493019701984,0.16636725470299626,0.004873512500173137,0.46888953660411076,0.0018010834887139387,0.0035744649487708747,0.0024469561857326317,0.08356745794763004,0.03597200718242031,0.018361726381995094,0.001491069860437224
IL_8562073,0.043516872269273386,0.40770029550648745,0.007563061112973944,0.1202476849374298,0.03371081148179453,0.006043386848535402,0.004148298718415531,0.06744194178868175,0.20609776364475005,0.050748096534114225,0.052781787157543815
IL_8576492,0.02542576218245233,0.09739201082628608,0.001065602086967221,0.40788614541896595,0.0013965474547615775,0.002601772861704672,0.00029578088505937306,0.010169556305142031,0.017653437279648722,0.4347206607399238,0.0013927239590882509
IL_8579370,0.02517681803350758,0.18073258273657114,0.0013524314607134347,0.5714892240003167,0.003032902748718002,0.0019734869598549126,0.0003660970138030389,0.01961818598731065,0.03498732784702072,0.15962224252200768,0.0016487006901761655
IL_8580922,0.049329333178339846,0.7821794643676043,0.0009656507896676123,0.10007205662579134,0.0022964761288066728,0.0012684052896958973,0.00027653206796061496,0.009037493198779516,0.01339410590213204,0.040107973452973164,0.00107250899824918
IL_8587951,0.06563686946975578,0.4033561454813333,0.0032907328186119046,0.2494961476522365,0.002419566371100109,0.0025423053256915023,0.00045024519393544637,0.025805348477432252,0.07663354291351995,0.1665235443799554,0.0038455519164278936
IL_8698362,0.005233179327365313,0.037652795010370055,0.0012559304194242758,0.027907522603345558,0.001379146850382637,0.0009326402789589036,0.0002879367101401316,0.08777898941307484,0.829153756144496,0.0074727015357433715,0.0009454017066988024
IL_8706018,0.06504111080947704,0.7036471136048592,0.003426540572450552,0.044400491245099524,0.004031021033062414,0.012361524392936262,0.00030406201064225776,0.03657636278317056,0.03612221761202783,0.09195375380849388,0.0021358021277806047
IL_8779223,0.046069485503040075,0.5231957572279208,0.0014007945953404609,0.14191544533735057,0.002212589176561151,0.0019595893733988334,0.0004420218544179497,0.015575660960100407,0.030489033005523174,0.2352157611187425,0.0015238618476041146
IL_8807227,0.02744931264962036,0.8854842247464085,0.0007498062589396037,0.03849248346487546,0.0013962594935300362,0.0009525980124148753,0.0001923247746168732,0.007686581413758522,0.013239579732125058,0.023429185708560615,0.0009276437451501381
IL_8864283,0.006009428421553146,0.0273871025957347,0.005133118376147242,0.01387750212608501,0.0018473329773977037,0.0013799451047667838,0.0007815304530654455,0.033234632063646845,0.9023537871810869,0.005997299625069254,0.001998321075446887
IL_8869852,0.024731537319228072,0.765198048409931,0.004237848513172557,0.0612705129706225,0.021490656258882787,0.013808124051900747,0.00045099655512331895,0.02358300594214978,0.027403637945876993,0.05503191735016852,0.002793714682943694
IL_8892064,0.19377510913570883,0.2420274951513629,0.003449841866505642,0.18578631908109128,0.002619498583696893,0.002982501243873399,0.00041305077557118067,0.05837281381842463,0.03521754683848104,0.2709720378319287,0.004383785673355641
IL_8894007,0.013805642400916678,0.05282732075475889,0.0036127001415713735,0.036682440213917054,0.001439951988276151,0.003988347819912457,0.0002385466404516156,0.7273507655977326,0.1474320953239295,0.010858592124304272,0.0017635969942293725
IL_8908749,0.02699750700078967,0.345055760635535,0.001546183118702171,0.23751860549308917,0.0032429072388559825,0.007033412821591411,0.0006976307481786979,0.018399269792662182,0.023679797895569992,0.3337937079662578,0.0020352172887679477
IL_8914785,0.10521777111937446,0.0947416576893159,0.0007796854851012971,0.028180420798087098,0.0009477246388215055,0.0009246333147767639,0.0002119362637481726,0.006825865753602428,0.011983401693653235,0.7493028194273063,0.000884083816212873
IL_8947300,0.020121710520915135,0.7939792184166388,0.002944543551416092,0.07830236758985352,0.0021971218871844242,0.007344340069561973,0.0002645067839812345,0.014319317855796692,0.06297501780828987,0.016353417076828084,0.00119843843953415
IL_8974391,0.07234992509089562,0.42958146526809216,0.016180295475912012,0.06354382446985905,0.004648369734118856,0.014403031315288311,0.000435865838979305,0.03486476823988603,0.030288742769724833,0.31876028705101334,0.014943424746230451
IL_9036064,0.030220944701311866,0.9028586070993545,0.0007788124337816269,0.03276695676321854,0.000914558023866739,0.0008674796604602827,0.0001730770669370834,0.007018225082254066,0.011683379978214031,0.011934395698757393,0.0007835634918438164
IL_9058117,0.01739085291044205,0.8413463494098241,0.0014312675675960211,0.06850757811876627,0.001587942300142058,0.001616144345800812,0.005325805352974323,0.018116457863666113,0.018772034510199685,0.02425183526046059,0.0016537323601278791
IL_9061839,0.10100397727757143,0.4473623526799081,0.001597781761051827,0.1099810904207556,0.003474066119360209,0.0028081755064330825,0.0008958847334844609,0.018769574720854363,0.03427891907475087,0.27668817597184736,0.0031400017339827243
IL_9079153,0.05668483864363768,0.6450340012008738,0.007442799779997195,0.060298920149739185,0.0016966821105162363,0.003223923254367656,0.0008779924076539858,0.04282123185267536,0.06252307814681393,0.10966899909162292,0.00972753336210196
IL_9143254,0.058919547086083685,0.3133537959107777,0.0019906952344623387,0.19880719732845747,0.002417945907353755,0.00257880558364902,0.00045607650749173616,0.015039155745063051,0.02681393639492503,0.3776167962058724,0.0020060480958638224
IL_9155981,0.035587254156643724,0.6875017169427415,0.0014248782845680526,0.14089096962673545,0.001687996426322629,0.002037464616666309,0.0009098468442561095,0.015756623911381093,0.021966692517560393,0.09030075098616547,0.0019358056869592216
IL_9157122,0.07925415908396584,0.6407254786381766,0.0027995052020483983,0.04480663802894368,0.008912540322157105,0.010902755375131634,0.0002852916861163806,0.029095606858666533,0.15994381240432698,0.02183390044609891,0.0014403119543678193
IL_9227624,0.021127307998610834,0.7095284999812286,0.001652257647487958,0.17771162274534713,0.0029740413105774762,0.001845614262056124,0.0003627443965196793,0.01311775796543566,0.037123621301049445,0.03235579367690196,0.0022007387147850166
IL_9237017,0.022512469815677,0.6486234687737806,0.001158655239023257,0.07933049503466819,0.0017495769372552054,0.002388752029421525,0.0002923533543334714,0.014081102884210283,0.015908029316218115,0.2125371898576467,0.0014179067577655324
IL_9273684,0.0121155723839379,0.18379921479784472,0.0050827875099930635,0.1715532557372565,0.0012454826929336675,0.001304259977226696,0.000448009370851351,0.5956345935204299,0.018388591544983783,0.009438124768644932,0.000990107695897395
IL_9311083,0.030648693166562126,0.7902194512443494,0.0012061268020488454,0.05746811773013358,0.007469131770094752,0.001517003449824416,0.00030087112894727167,0.009785503868853282,0.0167856707810892,0.08323215316104506,0.0013672768970519969
IL_9322263,0.012634377918596028,0.3492065463664202,0.0036304893483973272,0.08247678932151711,0.03209351691060653,0.0035305558681460285,0.0005206189784771864,0.09036108305804573,0.33122005625173084,0.01636158954493205,0.07796437643313096
IL_9341332,0.018687744969912816,0.8995826064092355,0.0007897858470162473,0.04278997115177462,0.0011319543550790342,0.0013352880311899443,0.00020821944946745828,0.009704865686157386,0.01225586419127089,0.012682053939979225,0.0008316459689169014
IL_9345649,0.03370546181501572,0.6432969539072867,0.0015082589778426633,0.12568483973061706,0.0021513438467098576,0.0014787897757934047,0.001525366637572129,0.06794745999099208,0.02812972591860525,0.09292516144454123,0.0016466379550239534
IL_9406058,0.027890969249583782,0.13823506747198877,0.0017326649371851768,0.4356310696881328,0.0021637009756613774,0.002163962437061381,0.0004884137164846087,0.01587062614726251,0.02664501727888561,0.3471687559812661,0.0020097521164878776
IL_9407964,0.00667848796431299,0.9194175232248882,0.0007062903838132111,0.034976188781639314,0.0011452372975092667,0.0008966327652696586,0.0001854781529902834,0.006990633111218454,0.010623917207129706,0.017304120829390795,0.0010754902818380912
IL_9409250,0.013448238197732316,0.7625547079520656,0.0012286892459401565,0.09083027029744617,0.0016710036595580866,0.0014492053827006354,0.0003053353429642182,0.010522431913878244,0.018141862296174233,0.09516311890473819,0.004685136806801963
IL_9427286,0.10148706655000916,0.12880108662094603,0.004217474928406806,0.07865203150980724,0.0018237082055790625,0.002021378534983067,0.0003458651586405435,0.04320390231484096,0.02022809612656485,0.6170712931756415,0.0021480968745807476
IL_9436519,0.008679077237844533,0.06909494611385619,0.001576660770601163,0.08607930571403172,0.0019532553158781375,0.0014541815156975482,0.00037713300805574925,0.6589260135632182,0.15798175245385881,0.012514192779064065,0.0013634815278937371
IL_9503512,0.026045420330174065,0.9037529140868147,0.0008520817267668669,0.029605118256159635,0.001728217527238948,0.002350857711461439,0.0001812480676649083,0.008786009117787465,0.010752766246204892,0.014947690322803289,0.00099767660692372
IL_9521484,0.07451019955703979,0.49450532762810473,0.0014590494437153147,0.07835987945048462,0.0020840611708964514,0.0016960336642490325,0.0003949877489402659,0.012779839701696495,0.020851242854186915,0.31173005264702985,0.0016293261336565318
IL_9540224,0.028035218176331485,0.7035811577851848,0.0014486473853412636,0.1628007460762083,0.004949272739408606,0.0018924544349519434,0.0006214776923292949,0.03229903622210316,0.04687862385908817,0.01608253511664684,0.001410830512406289
IL_9561518,0.01500265972574463,0.08683035313347953,0.0008841066934599738,0.07346947222527092,0.000993952472801224,0.0009602302322394981,0.00022824511485651226,0.007286434242199243,0.014464138470356824,0.7987807762355764,0.0010996314540151625
IL_9572511,0.025069756304881764,0.7483817965986042,0.0011469694175666506,0.17823636710650617,0.0016008958508065203,0.0021462368336021592,0.0002486903042162927,0.008814235663024415,0.013659758852110505,0.01960657856823997,0.0010887145004413188
IL_9601760,0.024044716144915775,0.8026837738064232,0.0011746652701677624,0.06422388398989112,0.003273306250420999,0.0016036167151345557,0.0003024002254272616,0.017011915479708973,0.05931317624715225,0.024923432906040308,0.001445112964717853
IL_9615893,0.005916689214971323,0.9465862292789758,0.0008036661061852535,0.017971104422681187,0.0012766889507917689,0.0007882513527879763,0.00012502000625464767,0.004884367392301076,0.007697075666068049,0.013084301309488854,0.0008666062994940212
IL_9620950,0.05164075724889303,0.8361623964011875,0.0009570263840880572,0.02716863178944041,0.0012902183140184004,0.0011354908139414811,0.0002639143243255421,0.008449141954817904,0.01754769100564744,0.0535976901917648,0.0017870415718754446
IL_9623576,0.05431558684718654,0.23750335148835278,0.0074429668566436125,0.2396828209854207,0.002842752700898896,0.0022047802360054777,0.000914950263535364,0.3994355631923514,0.037045028715537116,0.01669365491336532,0.0019185438007028786
IL_9647002,0.012563164539651613,0.8911647111475738,0.0009346416633316195,0.017064648708925424,0.0020336569064246125,0.00494943306461319,0.00021974514800271987,0.008031969300369937,0.012889048551803822,0.04598151080235292,0.00416747016695027
IL_9655170,0.1162974962455599,0.2621140889714558,0.0013470361561038861,0.05180751718371461,0.00237367270477855,0.001364861672098505,0.00031541925501743897,0.011688318405739164,0.017651714393404305,0.5336659160664716,0.0013739589456561127
IL_9669202,0.09388382261775569,0.7222938877279366,0.0016106502746737665,0.06974610109927429,0.0017830218039801321,0.0025806794846827906,0.00038899703460887195,0.014812417853141408,0.04909827554359476,0.04221578274788965,0.0015863638124620912
IL_9675212,0.013109664065724743,0.05049323914412511,0.0011300029856770623,0.024924871667155974,0.001122044346426127,0.0010790897163766187,0.0002207458075749598,0.11826487720028656,0.7807680520870346,0.00688503002070555,0.00200238295891266
IL_9675469,0.04441844023992802,0.22728900256445217,0.005128368759007634,0.15694158894022586,0.0065705066072815205,0.0050661891010625685,0.0003905389412132967,0.04694355397425051,0.028834956212857338,0.4701631706175038,0.008253684042217409
IL_9692632,0.03298656167242758,0.7149287957655412,0.0032299549405315035,0.0920882239190041,0.008923823550524857,0.0022721734819761996,0.0005015808815000076,0.015201560830094859,0.0517862576958668,0.07358462926188791,0.004496438000644828
IL_9693077,0.01334346633543082,0.1385226449775649,0.11244466599202851,0.03989720502264214,0.006454895753770681,0.025299396408420077,0.0012371658092293592,0.1397703223624925,0.40424460275573815,0.019204845964724368,0.09958078861795858
IL_9695113,0.03231996043880467,0.456159358984799,0.0014809113978468662,0.09253279473757152,0.00167069680216417,0.0020151561290907742,0.0009378893753886623,0.020031806745111836,0.024475288986464824,0.3668119713731161,0.0015641650296416092
IL_9696386,0.019487517930706563,0.7953139602422644,0.0017224573362518668,0.10712781632205663,0.0021790654574614958,0.0017253723735575627,0.0003528722714191213,0.01271694212805789,0.029667727542978268,0.0282529795473115,0.001453288847934642
IL_9697828,0.018211795079324414,0.5965731667269175,0.0021571516992811898,0.1946194243981965,0.002306981054187724,0.0015848103728591451,0.0007566246071829966,0.02028284626748013,0.021121402536165696,0.1402637507079661,0.002122046550438659
IL_9702105,0.06134770962627423,0.6840544027064035,0.0014627730696651093,0.12926349804431647,0.004016859608009644,0.0023692937229341854,0.00033112862083034056,0.015328865101017332,0.02869199188720338,0.07161687748199712,0.001516600131348648
IL_9713310,0.029504587989976877,0.1301799151765371,0.0009210515729970799,0.09923409381877368,0.001084254695588829,0.0010218999437491077,0.000234718383207421,0.008215488882057967,0.015009721364035496,0.71362548593802,0.0009687822350564485
IL_9722277,0.010681038145751387,0.07037403891292285,0.004125411042604791,0.05207605957603157,0.005977366916673606,0.0018429247619621669,0.0007987256609375583,0.500765922134857,0.33364283283666846,0.01350661494768139,0.006209065063909103
IL_9728655,0.11264010252100061,0.648523775881905,0.0015142092367603343,0.09589995460392722,0.002303599562830389,0.0020455263142914234,0.0007371764642948675,0.012907971368893061,0.024028758440191925,0.09770417132717638,0.001694754278728727
IL_9747613,0.05572286168812564,0.24068278259322834,0.0016024543966066855,0.131095500252251,0.001671856925449692,0.0014887929671559296,0.00034501009369380465,0.010539068140793433,0.018101840395450552,0.5375767987583011,0.001173033788943796
IL_9776207,0.0093562129377121,0.11291044257355852,0.004043499746245752,0.02929563167711556,0.004834574522203068,0.001779437859589659,0.0003433382815227081,0.05227788200580928,0.7694106978087047,0.010039450639485824,0.005708831948052764
IL_9785286,0.003044608800938506,0.018431326024795698,0.0015890176062448476,0.01742856657035727,0.0009345739363070614,0.000720191194742605,0.00011922020496317793,0.024672269701625994,0.9286717852787403,0.0037994490382041316,0.000588991643080381
IL_9794109,0.003950709288899974,0.02269901699719347,0.0012816864851422382,0.012951126723161299,0.0010063233394578947,0.002179924384452216,0.000166781546883584,0.04378402111461371,0.9068568525344533,0.0043479594337518905,0.0007755981519904836
IL_9810905,0.024740741162685976,0.8412415445448271,0.0019684932584978355,0.05713483264243013,0.0014881648697244176,0.0017810165828957688,0.0004874697218005704,0.014339050032225626,0.018405607500418496,0.03644511847189441,0.0019679612125996105
IL_9831983,0.042394122015757846,0.7744988796599849,0.006716886407028164,0.05366001048143214,0.005959439626928475,0.0021596340723501026,0.000741955145672953,0.026681091337633255,0.05502574638187708,0.030674202910278565,0.0014880319610565463
IL_9896495,0.30064724554454403,0.23618447783203006,0.002860784730671249,0.2786006245347683,0.0021873904183728693,0.0032570663013928415,0.0005893899070308082,0.020769881105088872,0.03154872982179017,0.12156609443110894,0.0017883153732018288
IL_9908692,0.017912156215258542,0.8717930255580217,0.001240715028647436,0.0244027366451348,0.0027618771082368026,0.0017101695422756169,0.0002642358798914682,0.009092738975831295,0.015638016670636662,0.05331755036469445,0.001866778011371082
IL_9914512,0.07652876123593035,0.3684325867407269,0.003039580074511992,0.1795327862952366,0.0019255009104249847,0.0044557864292783566,0.00036149037424558256,0.01499510377049296,0.023304852538741164,0.32500932512435987,0.002414226506051255
IL_9931816,0.06600435654638248,0.1389128883693613,0.005238139241086278,0.20260619534899296,0.002448782384904991,0.0018595644568836392,0.0012031278814479322,0.4687812126032204,0.0949040882853834,0.01572836929534296,0.002313275586993577
IL_9962396,0.018742924269336974,0.21380516032724545,0.001631064951176897,0.3020877843770151,0.0014534739279222738,0.0016284466133801383,0.0002991786712599671,0.016476223524834938,0.016823022590793914,0.4254528675448984,0.0015998532021360137
