lesion_id,AKIEC,BCC,BEN_OTH,BKL,DF,INF,MAL_OTH,MEL,NV,SCCKA,VASC
IL_0006205,0.018949760822579265,0.5876487493515015,0.00042636423313524574,0.03973632538691163,0.00023196701840788592,0.00034141440846724436,0.00015137952323129866,0.0020279820600990206,0.0015740351373096928,0.3484050761908293,0.0005069635117251892
IL_0025400,0.04869910283014178,0.7766229063272476,0.000118442447273992,0.14764516055583954,0.001502671693742741,0.000310862797050504,0.0001667096330493223,0.0034362065489403903,0.0035784068750217557,0.017789542151149362,0.0001299713385378709
IL_0039001,0.012827697908505797,0.5505023375153542,0.0025605412083677948,0.28736765682697296,0.01718795315537136,0.036199865862727165,0.0005452490950119682,0.047411632258445024,0.030321916798129678,0.005866215215064585,0.009208936127834022
IL_0046799,0.002332821168238297,0.048220498487353325,0.00011273253767285496,0.12157983239740133,0.0001655532560107531,9.271544058719883e-05,7.708493467362132e-05,0.00045195197890279815,0.0008041496330406517,0.8260267525911331,0.0001358811823592987
IL_0054262,0.002479865972418338,0.4858018755912781,0.004463983670575544,0.016894732834771276,0.026585074374452233,0.0014240321688703261,0.0005067318270448595,0.07013737317174673,0.38639407977461815,0.0032146240409929305,0.0020976496598450467
IL_0056788,0.5930303856730461,0.2529602460563183,0.00017467092766310088,0.08367489837110043,0.000313576907501556,0.0003261505116824992,0.00018607394667924382,0.0012964240668225102,0.009211014141328633,0.05869642645120621,0.00013010942529945169
IL_0093956,0.07203429890796542,0.7606338113546371,0.007453221303876489,0.028566024848259985,0.0006857966363895684,0.011508922441862524,0.0008156820404110476,0.021930224262177944,0.005798818077892065,0.08852391224354506,0.0020493167103268206
IL_0103904,0.20790693163871765,0.11304698046296835,0.0004889613919658586,0.09632393065840006,0.00031962756838765927,0.0010437927703605965,0.00018358238776272628,0.001904398770420812,0.003787667490541935,0.5747649222612381,0.0002291995297127869
IL_0118369,0.003271977591793984,0.015044235275126994,0.000620800543401856,0.06483721151016653,0.005548828048631549,0.0026858049677684903,0.0004902076761936769,0.11157322907820344,0.7948224246501923,0.0006936484714969993,0.0004116440723009873
IL_0151990,0.00025377845304319635,0.0009711974853416905,6.290381134022027e-05,0.0017514493083581328,8.163944039552007e-05,4.0073053241940215e-05,2.8815100449719466e-05,0.021356727462261915,0.9753323346376419,8.016465380933369e-05,4.089205867785495e-05
IL_0171236,0.044085854198783636,0.42800695076584816,0.006144721468444914,0.13813946954905987,0.04036283399909735,0.04320250544697046,0.0005387019700719975,0.04568284819833934,0.03288638824597001,0.10865465179085732,0.11229505110532045
IL_0183960,0.05770693439990282,0.2567920610308647,0.1756078414618969,0.05039153294637799,0.012671618955209851,0.038252963218837976,0.0018639630579855293,0.11433666571974754,0.25601401180028915,0.011578367673791945,0.02478405414149165
IL_0207706,0.0012463516759453341,0.008534993627108634,0.002660931379068643,0.146425299346447,0.000571470896829851,0.0003032993008673657,0.00037793761293869466,0.8094633370637894,0.028694845968857408,0.0005616333291982301,0.0011599166246014647
IL_0207891,0.3898058719933033,0.11651964113116264,0.0012741433274641167,0.09854876715689898,0.0012077144638169557,0.0009355501169920899,0.001166741545603145,0.006465829093940556,0.0033320971997454762,0.3804093059152365,0.0003343279749969952
IL_0225203,0.023304289439693093,0.7858672887086868,0.0005620969895971939,0.10454975347965956,0.02656731940805912,0.0005857128635398112,0.0007068017584970221,0.02077100914902985,0.033575136214494705,0.0021553687984123826,0.0013552302116295323
IL_0227635,0.52573561668396,0.32906703278422356,0.0001878302591649117,0.07032677484676242,0.0005780966021120548,0.00042130768269998953,0.00016063120710896328,0.0015459225105587393,0.0020586354366969317,0.06956516206264496,0.00035298012517159805
IL_0259815,0.005613920628093183,0.005394914478529245,0.0028886990912724286,0.7541586607694626,0.0008483110032102559,0.0005334225425031036,0.00023083867199602537,0.07354621589183807,0.15593713149428368,0.0005271899281069636,0.0003207099944120273
IL_0260810,0.016097620595246553,0.7804957777261734,0.0009855766911641695,0.1379446480423212,0.004790179897099733,0.00034978142139152624,0.0001697691059234785,0.007970974198542535,0.008933623670600355,0.0412958599627018,0.0009661957883508876
IL_0262469,0.3694790080189705,0.0173997285310179,0.0030609718814957887,0.5001739859580994,0.0003355089465912897,0.0010492326982785016,0.0006792864733142778,0.09386965818703175,0.011976627167314291,0.0017776112945284694,0.00019837361469399184
IL_0267598,0.028480273205786943,0.059207682963460684,0.00042519985436229035,0.547444649040699,0.0008196040143957362,0.001100282126571983,0.0041631528292782605,0.025282924761995673,0.31621470861136913,0.016538786934688687,0.00032270693918690085
IL_0312376,0.036084650084376335,0.7196457535028458,0.0019251226913183928,0.18040435388684273,0.000988909087027423,0.0053275910031516105,0.0008891214456525631,0.007170388707891107,0.003842888050712645,0.03996734833344817,0.003753875440452248
IL_0331012,0.09877243265509605,0.7657166570425034,0.0009652826411183923,0.10176977142691612,0.0005495529185282066,0.00028730067060678266,0.00015025821812741924,0.004912139673251659,0.013225147849880159,0.013468418270349503,0.0001830692999646999
IL_0344325,0.11515888758003712,0.6253727152943611,0.034716260619461536,0.10149420332163572,0.005298863892676309,0.06986468704417348,0.0007412904160446487,0.018487808760255575,0.015367016661912203,0.013178583001717925,0.0003197025980625767
IL_0403731,0.10587720386683941,0.05483714630827308,0.0001249668148375349,0.10145273618400097,0.0006539955338666914,0.0003287514664407354,0.00017729053251969162,0.0011701626353897154,0.001493632596975658,0.7337293773889542,0.0001547351075714687
IL_0404181,0.036378173157572746,0.7481164187192917,0.00021109044882905437,0.18904952704906464,0.000723457764252089,0.00016986803711915854,0.00010050144555862062,0.0038820193731226027,0.006018833490088582,0.015228700591251254,0.0001213939340232173
IL_0465184,0.018310231738723814,0.7943359315395355,0.0002780845770757878,0.1700774971395731,0.0009272025272366591,0.00018784546227834653,0.00030105418409220874,0.006827194651123136,0.005982047354336828,0.0026423928793519735,0.00013053585098532494
IL_0492696,0.0006422344558814075,0.0023380118364002556,0.00025201361859217286,0.013527352130040526,0.00022037785674910992,0.0001576236618348048,9.113422311202157e-05,0.12387972371652722,0.8585721403360367,0.00019247306772740558,0.0001269389986191527
IL_0560781,0.011905419174581766,0.059623138047754765,0.009683776297606528,0.6561079323291779,0.017520482768304646,0.005500868865055963,0.0013680049378308468,0.14353487640619278,0.09176486078649759,0.001888341605081223,0.0011022796388715506
IL_0575017,0.03938032500445843,0.23245705850422382,0.0015383271966129541,0.4858657866716385,0.01940689850016497,0.0025819582951953635,0.0005601736993412487,0.02257805352564901,0.1747238226234913,0.019631977193057537,0.0012755973875755444
IL_0578791,0.004552114434773102,0.8369113951921463,0.005698218665202148,0.01339389622444287,0.01213599496986717,0.06314339116215706,0.005252794406260364,0.021989327389746904,0.020732938311994076,0.015333632472902536,0.0008562997390981764
IL_0611781,0.01634265237953514,0.8841500133275986,0.0015084753831615672,0.008860401110723615,0.00022764274399378337,0.00028559179554576986,0.000724356752471067,0.0202660538488999,0.06392575334757566,0.0021587256342172623,0.001550371351186186
IL_0649132,0.010729678208008409,0.4754321426153183,0.0016846648213686422,0.3754412531852722,0.005023625475587323,0.0008130545102176256,0.00028933974681422114,0.021585961105301976,0.010218351613730192,0.0981926079839468,0.0005892959670745768
IL_0704269,0.13722262810915709,0.20826750621199608,0.00016322616465913597,0.04534640768542886,0.0003165730267937761,0.00018917664601758588,0.0001123353486036649,0.0013353893591556698,0.0012651794095290825,0.6054263561964035,0.0003552567941369489
IL_0718371,0.017786620242986828,0.04139959625899792,0.0009278614707000088,0.07559651462361217,0.0003632827811088646,0.0025990799767896533,0.00031132926960708573,0.0013555912591982633,0.005061352712800726,0.8542943447828293,0.0003044337463506963
IL_0721442,0.004670778405852616,0.017271806485950947,4.2517892779869726e-05,0.06372659560292959,8.042597437452059e-05,4.238005021761637e-05,4.057401065438171e-05,0.00025486501544946805,0.0002889285497076344,0.9135018140077591,7.928452032501809e-05
IL_0754056,0.08499743090942502,0.7708769142627716,0.0005302962781570386,0.11567419767379761,0.000205366066438728,0.00016218416021729354,0.00010084986934089102,0.004443025449290872,0.00560704420786351,0.017275446793064475,0.00012725741999020102
IL_0808321,0.009893976501189172,0.01957774139009416,0.003363275493029505,0.10645729303359985,0.00762703747022897,0.006344870897009969,0.004491436004173011,0.45269519090652466,0.38758789375424385,0.001444430963601917,0.0005168534989934415
IL_0854378,0.24130655825138092,0.08313961327075958,0.0007634919747943059,0.22524365037679672,0.0005902250049985014,0.0013313485687831417,0.00016942404545261525,0.002811511018080637,0.010111802082974464,0.4332902655005455,0.0012421062565408647
IL_0895462,0.021779497154057026,0.5961554571986198,0.00024357845541089773,0.27436240389943123,0.0015606567467330024,0.00024211432537413202,0.0003189271519659087,0.004036022583022714,0.001968278200365603,0.09793569007888436,0.001397355750668794
IL_0928130,0.09603848401457071,0.0474691204726696,0.004460216892766766,0.6322568580508232,0.007722130627371371,0.0015840400010347366,0.00528349033993436,0.06275065056979656,0.13597813621163368,0.004439238749910146,0.002017659120610915
IL_0977585,0.014404943794943392,0.1035362184047699,0.00032613462826702744,0.14758412260562181,0.00018735915000434034,0.00015621234342688695,0.00014189237117534503,0.0011264060740359128,0.0019463909411570057,0.7303417921066284,0.00024853061404428445
IL_0977986,0.003744928602827713,0.9641828835010529,0.0003571469060261734,0.013669009669683874,0.0005074704931757879,0.00012741783393721562,0.00019031095143873245,0.002497133507858962,0.010764397622551769,0.0037215735064819455,0.00023776124180585612
IL_0996202,0.00947601831285283,0.01758681400679052,0.001082058202882763,0.022961577400565147,0.0020624222088372335,0.0007743739115539938,0.0010048629665107,0.13110259547829628,0.8126697242259979,0.0006920707237441093,0.0005874770286027342
IL_1009731,0.1197378933429718,0.20988075621426105,0.001711164957669098,0.14219710044562817,0.005012117180740461,0.0011208804935449734,0.0003379734334885143,0.004505964869167656,0.004897869686828926,0.5047095865011215,0.005888707790290937
IL_1011664,0.02859968552365899,0.11354238074272871,0.016531941713765264,0.07541871722787619,0.0009084119155886583,0.0009312459733337164,0.0009990127728087828,0.3553718253970146,0.39730100706219673,0.00285036614513956,0.00754539726767689
IL_1020124,0.033301964052952826,0.49077628552913666,0.00847417931072414,0.06151040084660053,0.001571252360008657,0.02838319935835898,0.00227043688937556,0.24391875229775906,0.08675872115418315,0.005002729187253863,0.038032066193409264
IL_1024284,0.06477469857782125,0.2474413886666298,0.00038607312671956606,0.012366285547614098,0.00029149031615816057,0.0006402670478564687,0.0003185944879078306,0.0011267294466961175,0.0011557449906831607,0.6710844933986664,0.00041423713992116973
IL_1024365,0.3503415770828724,0.25279251486063004,0.0003512180774123408,0.16213729977607727,0.003091136895818636,0.0007736821789876558,0.0005863883852725849,0.006078689242713153,0.00425886147422716,0.21930889412760735,0.00027972938187303953
IL_1080907,0.08242340385913849,0.7373504787683487,0.0006863364942546468,0.11207795701920986,0.004438013915205374,0.00043349301267880946,8.466849430988077e-05,0.0033630514808464795,0.00823134498205036,0.05056105926632881,0.0003501815954223275
IL_1159502,0.02801321353763342,0.730412021279335,0.00025479987016296946,0.21926176827400923,0.0006618879779125564,0.00022040977637516335,0.00226360992382979,0.002738776267506182,0.003524254512740299,0.012456608470529318,0.00019268230607849546
IL_1183203,0.2441760189831257,0.20827193185687065,0.00047947036000550725,0.03087467630393803,0.00040631995943840593,0.0013452265557134524,0.0002893605633289553,0.0030428518657572567,0.0013585118431365117,0.5094765648245811,0.0002790615981211886
IL_1236220,0.004507293226197362,0.12744932156056166,0.0005840844150952762,0.0984701351262629,0.00037345417877077125,0.0006023657770128921,0.0001383566741424147,0.001958618449862115,0.001192055904539302,0.7644060701131821,0.00031823197241465095
IL_1246958,0.00342707138042897,0.05194965982809663,0.019532403792254627,0.018271613167598844,0.15338070690631866,0.28917605150491,0.0026769965843413956,0.04540179669857025,0.39234571903944016,0.0027209640538785607,0.021117026917636395
IL_1248470,0.025321105029433966,0.19141014106571674,0.0010052764846477658,0.23041263315826654,0.0013748288874921855,0.002503713665646501,0.0010568327852524817,0.4316812679171562,0.10865967348217964,0.005640920106088743,0.0009336039547633845
IL_1266003,0.002584547793958336,0.03296242142096162,0.0004985076739103533,0.14738962706178427,0.00042987108463421464,0.00041958193469326943,0.0002054445922112791,0.4064715914428234,0.402142271399498,0.003034739609574899,0.0038613858341705054
IL_1298091,0.016437076963484287,0.7139740586280823,0.0007758935389574617,0.13170555420219898,0.006792225525714457,0.0037468636292032897,0.0007943373784655705,0.012507461360655725,0.038365020416677,0.07361392211169004,0.001287597420741804
IL_1418346,0.08630137238651514,0.44787514209747314,0.00018994633319380227,0.02876286255195737,0.0001714898808131693,0.00016885231707419734,0.00016762566883699037,0.00186849499004893,0.0012066402123309672,0.43285098299384117,0.0004365873901406303
IL_1420891,0.0005477364611579105,0.0016438208403997123,0.0023984397703316063,0.0011979144037468359,0.00011133274801977677,9.7330493190384e-05,0.0001437583596270997,0.014574993052519858,0.9786654859781265,0.00013998355279909447,0.00047921678924467415
IL_1431089,0.01266643637791276,0.8276586830615997,0.0006417933545890264,0.013489259872585535,0.011996110959444195,0.0009187679315800779,0.00023223917560244445,0.021357011166401207,0.003302981989691034,0.10601873695850372,0.001717946921417024
IL_1450991,0.03866302839014679,0.2114466056227684,0.00010984188429574715,0.01854627556167543,0.00065515139431227,0.0002535375751904212,0.00021157748233235907,0.0012233825182192959,0.0006083065163693391,0.7278948277235031,0.00038745687015762087
IL_1497560,0.00983411748893559,0.45966295152902603,0.002814858111378271,0.49465687200427055,0.002807857788866386,0.0008145972096826881,0.00015678447925893124,0.008492723805829883,0.014587157289497554,0.0051358537748456,0.0010362431057728827
IL_1502550,0.024582011392340064,0.6032283380627632,0.006706110492814332,0.04545424925163388,0.1135146664455533,0.027111328672617674,0.0004459472911548801,0.06133022112771869,0.07946433499455452,0.026700207265093923,0.0114626080612652
IL_1515580,0.11518769338726997,0.6833813190460205,0.005832226306665689,0.05003686901181936,0.00099311053782003,0.01118125058565056,0.00030451795100816526,0.008519220864400268,0.0033754448231775314,0.12003338802605867,0.0011549808114068583
IL_1562660,0.03332468355074525,0.8858185112476349,0.0011860964877996594,0.021642274456098676,0.0008189076397684403,0.014751631417311728,0.0001301868378504878,0.004805875068996102,0.019579952233470976,0.01172630034852773,0.006215573230292648
IL_1574123,0.20498377457261086,0.037887842394411564,0.0006001141227898188,0.11991803534328938,0.0014212637615855783,0.0003211729635950178,0.00031507881794823334,0.4864066503942013,0.1457358654588461,0.0020082367991562933,0.0004019692278234288
IL_1619785,0.0020462206448428333,0.004439036012627184,0.00596779678016901,0.024597925832495093,0.0005760737622040324,0.0004444857040653005,0.00015845959023863543,0.8493289351463318,0.1117855915799737,0.00028003925035591237,0.0003754231620405335
IL_1633612,0.16400733683258295,0.07010706048458815,0.00012686188892985228,0.07082395255565643,0.0010857004162971862,0.0002498204521543812,0.0001138960687967483,0.0009826730383792892,0.0005935400549788028,0.6914420276880264,0.0004671263450291008
IL_1641818,0.18458174355328083,0.14593384973704815,0.001898054833873175,0.3607444241642952,0.0006091898903832771,0.0022479566978290677,0.009161411624518223,0.25552257150411606,0.030611094320192933,0.00835780071793124,0.00033188633824465796
IL_1643221,0.13580672815442085,0.2799803279340267,0.0012552224507089704,0.2693600617349148,0.0003266577659815084,0.0007213848293758929,0.00028647479484789073,0.004849904216825962,0.0036859434912912548,0.30295873060822487,0.0007685620439588092
IL_1664752,0.049966010032221675,0.30298420414328575,0.000549220170796616,0.0408927439711988,0.00031153581585385837,0.011671328538795933,0.0004624705725291278,0.0018514241673983634,0.0040857237472664565,0.5799082592129707,0.007317084237001836
IL_1681515,0.26390619575977325,0.3096742555499077,0.0003172637862007832,0.11476956121623516,0.00045858864177716896,0.00038052703166613355,0.00023982561924640322,0.0019967854605056345,0.0017093792848754674,0.30558833107352257,0.000959260854870081
IL_1688338,0.02306502964347601,0.7808214575052261,0.0008008693112060428,0.10318057797849178,0.001677196501987055,0.008068605849985033,0.00029475799237843603,0.009205836395267397,0.02473308891057968,0.01640375703573227,0.031748824403621256
IL_1706933,0.09738621581345797,0.7004721537232399,0.0005113421066198498,0.09079008735716343,0.0009778118692338467,0.003707096097059548,0.0003863275815092493,0.006316634069662541,0.005067055695690215,0.09112207964062691,0.0032631911453790963
IL_1860067,0.011222898727282882,0.6917950510978699,0.00028208463118062355,0.26602280139923096,0.0004005595219496172,0.00048573919775662944,0.0001091690210159868,0.004372727940790355,0.004787697282154113,0.020399352884851396,0.0001219009218402789
IL_1884002,0.040877586929127574,0.3533034808933735,0.004670560854719952,0.5488960444927216,0.004261341295205057,0.0019373128598090261,0.0002698132648220053,0.013213785365223885,0.0141275052446872,0.01796686160378158,0.0004756934577017091
IL_1897663,0.015258994128089398,0.008293740800581872,9.513072473055217e-05,0.05959785729646683,0.00012421057363098953,5.0790601562766824e-05,0.00011332435815347708,0.0009641591896070167,0.0005848980363225564,0.9148332923650742,8.361542677448597e-05
IL_1901178,0.20374495163559914,0.3699676990509033,0.0005878171323274728,0.24553829804062843,0.005747211223933846,0.0017207602795679122,0.0003879319046973251,0.0025980978389270604,0.006219914590474218,0.1629188321530819,0.0005685005307896063
IL_1935222,0.10838072746992111,0.7529110908508301,0.0004878408944932744,0.025111186783760786,0.0004486166362767108,0.0016663912538206205,0.0003129315628029872,0.0017252986581297591,0.001327482794295065,0.10678376443684101,0.0008446453575743362
IL_1968737,0.03565275855362415,0.08802513219416142,0.004222466261126101,0.021204243414103985,0.014071330544538796,0.30740849301218987,0.0004822274131583981,0.09894062299281359,0.3374740704894066,0.012501222779974341,0.0800174493342638
IL_1976391,0.0006304885318968445,0.0026952783518936485,0.00023942425832501613,0.021558458684012294,0.00063499440511805,0.0001633034316910198,0.00010128647954843473,0.7897608131170273,0.18384987115859985,0.0002429379201203119,0.0001231450805789791
IL_2021485,0.017819144297391176,0.05154085252434015,0.0002215967142547015,0.017322484869509935,0.00010803586701513268,0.00026331821391067933,0.00011560770508367568,0.0008452557522105053,0.0006240193906705827,0.9110432118177414,9.644560850574635e-05
IL_2031231,0.013491722871549428,0.8168860822916031,0.0007134152110666037,0.028362364508211613,0.0021969492227071896,0.0006009989010635763,0.00022753676239517517,0.004361569066531956,0.014880242524668574,0.11758488789200783,0.0006942405161680654
IL_2042306,0.002654043841175735,0.04134132759645581,0.019259880064055324,0.02642416162416339,0.03536451072432101,0.003863489138893783,0.0035514120245352387,0.0716683492064476,0.7929564714431763,0.0010684986773412675,0.001847838269895874
IL_2057670,0.006099764024838805,0.10880118981003761,0.002192081228713505,0.11381894815713167,0.0004559291155601386,0.00020368092009448446,0.0001589375842740992,0.004413248796481639,0.0022025868529453874,0.7610816806554794,0.0005719780674553476
IL_2058271,0.13344436883926392,0.39771074056625366,0.0014653816688223742,0.4051155783236027,0.0004117130083614029,0.0008954084551078267,0.0001435755202692235,0.007343383156694472,0.03091110778041184,0.022301671095192432,0.0002570748038124293
IL_2068901,0.7353841736912727,0.02013141685165465,0.017539114865940064,0.17692805733531713,0.0008601027438999154,0.00042383043182780966,0.0003689690347528085,0.03484578453935683,0.011824074957985431,0.0014376296385307796,0.0002568541585787898
IL_2076993,0.05127454316243529,0.2931758239865303,0.0005699349567294121,0.3140057362616062,0.00037928625170025043,0.0005784819441032596,0.0002783163326967042,0.0020989325712434947,0.002312966069439426,0.3339257016777992,0.0014002436510054395
IL_2078226,0.041173976846039295,0.0892330314964056,0.0016483936051372439,0.7442379593849182,0.0014413540775422007,0.0004146202736592386,0.0004517819470493123,0.08448220882564783,0.030946625396609306,0.0051651253015734255,0.000804921131930314
IL_2081710,0.00027840567418024875,0.0012502610916271806,0.0002589979048934765,0.0035240337310824543,0.00011074278427258832,0.0005109157682454679,9.532517287880182e-05,0.019946946296840906,0.9736375510692596,0.00011887830805790145,0.00026796345628099516
IL_2085556,0.2136095967143774,0.6687355190515518,0.00041926599806174636,0.06991705857217312,0.00022815829652245156,0.0005410388912423514,0.00012076787061232608,0.002369981404626742,0.005056175607023761,0.03872823575511575,0.00027421387494541705
IL_2090864,0.14692347310483456,0.3550415113568306,0.0003349598264321685,0.45288652181625366,0.0012898405111627653,0.0003153751094941981,0.0023329628056671936,0.01120563573203981,0.006319049512967467,0.02293891180306673,0.00041178191895596683
IL_2144290,0.000707654206053121,0.00442221446428448,0.0011052470217691734,0.0053528540302067995,0.0006636632024310529,0.00014399496649275534,0.00010310563902748981,0.08934791944921017,0.897840142250061,0.00018802653903549071,0.0001251986341230804
IL_2157015,0.5837053060531616,0.2556913997977972,0.0002963936858577654,0.06351479422301054,0.0006283700786298141,0.0020596436370396987,0.00025493601424386725,0.002983640704769641,0.0018746047280728817,0.08876603934913874,0.00022488972899736837
IL_2190574,0.0476872562430799,0.7401130571961403,0.001071927254088223,0.01240992802195251,0.0002524785086279735,0.0011520875850692391,0.00010067247330880491,0.001761953259119764,0.010533202847000211,0.18467886745929718,0.00023857418818806764
IL_2207792,0.006144237675471231,0.02334286260884255,0.03455517813563347,0.05433093151077628,0.0018337941728532314,0.0013774390099570155,0.0005787875052192248,0.10227220505475998,0.7715076208114624,0.002794566171360202,0.0012623530565178953
IL_2254004,0.14107234589755535,0.6332005485892296,0.00031017270157462917,0.18155103363096714,0.0005818590252602007,0.0006937094804015942,0.00026302023070456926,0.006570714002009481,0.006801173440180719,0.028710754588246346,0.00024467143884976394
IL_2274232,0.07064228784292936,0.46352580189704895,0.0003651545412139967,0.4020340070128441,0.0022410873789340258,0.0015297412464860827,0.00012793829409929458,0.00637792784254998,0.02997102332301438,0.02268271171487868,0.000502323113323655
IL_2283965,0.015059923171065748,0.014520756900310516,4.357194438853185e-05,0.02040760568343103,6.432746158679947e-05,4.826741678698454e-05,7.349139195866883e-05,0.00030258797414717264,0.00030741772206965834,0.9491032958030701,6.875474446133012e-05
IL_2330498,0.46282816119492054,0.23498082906007767,0.0004033746190543752,0.16469755209982395,0.00047555887431371957,0.0007254491865751334,0.000523817609064281,0.009750238445121795,0.010427784291096032,0.11497299931943417,0.0002142471021215897
IL_2354191,0.0030756793858017772,0.009492396842688322,0.004235205648001283,0.09099164884537458,0.0005604857797152363,0.001949076060554944,0.0003095954380114563,0.1455301959067583,0.7426892966032028,0.0007813382617314346,0.00038508827128680423
IL_2424578,0.00016260055781458504,0.0009173561411444098,6.043525581844733e-05,0.0010735090618254617,8.320847928189323e-05,4.587651756082778e-05,4.366916300568846e-05,0.01383698033168912,0.9836817383766174,5.4643553085043095e-05,3.996864643340814e-05
IL_2440740,0.0008337396284332499,0.0048697449383325875,0.0002328246846445836,0.007055462338030338,0.0004617163103830535,0.00023061963293002918,8.041815726755885e-05,0.08931112755089998,0.8958737403154373,0.00024841477716108784,0.0008021766298043076
IL_2451306,0.015796309802681208,0.6454386338591576,0.022264798288233578,0.06297700945287943,0.037510491674765944,0.00906816078349948,0.00036438621100387536,0.0298685742309317,0.09711479023098946,0.03448794316500425,0.04510892555117607
IL_2508459,0.0022427682124543935,0.015633762115612626,0.002970340858155396,0.09282942372374237,0.00024262967417598702,0.00018390114746580366,0.00016503120059496723,0.8770898580551147,0.006891831289976835,0.0005130606332386378,0.0012373848003335297
IL_2512501,0.6865071132779121,0.021165737649425864,0.003446821719990112,0.2514506187289953,0.0005022770565119572,0.0003163320398016367,0.00018658987573871855,0.032238311134278774,0.003077328728977591,0.0007277903569047339,0.0003810462403635029
IL_2520283,0.14930899906903505,0.19692577235400677,0.015556420432403684,0.05598211381584406,0.001102494410588406,0.0014144214510452002,0.0005465057183755562,0.010121819039341062,0.003193219570675865,0.564972773194313,0.0008754433656577021
IL_2532113,0.17314577475190163,0.6345468237996101,0.000900493461813312,0.0594350800383836,0.00039499340709880926,0.005333215551218018,0.0005264091087155975,0.005977048713248223,0.002845545852323994,0.11652692779898643,0.0003676936248666607
IL_2541202,0.12811626214534044,0.577749103307724,0.0018632115534273908,0.08162606693804264,0.014219507691450417,0.004254967789165676,0.0005021090400987305,0.007133710663765669,0.010916593135334551,0.16793136857450008,0.005687109311111271
IL_2542731,0.0025041847256943583,0.012373639503493905,0.0005560773861361668,0.034978023963049054,0.0011705573269864544,0.00032512075631530024,0.0023027668576105498,0.4549923539161682,0.48919859901070595,0.0007707884069532156,0.0008278823588625528
IL_2564178,0.02596896782051772,0.2530792485922575,0.0006369020957208704,0.014493171707727015,0.00017563798610353842,0.0004241710266796872,0.002125640065059997,0.007398563553579152,0.0029517774819396436,0.6921354979276657,0.0006104444946686272
IL_2579528,0.10744830733165145,0.03542883554473519,0.050456195313017815,0.26992354914546013,0.00052367943135323,0.0030166268988978118,0.0004695572060882114,0.5186314210295677,0.01241958956234157,0.0014073907805141062,0.00027484454039949924
IL_2580737,0.12842581421136856,0.7554746717214584,0.00019702331701410003,0.09169444162398577,0.0009030729270307347,0.00018350131358602084,9.992780724132899e-05,0.0011259423044975847,0.0029218968702480197,0.018678040127269924,0.0002956822754640598
IL_2620364,0.20513010397553444,0.20826933532953262,0.0004008999894722365,0.5505307093262672,0.0003585357299016323,0.0002866103168344125,0.0012164114814368077,0.025880546309053898,0.006930730422027409,0.0008701596307219006,0.00012596855049196165
IL_2631882,0.18377825245261192,0.3446095809340477,0.0007242633000714704,0.3260495252907276,0.007910701911896467,0.0007529908616561443,0.001714418140181806,0.06890425272285938,0.011584130697883666,0.05315971211530268,0.0008121625069179572
IL_2632245,0.031786269042640924,0.04637534450739622,0.00028819587896578014,0.27305835485458374,0.0013126235135132447,0.0005823154060635716,0.00019934041483793408,0.003292403125669807,0.003083176154177636,0.6396898180246353,0.00033214379072887823
IL_2667257,0.007817683042958379,0.8711639791727066,0.00043967490273644216,0.0407234295271337,0.004114920069696382,0.0004226461533107795,0.002376437456405256,0.02735747559927404,0.036102302838116884,0.009192668949253857,0.00028879519959446043
IL_2673683,0.34714366495609283,0.24838500656187534,0.0002834819297277136,0.07542952615767717,0.012443541025277227,0.0007017353709670715,0.00024274423412862234,0.0025489725230727345,0.002830695710144937,0.3078456185758114,0.002145031379768625
IL_2695389,0.0114324064925313,0.9363879859447479,0.0021363893029047176,0.017018568236380816,0.007840609352570027,0.000456917034171056,9.966282959794626e-05,0.004395126714371145,0.013344068545848131,0.006577733671292663,0.00031057190426508896
IL_2697064,0.024550237227231264,0.6238299161195755,0.0011871244932990521,0.09787839092314243,0.009890753601212054,0.0007329569052672014,0.011539700091816485,0.1826433725655079,0.018846924183890224,0.02827148139476776,0.0006291381650953554
IL_2701771,0.030729686375707388,0.6054186224937439,0.002786370911053382,0.14480970799922943,0.002484350436134264,0.06752788042649627,0.00041787065856624395,0.030781440902501345,0.059324951842427254,0.011274122400209308,0.04444499500095844
IL_2713699,0.25741271302103996,0.433578684926033,0.0008772843648330308,0.2547842115163803,0.001579661518917419,0.017917093937285244,0.0004030015552416444,0.007975746557349339,0.004922863969113678,0.019956432282924652,0.0005923219796386547
IL_2726821,0.14317777566611767,0.6098588854074478,0.00046481321260216646,0.2292737103998661,0.0005233826814219356,0.003636426496086642,0.0005255523246887606,0.004741736163850874,0.003286286140792072,0.004374331125291064,0.00013711162500840146
IL_2729600,0.04725377704016864,0.5337380170822144,0.0018296554626431316,0.24641624465584755,0.006715895870001987,0.001343150157481432,0.017005071218591183,0.0461061205714941,0.08847729861736298,0.010794996633194387,0.0003197883634129539
IL_2741580,0.039693514816462994,0.6571866348385811,0.00014392398952622898,0.013259639032185078,0.0003788954309129622,0.0002679139743122505,0.00012700452316494193,0.0007287328262464143,0.0006470023945439607,0.2871664799749851,0.00040026611895882525
IL_2778741,0.07286302978172898,0.5467717610299587,0.0006040984007995576,0.28422462940216064,0.008295674808323383,0.01401035487651825,0.0005928613391006365,0.0408541914075613,0.010944490320980549,0.02053474308922887,0.0003041459567612037
IL_2784674,0.015915397787466645,0.29223575815558434,0.0003278568729001563,0.0685184202156961,0.0002915630684583448,0.00020641357332351618,0.00028771429788321257,0.0019081654463661835,0.0016352589591406286,0.6182714104652405,0.00040204629840445705
IL_2788623,0.22938232868909836,0.3873685859143734,0.005912215594435111,0.21378270164132118,0.0018662583897821605,0.008040476910537109,0.000571113960177172,0.12211146391928196,0.01180541911162436,0.01831872295588255,0.0008407146815443411
IL_2824067,0.06121821189299226,0.4556170552968979,0.0005150974757270887,0.28117093443870544,0.0033280976058449596,0.0008138867488014512,0.00025385473782080226,0.00344694554223679,0.017283912049606442,0.17553848586976528,0.0008135236785165034
IL_2840498,0.06316281901672482,0.6940321028232574,0.0007282802325789817,0.1627466045320034,0.0039749882416799664,0.002393690578173846,0.0002989824133692309,0.014738986268639565,0.04007306694984436,0.01718819886445999,0.0006622816144954413
IL_2844654,0.006509522325359285,0.014708910486660898,0.0018138178420485929,0.10632692370563745,0.0010941961081698537,0.0009252271265722811,0.0009520208259345964,0.2916659526526928,0.5744054615497589,0.0011778379121096805,0.00042011560435639694
IL_2849392,0.0299091967754066,0.560207188129425,0.0024391115293838084,0.2708497755229473,0.033038773806765676,0.0010145502019440755,0.0006224698954611085,0.04271433362737298,0.04073317116126418,0.015587850473821163,0.002883587556425482
IL_2851462,0.06076177768409252,0.09713167417794466,0.017383703961968422,0.6504861265420914,0.0005575099785346538,0.001004776728223078,0.0009336312359664589,0.15184559114277363,0.014521350152790546,0.004671195551054552,0.0007026724779279903
IL_2921273,0.039676257874816656,0.011609044624492526,0.0010448394459672272,0.5973110720515251,0.0010309289500582963,0.00042421229591127485,0.00030287873232737184,0.30418672040104866,0.04236870538443327,0.001495490170782432,0.0005498277314472944
IL_2936438,0.06256606336683035,0.6185408756136894,0.00036673817157861777,0.2770376056432724,0.0009727096912683919,0.0015584267966914922,0.0003609341620176565,0.0081760257598944,0.018410298507660627,0.011712134350091219,0.00029820508643751964
IL_2947403,0.0233271149918437,0.7345036566257477,0.008709203073522076,0.1287828404456377,0.005201989260967821,0.02224175864830613,0.00029902111054980196,0.007663280179258436,0.010573329986073077,0.026838996447622776,0.03185882535763085
IL_2978149,0.0008852446480887011,0.002779444825137034,0.001024592318572104,0.011014576186425984,0.0006047762617527042,0.00048459344543516636,0.00014041255326446844,0.3804667592048645,0.6020483896136284,0.0002793367129925173,0.0002718933938012924
IL_2996774,0.07305626990273595,0.6810313314199448,0.000842660476337187,0.1605688203126192,0.0033326324046356604,0.0011861580278491601,0.003086404176428914,0.04986873082816601,0.011999971466138959,0.01457050780300051,0.0004565179733617697
IL_3007459,0.017997525399550796,0.027953920420259237,0.00026085490389959887,0.22198444604873657,0.0002578165294835344,0.00013318271703610662,0.00014713268683408387,0.003275507886428386,0.00210535412770696,0.725666232407093,0.0002180533774662763
IL_3061357,0.04345624893903732,0.14756382629275322,0.001944902105606161,0.31367721408605576,0.00033564624391146936,0.0005953449435764924,0.0011383272358216345,0.47352127730846405,0.013142833719030023,0.004004003450972959,0.0006203839147929102
IL_3076877,0.08166746981441975,0.5578048676252365,0.0004347878275439143,0.16771599650382996,0.00033645790244918317,0.0011284873762633651,0.00025874434140860103,0.004505890829022974,0.00414222024846822,0.18161674216389656,0.0003883325116476044
IL_3084993,0.06789198331534863,0.7660143822431564,0.0028217185754328966,0.05783393373712897,0.001810362795367837,0.006441432342398912,0.002849687429261394,0.05008808011189103,0.040073661133646965,0.0039381952956318855,0.00023655789482290857
IL_3109240,0.025904591428115964,0.07083406299352646,9.075452544493601e-05,0.037580561358481646,8.258237721747719e-05,6.889211999805411e-05,5.200458554099896e-05,0.00046122012281557545,0.000632521667284891,0.8641756176948547,0.00011718825044226833
IL_3124812,0.1238329540938139,0.5817130655050278,0.0007369769009528682,0.2302371971309185,0.0008693643721926492,0.0008837974673951976,0.0006701805468765087,0.010908657452091575,0.0054238177835941315,0.042062404565513134,0.002661606704350561
IL_3127619,0.03656653710640967,0.7964701652526855,0.0003241956546844449,0.14431782998144627,0.0007637443704879843,0.0033799666416598484,0.0006029294636391569,0.008370743365958333,0.0036005869042128325,0.004371259827166796,0.0012320281603024341
IL_3149454,0.07705927779898047,0.8882392942905426,0.000270550472123432,0.018466737121343613,0.00453248736448586,0.0003736861399374902,6.74342991260346e-05,0.002193772903410718,0.003689110977575183,0.004833499086089432,0.00027417093770054635
IL_3153787,0.008179283875506371,0.2508784048259258,0.07841866731178015,0.1240610983222723,0.009811109775910154,0.2611653506755829,0.008894312057236675,0.11243698932230473,0.08511060010641813,0.0027873298968188465,0.058256858959794044
IL_3156984,0.002626790272188373,0.004569234268274158,0.0031078852189239115,0.015818182146176696,0.0011445079944678582,0.0003539218014338985,0.0001749265047692461,0.7069663852453232,0.26410237699747086,0.0003817929573415313,0.0007540064252680168
IL_3200972,0.0016948318007052876,0.020263853250071406,0.0008482368430122733,0.011368604260496795,0.00014660408942290815,0.00026137629174627364,0.0006172832217998803,0.008394816424697638,0.955903559923172,0.00023915088240755722,0.0002616885758470744
IL_3206011,0.00030449056066572666,0.0026529561437200755,0.0019886549416696653,0.0028501031920313835,0.0005173870340513531,0.00020158903680567164,0.00019492771298246225,0.015726932673715055,0.975304901599884,9.264731306757312e-05,0.00016542107914574444
IL_3245297,0.0058265020488761365,0.028804438188672066,0.0001296087521041045,0.21025234647095203,0.00032495814957655966,0.0005165153197594918,0.00012559314563986845,0.0009299753946834244,0.000896926416317001,0.7519687712192535,0.00022437165898736566
IL_3275405,0.04986676387488842,0.4688466638326645,0.0011416365305194631,0.07712350087240338,0.022885634913109243,0.0057854646584019065,0.0009577905875630677,0.03025338682346046,0.011578750796616077,0.3040836341679096,0.027476780582219362
IL_3278464,0.06220296677201986,0.12750662118196487,0.00022870354951010086,0.11202070582658052,0.0002770784449239727,0.00016905475058592856,0.00011906130930583458,0.0007513108066632412,0.0010944260866381228,0.6952901184558868,0.0003399621054995805
IL_3286203,0.02789160772226751,0.046320222318172455,0.0004916025754937436,0.023551011690869927,0.00016532991867279634,0.003707045325427316,0.0001236247726410511,0.0029767045998596586,0.0016839443997014314,0.8928161859512329,0.00027267912446404807
IL_3304841,0.001754491386236623,0.011932636145502329,6.510298135253834e-05,0.02004353911615908,0.00010530843974265736,6.450186629081145e-05,4.895938764093444e-05,0.00023858280837885104,0.00025548065605107695,0.9653976559638977,9.376244997838512e-05
IL_3328321,0.0970286950469017,0.09380920650437474,0.000185268228960922,0.07169281877577305,0.00025954923330573365,0.00014455468226515222,0.00016149372095242143,0.0010594395716907457,0.0010049842021544464,0.7343742400407791,0.00027976360252068844
IL_3355205,0.08872789051383734,0.5438796356320381,0.0019000425090780482,0.24919939413666725,0.01013894157949835,0.002644472580868751,0.0006017464984324761,0.01686751376837492,0.03238930460065603,0.05246980534866452,0.0011812676530098543
IL_3383918,0.21692421659827232,0.13306610938161612,0.0008733578288229182,0.4489661455154419,0.0007455660525010899,0.0005163417299627326,0.0014236727874958888,0.1363332374021411,0.006996771553531289,0.05309398891404271,0.0010605838760966435
IL_3405674,0.15507708862423897,0.10190469585359097,8.424284533248283e-05,0.027716003358364105,0.00022990877732809167,0.00010535906585573684,0.0001388759756082436,0.0008484747158945538,0.0005185468762647361,0.7132533490657806,0.00012345880895736627
IL_3416109,0.08213094528764486,0.0329471998848021,0.0002289838157594204,0.2471557091921568,0.00032780919536889996,0.0002790115868265275,0.0005464346468215808,0.009884347789920866,0.004371758928755298,0.6218631640076637,0.000264607289864216
IL_3417042,0.2668312340974808,0.5726983323693275,0.0003831597787211649,0.09351333603262901,0.0007762976019876078,0.000702892506524222,0.00013431987463263795,0.004295009537599981,0.008232579682953656,0.05193222500383854,0.0005006136852898635
IL_3475314,0.03086368297226727,0.04683542251586914,0.00018095846098731272,0.13613312877714634,0.0002572191024228232,0.00016986415903375018,0.00014928656673873775,0.0017044262931449339,0.0019199044036213309,0.7815302088856697,0.0002558763007982634
IL_3502631,0.08801978453993797,0.6258058995008469,0.0008686029905220494,0.16266348958015442,0.0006121901024016552,0.0003534661154844798,0.005919508839724585,0.05930492514744401,0.0048318030894733965,0.050818306393921375,0.0008020214372663759
IL_3512099,0.02348498604260385,0.7623317390680313,0.000497299901326187,0.18723733723163605,0.00040643543616170064,0.004064357199240476,0.00014850129082333297,0.003124192910036072,0.005468312534503639,0.012259962502866983,0.0009768867821549065
IL_3516247,0.0157974511384964,0.7581543773412704,0.0023374530574074015,0.15702991653233767,0.00776790309464559,0.009494229801930487,0.0002506632990844082,0.014522261219099164,0.013275689678266644,0.01415947638452053,0.007210572395706549
IL_3525336,0.0022201766551006585,0.008655313285999,0.0016282050055451691,0.02662184159271419,0.0014762074570171535,0.0003221228180336766,0.0001968679716810584,0.08477144781500101,0.8733832687139511,0.0004014213918708265,0.0003231122718716506
IL_3584159,0.025313333608210087,0.06930537987500429,0.001007282335194759,0.4301188811659813,0.005093488231068477,0.006236599292606115,0.0005578550881182309,0.02965753129683435,0.42833801731467247,0.003149654425214976,0.0012219790296512656
IL_3592184,0.07899575121700764,0.33403347432613373,0.0004080049620824866,0.046842774376273155,0.00199140451150015,0.005250940106634516,0.00021149104395590257,0.00678401137702167,0.0016613489133305848,0.522709921002388,0.001110857498133555
IL_3662013,0.02589369658380747,0.5603012219071388,0.0002697579730011057,0.13937422819435596,0.0005905807629460469,0.00023221774245030247,0.00019982726553280372,0.004831792844925076,0.0025195950001943856,0.26480093970894814,0.0009861171638476662
IL_3682737,0.00034907421650132164,0.0011394797184038907,0.0007898361945990473,0.002641873201355338,0.00013373428282648092,7.52314435885637e-05,5.4162855121830944e-05,0.009995324187912047,0.9845030456781387,8.093983433354879e-05,0.0002373153420194285
IL_3708176,0.29424409195780754,0.1688261553645134,0.00034259201856912114,0.21293174289166927,0.0005859776283614337,0.0027832580090034753,0.0002652149814821314,0.0030370787426363677,0.0020363210060168058,0.3140996638685465,0.000847915442136582
IL_3731984,0.1207397235557437,0.5743927508592606,0.002082904218696058,0.05139944050461054,0.0009100980023504235,0.003111186088062823,0.00044048112249583937,0.013845548499375582,0.00411771226208657,0.22848432883620262,0.00047584409185219556
IL_3743750,0.03814480593428016,0.7823336273431778,0.00029895846819272265,0.14177135191857815,0.007709317491389811,0.00018339395865041297,9.266125834983541e-05,0.004710646579042077,0.02061180304735899,0.003057881782297045,0.0010855883738258854
IL_3769258,0.5427986681461334,0.09669985622167587,0.0003979396387876477,0.22261663060635328,0.00025544289383105934,0.0005168977404537145,0.00022348489892465295,0.002209796424722299,0.008929146570153534,0.12509675417095423,0.0002553681770223193
IL_3770691,0.026925422018393874,0.7469125688076019,0.0035761728504439816,0.10957631189376116,0.01810944953467697,0.0018006157042691484,0.00017706672588246875,0.00862978387158364,0.008252834784798324,0.07492734864354134,0.0011124083102913573
IL_3795536,0.04533858364447951,0.03362588211894035,9.61612822720781e-05,0.04277083044871688,0.00011696718229359249,0.00010132834813703084,9.521078482066514e-05,0.0007761006272630766,0.0006176782844704576,0.8763474524021149,0.00011381734020687873
IL_3825170,0.018301065312698483,0.5266149938106537,0.00031939563632477075,0.42653749883174896,0.0008477242226945236,0.00016867432714207098,0.00013288344962347765,0.00455087426234968,0.016683051246218383,0.005607983795925975,0.0002358647034270689
IL_3849919,0.01489744451828301,0.564790278673172,0.0006137266173027456,0.2444639466702938,0.00348809827119112,0.00034166627301601693,0.00019143475765304174,0.012525438447482884,0.15585325472056866,0.0019153440953232348,0.0009193640580633655
IL_3863962,0.04853967553935945,0.12175041623413563,0.0003835050738416612,0.19549814518541098,0.0004899080886389129,0.0005997354783175979,0.00020457382015592884,0.001801089383661747,0.001734342033159919,0.6283759996294975,0.0006225876059033908
IL_3890738,0.015992946224287152,0.45703577622771263,0.0046710093738511205,0.03725149901583791,0.00030580643579014577,0.002098403128911741,0.00036610010283766314,0.009589138673618436,0.004092666698852554,0.4679499976336956,0.0006466499471571296
IL_3916806,0.027207471895962954,0.846507117152214,0.00016838913688843604,0.10948094725608826,0.00031730751652503386,0.00012008107660221867,0.00016031129962357227,0.0021016382379457355,0.009844794170930982,0.004025994334369898,6.595500144612743e-05
IL_3918658,0.004339299339335412,0.42508362978696823,0.00022036082373233512,0.00808016408700496,0.0001895640161819756,0.0004422885467647575,0.0009600939956726506,0.002484578377334401,0.0022402640606742352,0.5557081922888756,0.0002515580636099912
IL_3925046,0.03361603454686701,0.07791806291788816,0.000178600697836373,0.08951032720506191,0.00016535697614017408,0.0002222529219579883,0.00011908969463547692,0.0011841001905850135,0.0013276560202939436,0.7955523282289505,0.00020616434267139994
IL_3944678,0.12612556386739016,0.1162720862776041,0.008100252831354737,0.5863620117306709,0.0016028645768528804,0.0008496991649735719,0.0019672552589327097,0.01801264751702547,0.1378269698470831,0.002534447063226253,0.000346195502061164
IL_3989231,0.0007027056271908805,0.00627880688989535,0.0017682840407360345,0.004846007097512484,0.00040071000694297254,0.0018914422689704224,0.0002578959374659462,0.02496607811190188,0.9583833068609238,0.00013596346070698928,0.0003688202723424183
IL_4014940,0.024926327634602785,0.8388634771108627,0.00012271475861780345,0.10432848893105984,0.00043908064253628254,0.00011311720300000161,0.00010821095656865509,0.004180123272817582,0.0022166819544509053,0.02461171126924455,9.005327501654392e-05
IL_4030473,0.2676115781068802,0.5773746892809868,0.0017895350902108476,0.041442401707172394,0.0005202468601055443,0.003170021387632005,0.00034347765540587716,0.003084311174461618,0.04822130047250539,0.056050865445286036,0.00039158740037237294
IL_4032940,0.2618188075721264,0.5328101962804794,0.0016658920794725418,0.09928217623382807,0.000690980268700514,0.0006706698986818083,0.00025834610642050393,0.009017335367389023,0.012466444983147085,0.08080967608839273,0.000509483135829214
IL_4048093,0.034193317871540785,0.1423691213130951,0.000662854279653402,0.08303596870973706,0.00120009283273248,0.00030476009123958647,0.00019649449313874356,0.0023865835973992944,0.0018988922092830762,0.7332660257816315,0.0004858950705965981
IL_4102420,0.2445205356925726,0.208396403118968,0.0034234672057209536,0.10530062858015299,0.0004651043964258861,0.0010168337321374565,0.00034183971365564503,0.0028906914812978357,0.0031588593556080014,0.4297064244747162,0.0007792163742124103
IL_4113222,0.007729358330834657,0.023456998402252793,0.00019591572345234454,0.6863025426864624,0.00021733856920036487,0.0003024778598046396,0.0001354015857941704,0.0017474914784543216,0.004181436088401824,0.2754307445138693,0.0003002757621288765
IL_4121028,0.02244836464524269,0.799796998500824,0.002064243089989759,0.10984234139323235,0.00040190901927417144,0.0008194400506909005,0.0003617251895775553,0.0069306460209190845,0.005851599504239857,0.05111404787749052,0.0003686780146381352
IL_4137970,0.02254527574405074,0.15005666576325893,0.00019256640371168032,0.30312882736325264,0.0003374465522938408,0.00014858180838928092,0.00015504427210544236,0.0016623317642370239,0.001416764542227611,0.5199424922466278,0.00041401836278964765
IL_4183780,0.03536137891933322,0.7572696506977081,0.00028781144283129834,0.16350949928164482,0.0010820287570822984,0.0015108248917385936,0.00028306336389505304,0.006256074528209865,0.002110174566041678,0.03099018638022244,0.0013393242115853354
IL_4205103,0.019078108947724104,0.6590192764997482,0.0002468414695613319,0.06960778310894966,0.0003969661775045097,0.00040074950447888114,0.00036267318682803307,0.0044763460755348206,0.0020476579957176,0.24385710060596466,0.0005065139994258061
IL_4212360,0.01593100349418819,0.8036179393529892,0.0006387162575265393,0.16441919654607773,0.00130127996817464,0.001386282321618637,0.00012542643344204407,0.004781720286700875,0.0035701680462807417,0.003669456986244768,0.0005588196436292492
IL_4217178,0.03451278945431113,0.8533396273851395,0.0002924886193795828,0.06795164849609137,0.0019921608036383986,0.00014713340351590887,9.23279658309184e-05,0.004292009718483314,0.02009277674369514,0.017144533689133823,0.00014250837557483464
IL_4273134,0.018584807636216283,0.35603683441877365,0.0002207171819463838,0.049959348514676094,0.0004825458127015736,0.00017165011740871705,0.0017407901032129303,0.0038611017225775868,0.0021892859367653728,0.5665162056684494,0.0002367080669500865
IL_4304678,0.10841794405132532,0.4979117810726166,0.00114804481563624,0.021379378158599138,0.002001046246732585,0.0007373178523266688,0.0011747367680072784,0.0060147526091896,0.0013600101956399158,0.3590918928384781,0.0007630764521309175
IL_4365221,0.053865356370806694,0.8551938980817795,0.0009782717897905968,0.05743063846603036,0.00041039557982003316,0.000720127958629746,0.00011639384138106834,0.008177174255251884,0.010228476719930768,0.012770623783580959,0.00010861609735002276
IL_4377002,0.09942765021696687,0.03842739062383771,0.0006382781539286952,0.11354984249919653,0.00031673177181801293,0.0011323687485855771,0.00012254453304194612,0.0025318319894722663,0.004750853811856359,0.7387821227312088,0.0003203832202416379
IL_4378654,0.05039916327223182,0.6302570328116417,0.00040744464058661833,0.276723001152277,0.0005274640279822052,0.0007204164612630848,0.00015725489538453985,0.0031341788126155734,0.006549572106450796,0.03034166875295341,0.0007828341404092498
IL_4383984,0.014095937833189964,0.06758505199104548,0.0050020572380162776,0.4040902704000473,0.0006746252911398187,0.015605732405674644,0.0007132426835596561,0.3542105667293072,0.13527764193713665,0.0012104187189834192,0.0015344601270044222
IL_4392618,0.07649223785847425,0.18914191611111164,0.0003669818543130532,0.044921453576534986,0.0036027145688422024,0.0014854863984510303,0.0005093114414194133,0.0026182872243225574,0.0023176752438303083,0.6781116276979446,0.00043229147195233963
IL_4393410,0.05120006203651428,0.6151731014251709,0.01704201998654753,0.0537897190079093,0.0009331456240033731,0.03884080320131034,0.0008473738853354007,0.00971905910409987,0.0061466440092772245,0.2052852101624012,0.0010228691389784217
IL_4404293,0.416010994464159,0.09249924588948488,0.0009155799416475929,0.06469248235225677,0.00021442529759951867,0.0004932215088047087,0.0007885211089160293,0.004400224512210116,0.001599821145646274,0.4182405471801758,0.00014492528862319887
IL_4407167,0.025400783633813262,0.4406149685382843,0.0006575540028279647,0.06934624072164297,0.0005566446197917685,0.0006626798058277927,0.0001908788617583923,0.0017972588539123535,0.004072154639288783,0.4548458680510521,0.0018549649830674753
IL_4418818,0.012137924553826451,0.9132008403539658,0.0009660676514613442,0.046004271134734154,0.002992437352077104,0.0008005036361282691,0.002251993842946831,0.013814523787004873,0.004113599250558764,0.0034170972066931427,0.0003007420673384331
IL_4429583,0.002469761442625895,0.08697785250842571,0.0011608985369093716,0.03374249255284667,0.0007150228848331608,0.0005506759152922314,0.0017083434504456818,0.8469001948833466,0.022032872075214982,0.0021729007858084515,0.0015689940555603243
IL_4447995,0.23539466224610806,0.23735669441521168,0.00041030980355571955,0.25240787118673325,0.0004494582972256467,0.0005931948544457555,0.00022911212727194652,0.0038701147423125803,0.15738737490028143,0.11168793868273497,0.0002132707268174272
IL_4474915,0.012027400778606534,0.06919739628210664,0.00011087654547736747,0.03837452968582511,0.00025677462872408796,0.00010768585889309179,6.542546816490358e-05,0.0010751102090580389,0.0005983153168926947,0.877961203455925,0.00022527971123054158
IL_4556052,0.0473840544000268,0.024264957290142775,9.342722478322685e-05,0.026091616600751877,0.0002515211108402582,0.00016667322779539973,0.00013894817129767034,0.0004948398709530011,0.0006239832218852825,0.9003515690565109,0.00013842431053490145
IL_4629710,0.01940165343694389,0.8504715412855148,0.0007117146233213134,0.07753246929496527,0.0012027786578983068,0.0017465985438320786,0.00018164414905186277,0.0031680598331149668,0.0022702839341945946,0.04174758540466428,0.0015657096082577482
IL_4631015,0.014907654898706824,0.025544624077156186,0.00862792314728722,0.06821037316694856,0.0005840622870891821,0.0009238143356924411,0.00031016500361147337,0.8554318994283676,0.024111725273542106,0.0008989343332359567,0.00044882616839458933
IL_4632594,0.0002041617080976721,0.0007377539222943597,0.0006116004005889408,0.00144986565283034,0.00018091749370796606,5.7047517202590825e-05,3.630409582910943e-05,0.0636962209828198,0.9328896850347519,7.047635244816775e-05,6.594784917979268e-05
IL_4640947,0.4305644892156124,0.24880390241742134,0.038370498921722174,0.09776688227429986,0.002665479201823473,0.0043246834829915315,0.00027576157299336046,0.005829507834278047,0.0300140876788646,0.14003841951489449,0.0013462931383401155
IL_4652828,0.035071235382929444,0.8041902184486389,0.0005932265994488262,0.07749710464850068,0.0030925236642360687,0.0005657900182995945,0.0005448688243632205,0.02299036388285458,0.01914215157739818,0.0358597245067358,0.00045281104394234717
IL_4673376,0.000567387010960374,0.0057336908066645265,0.0009813129254325759,0.0018693801102926955,0.0004112971873837523,0.00013714501983486116,0.0006035898804839235,0.06813757214695215,0.9208741188049316,0.00023016609156911727,0.0004543431023193989
IL_4698973,0.11761648021638393,0.7456162124872208,0.00017210291844094172,0.0856819823384285,0.0001384318748023361,0.00011911326691915747,0.0001537350417493144,0.00140302354702726,0.00284583997563459,0.046088079921901226,0.00016503084043506533
IL_4703518,0.055124341044574976,0.5567541569471359,0.0019324541790410876,0.3364923968911171,0.0032071385940071195,0.0008923337809392251,0.00021179863506404217,0.014005177421495318,0.01554444048088044,0.01432410441339016,0.0015116763534024358
IL_4708155,0.014422815409488976,0.02044804790057242,0.01135253778193146,0.04513466125354171,0.004198180424282327,0.019164323341101408,0.0005700143301510252,0.25091642513871193,0.6315505504608154,0.0009762420668266714,0.0012661985965678468
IL_4733323,0.22444183751940727,0.5067100450396538,0.0009523629123577848,0.20449641719460487,0.0016082849324448034,0.0006791607738705352,0.0003534537336236099,0.0029859919450245798,0.0016263706784229726,0.055927456356585026,0.00021860970809939317
IL_4738780,0.026727834716439247,0.7865350991487503,0.0032695855770725757,0.01970008632633835,0.01281696860678494,0.01883255416760221,0.002801605238346383,0.09210146218538284,0.005994536477373913,0.029969921917654574,0.0012503346370067447
IL_4747648,0.083900211378932,0.6518284156918526,0.00044906722177984193,0.1712600775063038,0.0009509476803941652,0.0006256442065932788,0.0001815449049900053,0.0055515420390293,0.006855684448964894,0.07501944433897734,0.0033774358162190765
IL_4761308,0.2565179727971554,0.5580592080950737,0.0004956289776600897,0.05321041215211153,0.0002732655811996665,0.0004482988006202504,0.00015561388681817334,0.0018369150493526831,0.0016417446313425899,0.1260953349992633,0.0012655749087571166
IL_4787245,0.20288188569247723,0.11635675560683012,0.00013224205758888274,0.14702562987804413,0.00017532634592498653,0.00020974409198970534,0.00014402529268409126,0.0011931570479646325,0.0014100112748565152,0.5300731509923935,0.00039806376298656687
IL_4796202,0.030631628818809986,0.8863509744405746,0.00031311936618294567,0.0645150002092123,0.000379817694920348,0.0002802313392749056,0.00012278273061383516,0.0022706181334797293,0.0019312724762130529,0.013075136695988476,0.0001294270532525843
IL_4805993,0.005642522999551147,0.8671386390924454,0.0005471911499626003,0.06979550141841173,0.0036483749572653323,0.00016326628428942058,5.267451524559874e-05,0.002866186812752858,0.004642225394491106,0.04499834682792425,0.0005050495055911597
IL_4840188,0.05847922572866082,0.6274605169892311,0.00044113675539847463,0.15329759754240513,0.00609866005834192,0.0003599662995839026,0.00016203376253542956,0.0069381119683384895,0.0057155258837156,0.14075072295963764,0.000296494765279931
IL_4848599,0.01445295917801559,0.7469405382871628,0.0005899943862459622,0.20236117206513882,0.0017721955955494195,0.006996011303272098,0.0007408313467749394,0.012362843262962997,0.003156546503305435,0.010287871700711548,0.0003390265082998667
IL_4848977,0.1326762014068663,0.6210295408964157,0.0009236980040441267,0.1729192603379488,0.000749996499507688,0.006361251522321254,0.0005382845756685128,0.010946737311314791,0.004133531736442819,0.04714194987900555,0.002579574196715839
IL_4907451,0.03243289701640606,0.055111927911639214,9.037472227646504e-05,0.055680162739008665,0.00023683986728428863,0.0002476291756465798,9.553520249028224e-05,0.0009046198028954677,0.0008243851334555075,0.8542153388261795,0.00016031109407776967
IL_4912944,0.11445070337504148,0.3588290885090828,0.025662528816610575,0.05744207510724664,0.0009799059262149967,0.0057966588356066495,0.001022977608954534,0.013176273670978844,0.006388604233507067,0.4147016331553459,0.0015495465777348727
IL_4926820,0.0014696723519591615,0.025967022171244025,0.0014602310548070818,0.06241701147519052,0.0008287376767839305,0.00033998100116150454,0.0006214960812940262,0.7878087908029556,0.11474262457340956,0.0010250420673401095,0.0033193839044542983
IL_4928787,0.03177829924970865,0.8221775889396667,0.00024567347645643167,0.1222799401730299,0.003229266731068492,0.00021596384067379404,0.0005479921328515047,0.008108193113002926,0.006845292693469673,0.00430736385169439,0.00026443535170983523
IL_4936385,0.12558485940098763,0.06558383954688907,0.004797306493856013,0.5031452402472496,0.000479607107990887,0.0008141142170643434,0.0006027108975104056,0.29163893684744835,0.005613677261862904,0.0013434399734251201,0.00039628866215934977
IL_4942231,0.32024802453815937,0.07428531628102064,0.00052168924594298,0.2634141482412815,0.0005805311011499725,0.0024313274770975113,0.0002648374684213195,0.005468060844577849,0.007494751189369708,0.3247701860964298,0.0005211181269260123
IL_4953244,0.16959138214588165,0.5353266000747681,0.0005225584900472313,0.06964662484824657,0.0006599408770853188,0.0001965712599485414,0.00022237772645894438,0.002954502881038934,0.001828166248742491,0.21843009255826473,0.0006211786094354466
IL_4955020,0.2465222254395485,0.39482947438955307,0.0004591056640492752,0.1569675114005804,0.0036368769651744515,0.0012324124545557424,0.0005857847136212513,0.008372521842829883,0.004946541623212397,0.18171599134802818,0.0007315386028494686
IL_4964046,0.10419406741857529,0.18227221444249153,0.0002888369017455261,0.05903135985136032,0.0003675916013889946,0.00040486696889274754,0.0003615328314481303,0.002898251172155142,0.0015481306181754917,0.6482450440526009,0.00038811667036497965
IL_4983934,0.07494654227048159,0.6788233891129494,0.000894952354428824,0.051588722970336676,0.0005218709557084367,0.001189220514788758,0.000320591039780993,0.010561747127212584,0.011804852692876011,0.16222833283245564,0.0071197686629602686
IL_4994761,0.08401134889572859,0.1649448201060295,0.002206189230491873,0.34451036527752876,0.0004647377645596862,0.00034659898301470093,0.00047472156438743696,0.3726731464266777,0.028223198372870684,0.0018511407834012061,0.0002937198987638112
IL_5016487,0.02213592908810824,0.051083422265946865,0.0006826216849731281,0.8622353821992874,0.0005300506672938354,0.0002002805358642945,0.0003333760687382892,0.03382911789231002,0.012761069054249674,0.015455426240805537,0.0007533292737207375
IL_5018680,0.0643437267281115,0.6832903698086739,0.004383445106213912,0.026423063245601952,0.0027071038348367438,0.005152688565431163,0.0006443506572395563,0.0059863002970814705,0.003059496113564819,0.19902755692601204,0.0049818941042758524
IL_5117306,0.010193758818786591,0.8998993486166,0.0003566415725799743,0.07203956972807646,0.000516243526362814,0.0001897156071208883,8.52509592732531e-05,0.0033786432177294046,0.009523966466076672,0.003574477566871792,0.00024239232880063355
IL_5136565,0.1300448952242732,0.12858120072633028,9.980890627048211e-05,0.05260167038068175,0.00042899168147414457,0.00010540529547142796,0.00014981915774114896,0.000663785103824921,0.0006382652427419089,0.6865838840603828,0.00010227967686660122
IL_5150961,0.03623159881681204,0.1569698117673397,0.0001780910970410332,0.04136846261098981,0.0006460121403506491,0.00036307639311417006,0.00020036585192428902,0.0014487229782389477,0.0015070688241394237,0.7608469426631927,0.00023985804000403732
IL_5152620,0.03318376955576241,0.5653827339410782,0.0010560227674432099,0.28240080922842026,0.0037937147862976417,0.001422738510882482,0.000727195649233181,0.01679060165770352,0.018486784771084785,0.07579821348190308,0.0009574018331477419
IL_5171099,0.002952310664113611,0.9645097404718399,0.00027823013806482777,0.004753206158056855,0.0003707882897288073,0.00027940595282416325,4.421363428264158e-05,0.002111057852744125,0.006667300476692617,0.01780251646414399,0.00023121181766327936
IL_5172506,0.021309467498213053,0.041040267096832395,0.002443424382363446,0.05970752611756325,0.001331687846686691,0.000464562948764069,0.00048728038018452935,0.8113772124052048,0.05857363622635603,0.001836477022152394,0.0014284332428360358
IL_5188190,0.09420972969383001,0.38255758211016655,0.0012957662911503576,0.17643377650529146,0.0017384384118486196,0.004039227147586644,0.0017128863401012495,0.01134505303343758,0.08747400622814894,0.20037083141505718,0.038822710514068604
IL_5192693,0.01816264120861888,0.2425975538790226,0.0002454703972034622,0.09226978477090597,0.00026026305567938834,0.00019014863210031763,0.00015932121641526464,0.0012801418342860416,0.002081329352222383,0.6425253003835678,0.00022802780222264118
IL_5195971,0.03531463863328099,0.7289674282073975,0.0005197736390982755,0.13425799272954464,0.0025882032641675323,0.0007076585898175836,0.00019119502576359082,0.0064569805399514735,0.053034995682537556,0.03647533943876624,0.0014858024660497904
IL_5199215,0.004804463620530441,0.006678160629235208,0.0012508104409789667,0.12552010593935847,0.0003612971595430281,0.0008431375135842245,0.0002750516214291565,0.8339025974273682,0.025383386062458158,0.0005844828010594938,0.0003965113537560683
IL_5202722,0.057183203753083944,0.029600610956549644,0.022036825539544225,0.57900220900774,0.0012636532046599314,0.0004987952634110115,0.0004681001555582043,0.26570724323391914,0.04250854451674968,0.001193597294331994,0.0005372406558308285
IL_5227274,0.07592200301587582,0.45942272990942,0.00040073468335322104,0.33093077689409256,0.006192871063831262,0.00033115475889644586,0.0019783793832175434,0.019329630536958575,0.02454891917295754,0.08071261644363403,0.00023017223793431185
IL_5227787,0.16024399176239967,0.6434626579284668,0.0005451825982163427,0.06927193608134985,0.0007964037140482105,0.0005976285028737038,0.00021687358093913645,0.0026597466494422406,0.011741067515686154,0.10928162652999163,0.001182882933790097
IL_5242598,0.1854224856942892,0.48403309285640717,0.000632912378932815,0.15333029814064503,0.003662423463538289,0.0036517269327305257,0.0004955555268679745,0.006811044819187373,0.01259369938634336,0.14878811594098806,0.0005786503170384094
IL_5308378,0.009504387620836496,0.010535763227380812,0.002089429384795949,0.14381487295031548,0.013053777278400958,0.0045239750179462135,0.0005373507156036794,0.19362642988562584,0.6209609881043434,0.0007139480949263088,0.0006390782364178449
IL_5330356,0.011262079700827599,0.6603123247623444,0.0026605376333463937,0.15088763181120157,0.03355957195162773,0.002449579245876521,0.0003989154538430739,0.08824875857681036,0.044412874383851886,0.004735573951620609,0.001072149105311837
IL_5334240,0.032821510918438435,0.28861261531710625,0.002580176660558209,0.24725040793418884,0.009687886224128306,0.012527836253866553,0.005895255671930499,0.1359971221536398,0.19382763095200062,0.003930682549253106,0.06686889985576272
IL_5360549,0.4372417740523815,0.031286886893212795,0.00018570426618680358,0.03620427753776312,0.0002236894470115658,0.000635236079688184,0.0001243977530975826,0.001002692268230021,0.0009731965983519331,0.49201180040836334,0.00011031735994038172
IL_5383665,0.2270329836755991,0.09765386674553156,0.00038263645546976477,0.40567416697740555,0.0008376153200515546,0.000645799700578209,0.00022824246116215363,0.0030434109212365,0.004704414750449359,0.2587088793516159,0.001087982273020316
IL_5417792,0.000513606228196295,0.002445276448270306,0.00283699540887028,0.005801504012197256,0.00046608763841504697,0.0002897725462389644,6.909673265909078e-05,0.021541900001466274,0.9652554839849472,0.0002356383793085115,0.0005446349932753947
IL_5419157,0.06278328644111753,0.7173921912908554,0.0012422772269928828,0.03573367418721318,0.0017594783857930452,0.004167704377323389,0.00014173267481965013,0.05793299712240696,0.09410237893462181,0.01773675426375121,0.007007517386227846
IL_5461503,0.05726951826363802,0.31832462549209595,0.0015146185323828831,0.03085530106909573,0.006623485198360868,0.0009725434538268019,0.0010823280572367366,0.010769052198156714,0.0017046526772901416,0.569975920021534,0.0009079666560865007
IL_5484022,0.13082646066322923,0.2946271598339081,0.0003204998101864476,0.025119326543062925,0.006435276824049652,0.0006152196292532608,0.0005616206817649072,0.0042284301307518035,0.001304171368246898,0.5356197133660316,0.0003421300498303026
IL_5489843,0.008373963413760066,0.7593881636857986,0.00016353588580386713,0.04405082482844591,0.0005241690596449189,0.00029883990646339953,0.00010627915526129073,0.002449965482810512,0.001338074915111065,0.18242561258375645,0.0008805676770862192
IL_5493219,0.10493856761604548,0.06233537709340453,0.0002768682134046685,0.030107981991022825,0.00018030291721515823,0.00024752905301284045,8.293226073874393e-05,0.0006741746183251962,0.0008306276213261299,0.8002515286207199,7.411915612465236e-05
IL_5512024,0.0831197639927268,0.08195777330547571,0.0002364251467952272,0.09787208866328001,0.0034757285029627383,0.0015451307699549943,0.0002835532395693008,0.0025685830478323624,0.0017534832586534321,0.7269306108355522,0.00025688347886898555
IL_5545711,0.06387036759406328,0.02047148486599326,0.006954535580007359,0.6228330358862877,0.0010959735081996769,0.0005331871216185391,0.0005048212697147392,0.24569608643651009,0.03533173352479935,0.0014985348680056632,0.0012102155378670432
IL_5552679,0.07503841631114483,0.3891229070723057,0.0020913686021231115,0.15503174997866154,0.004649259819416329,0.0010407969457446598,0.0007369665254373103,0.003890691907145083,0.0034281844564247876,0.36440011113882065,0.0005695124564226717
IL_5562172,0.29415144212543964,0.3272970914840698,0.0008039052772801369,0.04880866641178727,0.0003317953123769257,0.00032281511630571913,0.0003027363491128199,0.0066379018826410174,0.0023031037708278745,0.31866269931197166,0.00037785845779580995
IL_5584877,0.13699412159621716,0.32173915579915047,0.05427362071350217,0.18224074132740498,0.0013742647279286757,0.006935733137652278,0.0033285970566794276,0.19463073648512363,0.086104242131114,0.007635686604771763,0.004743114172015339
IL_5603161,0.1364723350852728,0.09084283746778965,0.002904543885961175,0.6030895188450813,0.008943206048570573,0.0008657064608996734,0.001153553617768921,0.08502159640192986,0.06380975525826216,0.005403074494097382,0.0014938713429728523
IL_5609972,0.19970320723950863,0.04639701684936881,0.00027938414132222533,0.45982959121465683,0.0002592824148450745,0.00024253220908576623,0.0005146795774635393,0.03849007678218186,0.0025308031763415784,0.2514681741595268,0.0002852490324585233
IL_5632066,0.0034053816343657672,0.046260636299848557,0.0038074220065027475,0.040712958201766014,0.08258347306400537,0.001488883513957262,0.0005298670512274839,0.07389658316969872,0.6471969932317734,0.0008877445798134431,0.09923005197197199
IL_5671982,0.02246755629312247,0.8003325462341309,0.0015419265255331993,0.14228281285613775,0.0015201359638012946,0.00611932241008617,0.00017658935757935978,0.007415896689053625,0.003051655483432114,0.014868760947138071,0.00022280533630691934
IL_5695938,0.07994671957567334,0.4492157772183418,0.0022205497953109443,0.36525795236229897,0.02405790612101555,0.021791742648929358,0.00045624842459801584,0.028626573155634105,0.017697047209367156,0.01042364805471152,0.00030585217609768733
IL_5698172,0.01525965379551053,0.522555235773325,0.00208674710302148,0.04778477782383561,0.002387337910477072,0.335861936211586,0.00047923166857799515,0.023306813091039658,0.0036165339406579733,0.0438879644498229,0.0027737697528209537
IL_5712655,0.2477714754641056,0.08309330977499485,0.0009308229055022821,0.3018416464328766,0.005896344577195123,0.0005963087460258976,0.00024306296836584806,0.003072305320529267,0.13832429144531488,0.21757257170975208,0.0006578456959687173
IL_5746899,0.2116542924195528,0.1871786843985319,0.00033872546555357985,0.0855927774682641,0.00039496185854659416,0.00022716745297657326,0.0033632169142947532,0.012822829652577639,0.00228621595306322,0.49577146396040916,0.00036965737308491953
IL_5770284,0.0002227680670330301,0.00041104439878836274,4.4307678308541654e-05,0.002635554803418927,5.920059493291774e-05,0.0001097551648854278,2.6213065211777575e-05,0.0019020494946744293,0.9945222735404968,2.9819107112416532e-05,3.702686785800324e-05
IL_5841112,0.000522644604643574,0.000654067742289044,6.580085346286069e-05,0.006558394146850333,0.0009302572070737369,4.461946582523524e-05,4.0842000089469366e-05,0.002416300238110125,0.9886155873537064,7.82238898864307e-05,7.322388137254165e-05
IL_5873278,0.08973399735987186,0.5499676167964935,0.0016865011712070554,0.040328736416995525,0.023598832078278065,0.0014024239062564448,0.00666062644449994,0.03692051861435175,0.011866198037751019,0.23670410364866257,0.0011304424260742962
IL_5886154,0.4231012463569641,0.009833312127739191,0.008965514221927151,0.522557720541954,0.0005503992069861852,0.00062968535348773,0.00019045077715418302,0.014536957605741918,0.018767735455185175,0.0007845898653613403,8.238927966885967e-05
IL_5891440,0.038119406439363956,0.22096818313002586,0.0003139092295896262,0.5043473541736603,0.0005317801878845785,0.0002212098697782494,0.0001866190432338044,0.006890419404953718,0.0024587410443928093,0.22536811046302319,0.0005942796051385812
IL_5907718,0.03196870582178235,0.11431995686143637,9.502556349616498e-05,0.006611473567318171,0.00013932692763773957,0.0001334608932666015,8.163706479535904e-05,0.001016664900816977,0.0005173836871108506,0.8450071811676025,0.00010914722133748
IL_5913331,0.12441525142639875,0.5691496580839157,0.01906854467233643,0.02813104446977377,0.00045608320215251297,0.19764527212828398,0.000496254022436915,0.004777361114975065,0.010681021143682301,0.042729934910312295,0.0024495719408150762
IL_5917748,0.057034529745578766,0.7694361805915833,0.00030767863427172415,0.02932452317327261,0.0003339053400850389,0.00025826623459579423,0.0022912948406883515,0.001810624700738117,0.0008607608760939911,0.13792376965284348,0.00041847741522360593
IL_5924119,0.00024095445951388683,0.00075930525053991,0.00011869995887536788,0.0009297436190536246,9.620772834750824e-05,9.424045492778532e-05,5.724343895963102e-05,0.0042396453354740515,0.9933630526065826,6.603743258892791e-05,3.489993514449452e-05
IL_5926691,0.005745007452787831,0.009283675230108202,0.000609991155215539,0.04323343141004443,0.002973445923998952,0.0002682875783648342,0.0002932449606305454,0.27900268137454987,0.6573832705616951,0.0005655090208165348,0.0006414434246835299
IL_5932158,0.25463690608739853,0.3281012177467346,0.00514913973165676,0.27886803448200226,0.0012873202795162797,0.006794019776862115,0.000758241607400123,0.006824374606367201,0.02872218214906752,0.08690872089937329,0.0019498410838423297
IL_5978307,0.0034274166682735085,0.045829429756850004,0.000833033278468065,0.06698376405984163,0.007708464778261259,0.001487637622631155,0.0012805605365429074,0.08383699739351869,0.7865830957889557,0.0013059982738923281,0.0007235908706206828
IL_6000978,0.03235371457412839,0.40715327113866806,0.004598403698764741,0.4791513830423355,0.010888084769248962,0.0034034419659292325,0.0005392995626607444,0.01745235617272556,0.007283614715561271,0.03654225263744593,0.0006341870030155405
IL_6012528,0.018713958794251084,0.36215828731656075,0.0001736790218274109,0.04587109154090285,0.0007909224768809509,0.00024713257153052837,0.0001452039132345817,0.0015551879478152841,0.0012644778471440077,0.5684054419398308,0.0006746311482856981
IL_6031916,0.1046397564932704,0.5647459477186203,0.0034724033903330564,0.08171047456562519,0.006724583392497152,0.1429444896057248,0.0003222013656341005,0.014775030896998942,0.04334956593811512,0.02861933968961239,0.008696229255292565
IL_6046824,0.06650048587471247,0.6410493478178978,0.0015586070658173412,0.11569065880030394,0.0006099277816247195,0.0005330878120730631,0.0025216769354301505,0.029816073598340154,0.009624636441003531,0.1310638366267085,0.0010316543266526423
IL_6051806,0.013348989305086434,0.3865230865776539,0.0031987291004043072,0.1764537040144205,0.00023972391863935627,0.00036775603439309634,0.0004768217622768134,0.39511558786034584,0.022602849057875574,0.000911053633899428,0.0007617056580784265
IL_6066131,0.17822570353746414,0.5851701721549034,0.0002864942071028054,0.040978485718369484,0.00025697812452563085,0.00018350547179579735,0.0002212698382209055,0.004488986101932824,0.0018333139887545258,0.18806267343461514,0.00029240305957500823
IL_6070882,0.15031413361430168,0.13546234089881182,0.00017926877990248613,0.08458629157394171,0.00038056509583839215,0.0003525592328514904,0.00017370443674735725,0.0013039293844485655,0.005247133143711835,0.6216982007026672,0.00030186501317075454
IL_6075447,0.06799118826165795,0.726115919649601,0.001114489983592648,0.08241235837340355,0.0004660745689761825,0.0009934317058650777,0.00016627709737804253,0.0028053997666575015,0.022813290706835687,0.09479494579136372,0.0003266205749241635
IL_6099493,0.01774502405896783,0.8899728357791901,0.001195299337268807,0.06126147322356701,0.0013266366004245356,0.00026682451789383776,0.0006757474684491172,0.014973651384934783,0.007459965243469924,0.004218704940285534,0.0009038135758601129
IL_6099858,0.02740297932177782,0.8286851793527603,0.00029050793818896636,0.0565918143838644,0.0005757062681368552,0.004818588175112382,0.0001915867396746762,0.004060296749230474,0.0012356130901025608,0.0753856310620904,0.0007620941687491722
IL_6129083,0.002237435430288315,0.016996764577925205,0.010845023789443076,0.056975963059812784,0.032934410381130874,0.0021176663576625288,0.0006189746018208098,0.03751275409013033,0.8375494480133057,0.0012689516152022406,0.0009426170945516787
IL_6163594,0.39755550771951675,0.15349071845412254,0.00035304389530210756,0.20796661637723446,0.005041455326136202,0.0016871485859155655,0.0003572434652596712,0.003650009515695274,0.008017087762709707,0.22144712135195732,0.00043403190647950396
IL_6164735,0.044587086886167526,0.3030312731862068,0.0004999502089049201,0.337871927767992,0.004992072586901486,0.014148934511467814,0.0007699451671214774,0.039976128144189715,0.011400000716093928,0.24159932881593704,0.001123356938478537
IL_6191818,0.0048882678092923015,0.03409850737079978,0.0023554299114039168,0.21572725381702185,0.0002710886619752273,0.0045124784810468554,0.00019146405247738585,0.0023663630709052086,0.0014153230149531737,0.7335953265428543,0.0005784894528915174
IL_6197538,0.04479179810732603,0.39462895691394806,0.0021357004588935524,0.15264846943318844,0.0005572906593442895,0.0011571542054298334,0.00045153652172302827,0.172424147836864,0.16788679733872414,0.0626327758654952,0.000685376682667993
IL_6214063,0.41782018169760704,0.166008822619915,0.00033633924249443226,0.17851983197033405,0.0011709218815667555,0.0018350777681916952,0.000346144603099674,0.0029636981489602476,0.0024296731571666896,0.22814170084893703,0.00042759612915688194
IL_6247837,0.07868515513837337,0.768414169549942,0.001057956731528975,0.07590211182832718,0.0006044841211405583,0.0013605092899524607,0.0003586434140743222,0.011037479853257537,0.029598337365314364,0.03171880613081157,0.0012623616348719224
IL_6254530,0.006838983157649636,0.15815600752830505,0.0007356355636147782,0.0938669613096863,0.01651613158173859,0.001895621360745281,0.002919295890023932,0.16514340788125992,0.5497826933860779,0.0034378883719909936,0.0007073746673995629
IL_6298296,0.11087567638605833,0.6755252033472061,0.01862459525000304,0.055794126354157925,0.0029091166506987065,0.07074085623025894,0.00038050235889386386,0.009109832462854683,0.036123519064858556,0.01750981993973255,0.00240674294764176
IL_6311333,0.031616026535630226,0.41933057457208633,0.0002824814546329435,0.01950767752714455,0.0003885995211021509,0.00035720059167942964,9.616389070288278e-05,0.0012155408185208216,0.001006205908197444,0.5254457220435143,0.0007538061727245804
IL_6364048,0.0563048655167222,0.6932196691632271,0.014298108289949596,0.08621526509523392,0.013347499480005354,0.0292977977078408,0.0008501097436237615,0.04086755320895463,0.02792034368030727,0.02946845325641334,0.008210374740883708
IL_6375582,0.009337341878563166,0.7587287873029709,0.00066121371492045,0.19721440225839615,0.002167927334085107,0.003910089180862997,0.0002568342515587574,0.008353090728633106,0.006750715838279575,0.011997882975265384,0.0006217073059815448
IL_6379178,0.03025040333159268,0.10668481793254614,0.0007106933844625019,0.6574409604072571,0.0008772768196649849,0.0003838975935650524,0.0005237348595983349,0.052426624577492476,0.1461398247629404,0.004156724069616757,0.0004050417774124071
IL_6379354,0.4841080904006958,0.07115137949585915,0.0004383337982289959,0.41886384412646294,0.0005478626844706014,0.00030517872801283374,0.00017222656970261596,0.005243769497610629,0.007355488836765289,0.01169216982088983,0.00012165342195658013
IL_6430602,0.035057018510997295,0.3585098832845688,0.0038501067319884896,0.08834381867200136,0.0008540900380467065,0.00045127164412406273,0.00028165879120933823,0.013709458522498608,0.004661337239667773,0.48070256412029266,0.0135787668696139
IL_6444875,0.019989834167063236,0.6401325613260269,0.0003676221240311861,0.25663449987769127,0.0010494041052879766,0.00020353018589958083,0.0002206102763011586,0.017266068374738097,0.002705468621570617,0.060551864095032215,0.0008785186146269552
IL_6483133,0.0014768222026759759,0.005327420774847269,0.0005318245821399614,0.09071780694648623,0.004517737776041031,0.001112136204028502,0.0013285012319101952,0.06905038142576814,0.8254699110984802,0.0002551333491283003,0.00021231694881862495
IL_6492206,0.11592984292656183,0.560520738363266,0.0005699379689758644,0.14001876674592495,0.0006711995702062268,0.000990614847978577,0.00036849889511358924,0.0391747378744185,0.13855486176908016,0.0029153031209716573,0.0002854986596503295
IL_6495967,0.2082588393241167,0.5574044957756996,0.0013824846246279776,0.10515738278627396,0.0011851967574330047,0.025503567303530872,0.0003420181310502812,0.007084133190801367,0.010324006783775985,0.08010591194033623,0.0032519596279598773
IL_6516078,0.009216118196491152,0.06775578390806913,0.0005231981340330094,0.09527047909796238,0.00043589902998064645,0.0005295863484207075,0.00023070521638146602,0.0044460011122282594,0.0025029610842466354,0.818732351064682,0.0003569177570170723
IL_6579859,0.0035803194623440504,0.05382999265566468,0.00439571967581287,0.02506013633683324,0.001665941788814962,0.0004903738481516484,0.0004024592417408712,0.1866887016221881,0.7206951305270195,0.0006173230794956908,0.0025739062257343903
IL_6580455,0.05533741833642125,0.1318918913602829,0.0031854664848651737,0.3505513034760952,0.001225732805323787,0.0006566348383785225,0.0003153564939566422,0.24237502552568913,0.2121252566576004,0.0014366287359734997,0.000899288945220178
IL_6580650,0.0015696938644396141,0.008046205039136112,0.0017899535014294088,0.013118907809257507,0.0004961632585036568,0.0002495222015568288,0.0002447020997351501,0.10074561927467585,0.8731291145086288,0.00033285664903814904,0.00027727421911549754
IL_6601787,0.12377212010324001,0.6865161955356598,0.0006115914511610754,0.13356375228613615,0.0008546918470528908,0.0007426568736264016,0.007942352734971792,0.02640767628327012,0.002625823428388685,0.014038265740964562,0.0029248597275000066
IL_6603212,0.08791779261082411,0.0747048263438046,0.0035816468443954363,0.5158179551362991,0.004316068210755475,0.0206898181932047,0.0019326347974129021,0.08810287993401289,0.20100956037640572,0.0013207076844992116,0.0006061075473553501
IL_6607523,0.022559340810403228,0.61406259983778,0.002096976066241041,0.014985587215051055,0.034701388445682824,0.014210083929356188,0.000700597076502163,0.11358448676764965,0.16583570931106806,0.010091215488500893,0.007172002457082272
IL_6614720,0.07166087999939919,0.6196706742048264,0.0007317231684282888,0.26335654966533184,0.001049744871124858,0.0020999621192459017,0.0004439380863914266,0.007149872137233615,0.006843217299319804,0.020852376939728856,0.006141057994682342
IL_6615378,0.02284420293290168,0.40469448640942574,0.0006973995914449915,0.5080057010054588,0.0009160339250229299,0.0012950790987815708,0.0005464515561470762,0.039350816048681736,0.01944183325394988,0.001969896169612184,0.00023808639161870815
IL_6619207,0.06299415603280067,0.8986880779266357,0.0006210635328898206,0.012483569094911218,0.00010894578190345783,0.0010548308600846212,9.325444443675224e-05,0.004644762782845646,0.001242127880686894,0.017986769322305918,8.241630166594405e-05
IL_6671454,0.21975945122539997,0.08157628774642944,0.0003225667096558027,0.056993444450199604,0.0002205630826210836,0.0002569484458945226,0.0002146962178812828,0.0012476980336941779,0.0017445795238018036,0.6375795677304268,8.419494224654045e-05
IL_6691109,0.013920824276283383,0.29780299961566925,0.0005297104507917538,0.21230112202465534,0.0012537960865302011,0.024348868057131767,0.00034722427517408505,0.004789944505318999,0.0020413653692230582,0.44102469831705093,0.0016394780686823651
IL_6705688,0.04721697932109237,0.3779735192656517,0.0007763153844280168,0.055682551115751266,0.00031205227423924953,0.0014953613062971272,0.00019306997455714736,0.003904334473190829,0.002506417513359338,0.5079532116651535,0.0019861718028550968
IL_6720101,0.01863571652211249,0.5615472346544266,0.0013042843638686463,0.022607527440413833,0.0005732674108003266,0.000774536601966247,0.00031818672141525894,0.008735764888115227,0.0035561445693019778,0.3814321458339691,0.0005152082303538918
IL_6730800,0.06495818961411715,0.6916897371411324,0.0008558739136788063,0.014962212066166103,0.0016272317006951198,0.010331047815270722,0.0009109747370530386,0.008543205563910306,0.00251666791155003,0.20247679203748703,0.0011281146435067058
IL_6785749,0.03341144765727222,0.09071263670921326,0.00023471213899028953,0.3858317658305168,0.00019482541028992273,0.0002465983689035056,0.0001820109027903527,0.0020698279404314235,0.001739309256663546,0.48504383116960526,0.00033304687894997187
IL_6799756,0.05173688707873225,0.8379435539245605,0.00019502322174957953,0.04648114833980799,0.00039225988439284265,0.00048125361354323104,0.00013786231102130841,0.0011871505557792261,0.0021662267099600285,0.05905616236850619,0.000222461871089763
IL_6928115,0.045068586710840464,0.1421385481953621,0.027227896847762167,0.6464553400874138,0.0027984602202195674,0.003077722343732603,0.00039554563409183174,0.03377589117735624,0.04112250288017094,0.05668013310059905,0.0012593947030836716
IL_6943589,0.02988827181980014,0.17196260951459408,0.000785581607487984,0.08736866246908903,0.0003334716020617634,0.0009191149438265711,0.00020315441906859633,0.003295318630989641,0.0014441458333749324,0.7027018666267395,0.0010977891288348474
IL_6964671,0.12680055806413293,0.35215942934155464,0.00034332847644691356,0.040577543899416924,0.0036775398621102795,0.0004098323879588861,0.00031705230867373757,0.0030952593951951712,0.0017003633256535977,0.46829844266176224,0.0026206490001641214
IL_7115582,0.02478518499992788,0.3617350235581398,0.003998740765382536,0.08548267651349306,0.08394402638077736,0.3103116735583171,0.0033734316311893053,0.07438462320715189,0.04605801566503942,0.005032387562096119,0.0008941889318521135
IL_7148487,0.14020958077162504,0.6178293079137802,0.00032619394187349826,0.19817624241113663,0.0003415513456275221,0.0005932972635491751,0.0002719229978538351,0.004561134439427406,0.0020994649385102093,0.03536059148609638,0.00023071257237461396
IL_7214473,0.02095266419928521,0.7045689970254898,0.0010467335159773938,0.23460911586880684,0.005291014793328941,0.0066662325989454985,0.00016006326768547297,0.0098639449570328,0.010468462365679443,0.005647548125125468,0.0007252311625052243
IL_7218860,0.031269799917936325,0.11346215847879648,0.00418912764871493,0.12085869070142508,0.013977809168864042,0.003583027471904643,0.0018028343620244414,0.5984535366296768,0.10560066811740398,0.005894047091715038,0.0009082927863346413
IL_7220515,0.024906104896217585,0.7064356058835983,0.0009050872104126029,0.18360673263669014,0.002498607093002647,0.0038321202737279236,0.0005894700370845385,0.012261013849638402,0.010721430531702936,0.053163861855864525,0.001079937741451431
IL_7336116,0.00031734240474179387,0.0007599947348353453,6.89726512064226e-05,0.0017365174426231533,8.028673346416326e-05,4.655684551835293e-05,4.630972944141831e-05,0.03357498999685049,0.9631823599338531,0.00011414022719691275,7.251939769048477e-05
IL_7352985,0.010047385701909661,0.7256641685962677,0.0002655005519045517,0.1951647475361824,0.003014599089510739,0.0002414114678686019,0.0001858311443356797,0.00628090719692409,0.05386230023577809,0.004618684673914686,0.0006544821517309174
IL_7359666,0.3091743104159832,0.544980451464653,0.0007088717502483632,0.11029153969138861,0.0002146418410120532,0.0012720164595521055,8.884078761184355e-05,0.00507383604417555,0.01050750631839037,0.017397478921338916,0.0002905013789131772
IL_7360646,0.14366150088608265,0.6037605255842209,0.00046202244993764907,0.12303723208606243,0.0004066987967235036,0.001262133999262005,0.000634697778878035,0.0035295974812470376,0.055752236396074295,0.06283860001713037,0.0046547768579330295
IL_7392612,0.09838313423097134,0.5199312716722488,0.0008872419930412434,0.28481628745794296,0.00035361473783268593,0.0005516630408237688,0.00048314931154891383,0.004944569256622344,0.007626113074366003,0.08186043333262205,0.00016251345005002804
IL_7432503,0.003954848827561364,0.01639741170220077,0.0003490010931272991,0.05338227143511176,0.047149264020845294,0.00022467302187578753,9.924182631948497e-05,0.13531507924199104,0.7421102523803711,0.0003506258399283979,0.0006673461466562003
IL_7433595,0.020430548232980072,0.8702441304922104,0.00025223204647772945,0.008551391889341176,0.0297371547203511,0.002988238920806907,9.728329132485669e-05,0.005444080918096006,0.05585251655429602,0.005478191771544516,0.0009242109881597571
IL_7436788,0.47334136068820953,0.3227270506322384,0.0013749077115789987,0.06650403188541532,0.000402797079004813,0.004295530670788139,0.0001479549682699144,0.0032551203039474785,0.01793825556524098,0.10926228761672974,0.0007506985275540501
IL_7451087,0.0382534796372056,0.23733359389007092,0.0006901600354467519,0.4051692262291908,0.00041136308209388517,0.00023636467994947452,0.00039977175401872955,0.00811907002935186,0.0019626635767053813,0.3056227080523968,0.0018016071117017418
IL_7452804,0.05276895593851805,0.013001723680645227,5.726370000047609e-05,0.038876960054039955,8.642473949294072e-05,6.082536310714204e-05,8.000703292054823e-05,0.00042074231896549463,0.0007447310199495405,0.8938329666852951,6.940498496987857e-05
IL_7462703,0.03457246674224734,0.7863490283489227,0.001206738015753217,0.044205684680491686,0.04172101570293307,0.000611310126259923,0.00017894606025947724,0.009166667354293168,0.02911820588633418,0.04981152107939124,0.0030584340274799615
IL_7464129,7.099596132320585e-05,0.00027850308833876625,0.00020050155217177235,0.00059621459513437,5.915829297009623e-05,5.144355509401066e-05,1.5759712141516502e-05,0.007347684120759368,0.9913165867328644,2.630136805237271e-05,3.685901947392267e-05
IL_7475868,0.046200310811400414,0.6864995062351227,0.0005671132821589708,0.20721498504281044,0.0007849627872928977,0.0027233794098719954,0.0005937820997132803,0.04230641236063093,0.0033273035078309476,0.009383126569446176,0.00039913420550874434
IL_7505442,0.2922062873840332,0.20125852338969707,0.00035034950997214764,0.18664870411157608,0.00047078938223421574,0.002808749064570293,0.000300931391393533,0.002755463996436447,0.0026018193166237324,0.31006187945604324,0.0005364761964301579
IL_7512996,0.06432846421375871,0.41123630106449127,0.0002745343663264066,0.026145247276872396,0.0007455742234014906,0.0018684659444261342,0.00026705365417001303,0.002924056869233027,0.002039339524344541,0.4897696524858475,0.00040134135997504927
IL_7557824,0.01817343570291996,0.21967634186148643,0.0003904797413269989,0.02580777695402503,0.00020570924243656918,0.003061372466618195,0.00033318382702418603,0.0037997251201886684,0.0012333955528447405,0.726596012711525,0.0007225593144539744
IL_7559500,0.03496573166921735,0.04241241468116641,0.0009184631380776409,0.24759544804692268,0.001203906926093623,0.0006263688774197362,0.0004470948115340434,0.3513673059642315,0.3183841444551945,0.001827382540795952,0.00025170782100758515
IL_7580080,0.005054163688328117,0.033413773868232965,0.004505790464463644,0.044141965452581644,0.15445510251447558,0.0008459028249490075,0.0004450506967259571,0.21076929569244385,0.5447146520018578,0.0005311513668857515,0.0011231580283492804
IL_7604960,0.19012675806879997,0.5640890002250671,0.0003579530712158885,0.13980142958462238,0.00040184901445172727,0.0011795096143032424,0.0001147657931142021,0.0024104789772536606,0.0101917979773134,0.09067363943904638,0.0006528205049107783
IL_7612830,0.027708319947123528,0.8641854077577591,0.0006049314652045723,0.08344541024416685,0.00047164516581688076,0.0002242537993879523,7.328630636038724e-05,0.004726214276161045,0.006538897752761841,0.011735633597709239,0.00028601162739505526
IL_7636226,0.2029350996017456,0.28004421666264534,0.0006898048195580486,0.44854605197906494,0.0006092857656767592,0.0004359976082923822,0.0017834540121839382,0.051188836339861155,0.01079253014177084,0.002759637383860536,0.000215063013456529
IL_7640681,0.053596611018292606,0.7552589923143387,0.00013528113231586758,0.0027236035384703428,0.0007239263868541457,0.002057810408587102,0.0005809262256661896,0.0009289259614888579,0.0005057281086919829,0.18261094950139523,0.0008772068831603974
IL_7667532,0.05452710669487715,0.6728464141488075,0.001162993474281393,0.16754029598087072,0.002201482784585096,0.0031961965723894536,0.00026496194186620414,0.023766194935888052,0.006676449789665639,0.06629945430904627,0.001518450808362104
IL_7720827,0.031708354130387306,0.4893668070435524,0.032094367779791355,0.03764354391023517,0.0027677399630192667,0.26673280633985996,0.0006103058476583101,0.02085290802642703,0.0068339615827426314,0.090729596093297,0.0206595987547189
IL_7744265,0.015325665357522666,0.5628917440772057,0.011014600517228246,0.2817629296332598,0.023900764412246644,0.011691785766743124,0.0006967491863179021,0.0426016456913203,0.03884767717681825,0.010334768681786954,0.0009316802461398765
IL_7750228,0.09493561740964651,0.5765456631779671,0.0015698375209467486,0.0782195795327425,0.004252883518347517,0.001725978043396026,0.0003775791519728955,0.011476741405203938,0.027657924336381257,0.2005275683477521,0.002710604210733436
IL_7772384,0.05459787463769317,0.38125692307949066,0.00021081783233967144,0.15170756168663502,0.0015865534223848954,0.0009870150024653412,0.00019487286044750363,0.003174337063683197,0.0020017613715026528,0.4035998657345772,0.0006824285337643232
IL_7777526,0.0027567563229240477,0.10494450852274895,0.0017592271469766274,0.5538174882531166,0.0013661214761668816,0.0006419193814508617,0.00034231593235745095,0.06336178071796894,0.2691490463912487,0.0011114350345451385,0.0007494043384213
IL_7780812,0.14660534262657166,0.6846489459276199,0.0003795870616158936,0.12615189794450998,0.0016873291897354648,0.0006798914982937276,0.00019644420899567194,0.0040636262856423855,0.007809034548699856,0.027393389027565718,0.00038451347791124135
IL_7814962,0.015014014206826687,0.6688647791743279,0.0008663353255542461,0.06064939126372337,0.0026558073514024727,0.0008620279550086707,0.0019294911180622876,0.09714152477681637,0.13735796324908733,0.0117579783545807,0.0029006900076637976
IL_7839360,0.016279323725029826,0.5569814518094063,0.002888427901780233,0.23856998980045319,0.05053054913878441,0.01879857329186052,0.0010960663348669186,0.014016140718013048,0.03462109807878733,0.02578679658472538,0.04043157654814422
IL_7845741,0.13785458076745272,0.3789966553449631,0.0004431945890246425,0.05593467131257057,0.0019047942405450158,0.0008472892732243054,0.00021809378267789725,0.004257669526850805,0.0026784951332956553,0.4161979965865612,0.0006665758701274171
IL_7858220,0.07181394938379526,0.8875555247068405,0.00017637420569371898,0.011849625851027668,0.0001026560485115624,0.0011385965190129355,9.100752049562288e-05,0.0011214774058316834,0.0007679071859456599,0.025085752364248037,0.0002971538597194012
IL_7877903,0.0699763773009181,0.01075780251994729,0.0036114542599534616,0.2760956734418869,0.0007538976278738119,0.000532889422174776,0.00019742747826967388,0.055463549215346575,0.5818781852722168,0.0005054337671026587,0.0002272998299304163
IL_7896836,0.3042288012802601,0.3721279613673687,0.0003069998747378122,0.09396975301206112,0.00026635036192601547,0.0004968536813976243,0.0002080926551570883,0.0024511486699339002,0.0029384570952970535,0.22269128169864416,0.00031432258401764557
IL_7914681,0.02146281849127263,0.7346822544932365,0.00120504543883726,0.03939038282260299,0.0037506307708099484,0.0007263943807629403,0.0011047396656067576,0.010092483600601554,0.0044788773520849645,0.1516325268894434,0.03147383267059922
IL_7917684,0.00863177381688729,0.03703687805682421,0.000487826229800703,0.1856889547780156,0.0028665764548350126,0.00022246126900427043,0.00025236121655325405,0.6998981386423111,0.06317558139562607,0.0012783643032889813,0.00046110946277622133
IL_7919145,0.17703942023217678,0.7664701342582703,0.0007239005281007849,0.03309943852946162,0.00017182067858811934,0.005092691979371011,0.00011416410052333958,0.0019953146402258426,0.002261421032017097,0.012363065732643008,0.0006686298220301978
IL_7944285,0.037340391892939806,0.0227070280816406,0.0007003097380220424,0.726106584072113,0.0003159649386361707,0.0008510607003699988,0.0003289315209258348,0.0033300544891972095,0.008219233655836433,0.19981713965535164,0.0002833017169905361
IL_7945525,0.34343763068318367,0.37115877866744995,0.0006840604764875025,0.07979974709451199,0.0028320646379143,0.007917062263004482,0.0003523160339682363,0.007084069889970124,0.002468227583449334,0.18349446542561054,0.0007715844694757834
IL_7955621,0.022782359970733523,0.8124592900276184,0.00026131888444069773,0.1430336395278573,0.002645166707225144,0.0006488185754278675,0.00015504206385230646,0.0026844361855182797,0.005921494914218783,0.0057502861600369215,0.0036581468011718243
IL_7983237,0.0006205241152201779,0.005373963562306017,0.0006454132962971926,0.006073016265872866,0.00022059807997720782,0.00010037723768618889,0.0001283370493183611,0.03659834899008274,0.9492073655128479,0.0001889416053018067,0.0008431230598944239
IL_7988157,0.06726148119196296,0.6471421122550964,0.001545388062368147,0.11831330135464668,0.0019821828755084425,0.050725376582704484,0.000245914134211489,0.01981199625879526,0.016390761826187372,0.07486286433413625,0.0017186193581437692
IL_8041132,0.28305295668542385,0.11826569214463234,0.0010961832740576938,0.1755649372935295,0.0004078758465766441,0.0007097395791788585,0.00021913387536187656,0.0049591222777962685,0.00266392229241319,0.4121094010770321,0.0009510324453003705
IL_8073225,0.013220792636275291,0.08146135974675417,0.00020290112297516316,0.0636767391115427,0.00022893367349752225,0.0002001553093577968,0.00023391346985590644,0.0014594913955079392,0.0011410493025323376,0.8378384113311768,0.00033623853596509434
IL_8136561,0.01289323647506535,0.10529918037354946,0.00026690679806051776,0.013439090340398252,0.003875130176311359,0.00023831122962292284,9.35770949581638e-05,0.001544186583487317,0.001816272473661229,0.8575486689805984,0.0029854458989575505
IL_8138997,0.053566424176096916,0.8692126274108887,0.001266386236238759,0.035030194208957255,0.0022304781596176326,0.000599174509261502,0.0004393753260956146,0.0033905088930623606,0.0039516153337899595,0.03015539445914328,0.00015779218574607512
IL_8139746,0.00804180174600333,0.8332429230213165,0.00025583893147995695,0.14140507392585278,0.0018299692746950313,0.00015763024748594034,0.00017665909763309173,0.006143496779259294,0.005013529967982322,0.003627785394201055,0.00010528421444178093
IL_8183381,0.5765265077352524,0.2677434030920267,0.00013140127703081816,0.03144287038594484,0.00014298172391136177,0.0001426951821486,7.400498816423351e-05,0.000589882765780203,0.001617073139641434,0.12150506395846605,8.41126338855247e-05
IL_8191336,0.012169373454526067,0.8802856206893921,0.00023477785907743964,0.08550968393683434,0.0025658618833404034,0.0007752797391731292,0.00016339805733878165,0.0022370828519342467,0.003195193305145949,0.012290596729144454,0.0005730957564082928
IL_8258340,0.008329314645379782,0.057821526657789946,8.827923375065438e-05,0.03774592513218522,0.0001867297451099148,0.0002616802248667227,8.62113811308518e-05,0.0007769307412672788,0.00036701226053992286,0.8940469175577164,0.00028945167287020013
IL_8288616,0.291122829541564,0.030763672664761543,0.002168436913052574,0.46700941771268845,0.0005552505317609757,0.010479933465830982,0.0038164720754139125,0.182136170566082,0.010224726400338113,0.0011677353613777086,0.0005553852315642871
IL_8295267,0.3179633505642414,0.35599616169929504,0.00012308070836297702,0.06829660665243864,0.0004547223616100382,0.0001969536897377111,0.0001307306574744871,0.0012916093692183495,0.002359840349527076,0.25291804037988186,0.00026891186280408874
IL_8342281,0.013169924030080438,0.9261461496353149,0.000344276715622982,0.005651827086694539,0.0034226729549118318,0.0061664985259994864,0.0002379515517532127,0.0059126209816895425,0.0018172876589233056,0.03683296265080571,0.00029781604825984687
IL_8371338,0.1287076324224472,0.2204862032085657,0.000526269508554833,0.08479723520576954,0.0016066050266090315,0.0009385741577716544,0.00021919254322710913,0.002690089138923213,0.002899494458688423,0.5567541420459747,0.00037455253914231434
IL_8415316,0.023289640434086323,0.4251125901937485,0.026488002273254097,0.09188619907945395,0.0017908521549543366,0.00943781656678766,0.006330286036245525,0.2880142889916897,0.03528663469478488,0.006631680764257908,0.08573199855163693
IL_8416177,0.008084701374173164,0.05205117026343942,0.0028162385860923678,0.46814847737550735,0.009601366124115884,0.0018237508193124086,0.006387562316376716,0.33319755643606186,0.11256066337227821,0.003919387265341356,0.001409135409630835
IL_8416753,0.032595596043393016,0.6300733387470245,0.0051392838067840785,0.14081954583525658,0.018806600011885166,0.10883482079952955,0.0007169635937316343,0.02521610911935568,0.006736915500368923,0.02779505029320717,0.003265784354880452
IL_8449784,0.014968936913646758,0.8276151567697525,0.001840935343352612,0.12566311936825514,0.0016446816880488768,0.00024295596813317388,0.00015881536364759086,0.014914900297299027,0.009334034461062402,0.002860043285181746,0.0007564364568679594
IL_8456893,0.0358642665669322,0.9222113937139511,0.00011136137618450448,0.016218811622820795,0.00010395987646916183,0.00018182375424657948,8.43886236907565e-05,0.001672091442742385,0.0007944811368361115,0.022597661009058356,0.00015975761198205873
IL_8510989,0.05744756245985627,0.7888023257255554,0.00047083842218853533,0.12596360221505165,0.0003412980913708452,0.0018036391629721038,0.0003471432573860511,0.014154309581499547,0.0023462259268853813,0.008128681452944875,0.00019437180162640288
IL_8524892,0.4979560524225235,0.03181759244762361,0.0019075288582826033,0.4348514713346958,0.0003277913710917346,0.0011674325505737215,0.0006566822194145061,0.018468734808266163,0.008653850411064923,0.003970477759139612,0.0002223597839474678
IL_8562073,0.02471969067119062,0.3779061920940876,0.015343508217483759,0.11715689115226269,0.011737729073502123,0.005325459525920451,0.0025820845185080543,0.0488853354472667,0.18020614981651306,0.03933574818074703,0.1768011935055256
IL_8576492,0.03515980625525117,0.025341669446788728,0.00020458414655877277,0.49912893027067184,0.00023191240688902326,0.0007581933896290138,0.0001494528078183066,0.001114960599807091,0.001678389759035781,0.4357796311378479,0.00045246753870742396
IL_8579370,0.052432038355618715,0.058241508435457945,0.00025965659733628854,0.7143945619463921,0.0007094136672094464,0.0007349892766796984,0.0002902885898947716,0.0030940392171032727,0.004232567735016346,0.1652589151635766,0.0003519923920975998
IL_8580922,0.12388155423104763,0.7286009788513184,0.00015186779637588188,0.10412180051207542,0.0015774880448589101,0.00027227117971051484,0.0002032544325629715,0.0013500864879461005,0.0014512194757116958,0.03829474258236587,9.473526461079018e-05
IL_8587951,0.16515540704131126,0.4407125860452652,0.0011807789414888248,0.24908601306378841,0.0004529094003373757,0.0005944181393715553,0.00026146802701987326,0.00767629942856729,0.011131609324365854,0.12270493246614933,0.0010435788426548243
IL_8698362,0.00034346969187026843,0.0018793737835949287,0.0004293817873985972,0.004932961572194472,0.00034648263317649253,0.0001223952967848163,6.316331655398244e-05,0.05741693265736103,0.9341670721769333,0.00012740936836053152,0.0001713492515591497
IL_8706018,0.0439835237339139,0.7341693341732025,0.002282736408233177,0.032803434412926435,0.0010852114210138097,0.006783626973628998,0.0004193946151644923,0.017748200218193233,0.002650491616805084,0.15724256448447704,0.0008315242557728197
IL_8779223,0.06343408580869436,0.27248043566942215,0.0001826328989409376,0.14787797629833221,0.0010224502038909122,0.0002700752593227662,0.0003579812473617494,0.004694885807111859,0.005601579090580344,0.5038854107260704,0.00019247274394729175
IL_8807227,0.02117058786097914,0.8584409952163696,0.0003688585238705855,0.08751734532415867,0.0008974829834187403,0.00025552722945576534,0.00017136729184130672,0.005529398709768429,0.004907925002044067,0.020446146954782307,0.00029435084798024036
IL_8864283,0.0006015849139657803,0.0011312255082884803,0.00276903405028861,0.0032891359296627343,0.0006052833123249002,0.00019163708930136636,0.0005805704604426865,0.016929917968809605,0.9734853655099869,0.00020231659982528072,0.000213940173125593
IL_8869852,0.032908417051658034,0.7146959602832794,0.001553466652694624,0.04123867256566882,0.02231772954110056,0.0359535354655236,0.0006333924975479022,0.020211834576912224,0.009464337723329663,0.12019785773009062,0.0008247891601058654
IL_8892064,0.21504367515444756,0.1160917617380619,0.0010454630319145508,0.15218601003289223,0.00036888728209305555,0.0008675789285916835,0.00023174531088443473,0.0037994715821696445,0.004396179341711104,0.5030445531010628,0.0029246729100123048
IL_8894007,0.006321673165075481,0.024317728588357568,0.0017597371188458055,0.017128758248873055,0.000521484311320819,0.0011680456100293668,0.00022006807193974964,0.8479666411876678,0.09841347113251686,0.0008009998200577684,0.0013813839395879768
IL_8908749,0.018862285185605288,0.20285304635763168,0.00041362336196471006,0.3453785292804241,0.0007294052811630536,0.003933973261155188,0.00014895749154675286,0.002832469646818936,0.002391397807514295,0.42170629277825356,0.000749993821955286
IL_8914785,0.015334934112615883,0.011674100649543107,2.92868505766819e-05,0.006259543908527121,5.6940646572911646e-05,4.1783511733228806e-05,3.636095289039076e-05,0.00017371140893374104,0.00016665309613017598,0.9661818742752075,4.48101111487631e-05
IL_8947300,0.06532957684248686,0.6326357200741768,0.0041719540022313595,0.22366061806678772,0.0025630193995311856,0.01144009392010048,0.0003394909799681045,0.007019967481028289,0.04347938043065369,0.008700990467332304,0.0006591924611711875
IL_8974391,0.04080131649971008,0.24285181984305382,0.008315662737004459,0.061943262815475464,0.0008281518239527941,0.01494197198189795,0.0004804331256309524,0.02370168804191053,0.007389527163468301,0.5846592932939529,0.01408685534261167
IL_9036064,0.11257592029869556,0.7799311578273773,0.0001561676890560193,0.08887203130871058,0.0003589680673030671,0.00016426655565737747,8.601067838753806e-05,0.004930101975332946,0.003937348024919629,0.008759308489970863,0.00022874351634527557
IL_9058117,0.051170766819268465,0.6806323081254959,0.0008283398856292479,0.21910887211561203,0.0021146087819943205,0.0005419668013928458,0.002758679802354891,0.01813265832606703,0.004722791374661028,0.019258235348388553,0.0007307801170099992
IL_9061839,0.18784360773861408,0.3254755064845085,0.0005553509035962634,0.12919022981077433,0.0007154855920816772,0.000835864819237031,0.00022215454373508692,0.007285272644367069,0.013105544494464993,0.3332439623773098,0.001527020358480513
IL_9079153,0.028680259129032493,0.766838788986206,0.007471691234968603,0.048106455244123936,0.0005488728493219241,0.0006574327344424091,0.00027455845338408835,0.009541393374092877,0.010264845099300146,0.12318784650415182,0.004427886175108142
IL_9143254,0.16527749504894018,0.12660927791148424,0.0009180874621961266,0.22553973086178303,0.0003859799981000833,0.00032727833604440093,0.00021962571918265894,0.0021035526879131794,0.0022361400770023465,0.4758564382791519,0.0005263850325718522
IL_9155981,0.1421621087938547,0.4249204099178314,0.0004720039178209845,0.22302166745066643,0.0006049681833246723,0.0014318326284410432,0.007964173288200982,0.00915490637999028,0.003322345030028373,0.18653919734060764,0.0004064089553139638
IL_9157122,0.10736621171236038,0.5590433329343796,0.0008481288095936179,0.04098929977044463,0.0011771981153287925,0.012974146055057645,0.00015714581786596682,0.05658883694559336,0.21419468615204096,0.006290322111453861,0.0003706996139953844
IL_9227624,0.06804117560386658,0.6343806758522987,0.00039197200385387987,0.2410498671233654,0.0008014122795430012,0.0006125504223746248,0.00019636153410829138,0.003762871492654085,0.026399563299492,0.02344697993248701,0.0009165788869722746
IL_9237017,0.020324140321463346,0.5910759419202805,0.0001895718614832731,0.03199285501614213,0.0003551552254066337,0.0009867475891951472,0.0002838690015778411,0.00238490934134461,0.0012632852740352973,0.3506805803626776,0.00046292129991343245
IL_9273684,0.008771724009420723,0.04107605526223779,0.001301084084843751,0.35015757754445076,0.00023513741325587034,0.00021153480702196248,0.00030885327578289434,0.5922044664621353,0.004050442395964637,0.0015114353009266779,0.0001717091945465654
IL_9311083,0.1292133955284953,0.4811483472585678,0.0007704084055148996,0.1851713713258505,0.014167749206535518,0.0008139029014273547,0.0002201954303018283,0.00584812747547403,0.009548028465360403,0.172502800822258,0.0005956796594546176
IL_9322263,0.003759268671274185,0.14176338352262974,0.0037008993094787,0.06253045471385121,0.11456882860511541,0.0014122412831056863,0.0006488361541414633,0.13281895592808723,0.4205532856285572,0.0010771669039968401,0.11716665234416723
IL_9341332,0.02401520940475166,0.9019413441419601,0.0003252442766097374,0.05246633756905794,0.0005341260584827978,0.0003667239361675456,0.00010794325498864055,0.006077340920455754,0.0021691717265639454,0.011876248230692,0.00012033910388709046
IL_9345649,0.02978267753496766,0.7583564668893814,0.0006974739008001052,0.09967588260769844,0.0008281924674520269,0.00019727022663573734,0.00965185184031725,0.05952594010159373,0.007644982077181339,0.03295943466946483,0.0006798326212447137
IL_9406058,0.008959300408605486,0.05209942813962698,0.00028445870157156605,0.5120997466146946,0.0004880167034571059,0.0005442486144602299,0.00023723251433693804,0.0020517457160167396,0.0026254669355694205,0.4201531298458576,0.00045720782873104326
IL_9407964,0.004996280185878277,0.892780065536499,9.9934171885252e-05,0.07323891017585993,0.0005474661902553635,0.00019116430667054374,0.00010102161922986852,0.0028902389167342335,0.0021957334829494357,0.022678908426314592,0.0002802789749694057
IL_9409250,0.01792389596812427,0.6202613487839699,0.000308046059217304,0.14521824289113283,0.0005822846724186093,0.0006630461866734549,0.00020507433509919792,0.003228503541322425,0.003140743589028716,0.20141605101525784,0.007052757602650672
IL_9427286,0.12163162790238857,0.04080146178603172,0.0013875811564503238,0.06524072121828794,0.0004884091758867726,0.0006011522636981681,0.00021925340843154117,0.0069839879288338125,0.0027463513251859695,0.7588753700256348,0.0010240851115668193
IL_9436519,0.0009464534959988669,0.007170763157773763,0.00013512143777916208,0.07273401413112879,0.000165149174790713,0.00021821611335326452,0.00020592902365024202,0.7794694006443024,0.13845064211636782,0.0003934756932721939,0.00011084526340709999
IL_9503512,0.021985019091516733,0.916822999715805,0.00025092647410929203,0.040797929279506207,0.0016718692786525935,0.00433749970397912,0.00019076252829108853,0.004110251582460478,0.00369585701264441,0.005936661851592362,0.00020025848971272353
IL_9521484,0.21762460470199585,0.14267674461007118,0.00018209926747658756,0.09009654726833105,0.0007834545176592655,0.0002390561239735689,0.00012450146459741518,0.0015187320532277226,0.0013850216782884672,0.5452127531170845,0.00015649296619812958
IL_9540224,0.03195286076515913,0.40522362664341927,0.0003005448779731523,0.4454742483794689,0.011568212881684303,0.0005296377057675272,0.0004724839709524531,0.04498014785349369,0.05642176512628794,0.002914780954597518,0.00016169986702152528
IL_9561518,0.004039346647914499,0.017064831568859518,5.430480723589426e-05,0.029141022125259042,7.115716289263219e-05,4.6236573325586505e-05,5.9686866279662354e-05,0.0002837857864506077,0.00033508990600239486,0.9488090127706528,9.554279404255794e-05
IL_9572511,0.04121269239112735,0.3960995189845562,0.0005733435573347379,0.541010819375515,0.001315170811722055,0.0010473244765307754,0.00019384559345780872,0.005264771054498851,0.003249609551858157,0.009794926503673196,0.00023801965289749205
IL_9601760,0.020451693795621395,0.8266163617372513,0.00021852429199498147,0.11028990428894758,0.002051303948974237,0.0003687126463773893,0.00012412681280693505,0.007646626094356179,0.02435365947894752,0.0073321558884344995,0.000546957704500528
IL_9615893,0.0036796403292100877,0.9376208484172821,0.0006418399898393545,0.029486311716027558,0.0021102573082316667,0.0006207465485204011,7.90637814134243e-05,0.003862838930217549,0.003205868400982581,0.01831349532585591,0.00037909758248133585
IL_9620950,0.06318055465817451,0.8983616083860397,0.0001018047933030175,0.013715398963540792,0.00010287864097335842,0.00010319366992916912,5.834304465679452e-05,0.0005800903891213238,0.0010183742706431076,0.022243012208491564,0.0005347440965124406
IL_9623576,0.07301592268049717,0.05527324276044965,0.00854631990659982,0.37811100110411644,0.0008414331241510808,0.0005361570001696236,0.00045957013935549185,0.4699876978993416,0.01053393678739667,0.0023411623551510274,0.00035355246654944494
IL_9647002,0.015863149194046855,0.8058924227952957,0.0004982792888768017,0.02071927022188902,0.005288517888402566,0.003974845240009017,0.0004550364683382213,0.003936164284823462,0.003651325940154493,0.13399085123091936,0.005730104458052665
IL_9655170,0.2459450624883175,0.0919176023453474,0.00018965695926453918,0.022977532586082816,0.00016912028877413832,0.00021552462567342445,0.00010911148274317384,0.000988958214293234,0.000789692930993624,0.6364809274673462,0.00021678304983652197
IL_9669202,0.23683586344122887,0.5255319252610207,0.00040322823770111427,0.11964386887848377,0.0002760479583230335,0.000644562351226341,0.0001477851674280828,0.005392302526161075,0.03602157859131694,0.0748939411714673,0.00020890298401354812
IL_9675212,0.004059671540744603,0.0087837697356008,0.0005398991997935809,0.005622075404971838,0.00018506030028220266,0.00021899079001741484,9.267620498576434e-05,0.05018535582348704,0.9295831918716431,0.00027796819631475955,0.0004513549356488511
IL_9675469,0.03325922880321741,0.12068726401776075,0.0010569944279268384,0.1408661836758256,0.007135766092687845,0.001986263639992103,0.00033872541462187655,0.01382814222597517,0.005078153539216146,0.6704997792840004,0.005263493920210749
IL_9692632,0.08231412526220083,0.5190316736698151,0.001989717347896658,0.18895631656050682,0.006397923396434635,0.001954401406692341,0.0004772176325786859,0.011308853165246546,0.03475500177592039,0.14199769496917725,0.010817051748745143
IL_9693077,0.006652470678091049,0.03991251811385155,0.26851364225149155,0.024245915468782187,0.01322075689677149,0.03222465934231877,0.004250903555657715,0.1714590135961771,0.2839775886386633,0.0016805913910502568,0.15386196342296898
IL_9695113,0.024936317233368754,0.3018993064761162,0.00013514257261704188,0.06536651449277997,0.00015572212578263134,0.00026530303148319945,0.0006849184537713882,0.0048865549033507705,0.0028694441134575754,0.5985503420233727,0.0002504286094335839
IL_9696386,0.028083401499316096,0.7973972111940384,0.0010828275699168444,0.1333200540393591,0.0015148351376410574,0.00024842868879204616,0.00016748013695178088,0.004525470896624029,0.018187351059168577,0.015271965297870338,0.00020095681611564942
IL_9697828,0.017202788265421987,0.39585842937231064,0.0006287110591074452,0.2847357988357544,0.0007312680390896276,0.0003558215576049406,0.0008396852281293832,0.00981206155847758,0.003442465327680111,0.28585384786129,0.0005391218801378272
IL_9702105,0.09728110115975142,0.6259095296263695,0.0003681246562337037,0.18323665484786034,0.0009611755522200838,0.000822165107820183,0.00013717301953874994,0.002942460443591699,0.009509627823717892,0.07858573365956545,0.00024626751473988406
IL_9713310,0.01946538151241839,0.04162847204133868,5.098315978102619e-05,0.048698342870920897,7.371460833383026e-05,5.2536476687237155e-05,7.398038178507704e-05,0.0004120139201404527,0.0005063709759269841,0.8889453709125519,9.284036605095025e-05
IL_9722277,0.001500520927947946,0.008204549318179488,0.0016518458724021912,0.016655022627674043,0.0024185465008486062,0.0003342220588820055,0.0003682524384203134,0.20271841995418072,0.7644215822219849,0.0003224304564355407,0.0014046033029444516
IL_9728655,0.44450634717941284,0.2674962282180786,0.0002127645129803568,0.13294625841081142,0.0008627684946986847,0.0006430291250580922,0.0007896314127719961,0.0036671594134531915,0.002945277694379911,0.14567497186362743,0.00025555826869094744
IL_9747613,0.01830390770919621,0.052051478531211615,0.00014360514160216553,0.10492112208157778,0.00013110313739161938,0.00010337275671190582,0.00011994262786174659,0.0009842901199590415,0.0009734366176417097,0.8221295028924942,0.00013823636436427478
IL_9776207,0.0033376701176166534,0.04318672511726618,0.006970829068450257,0.03279994986951351,0.011420397786423564,0.0007491286523872986,0.0004070440190844238,0.10766000906005502,0.7864107042551041,0.0010614501807140186,0.005996061081532389
IL_9785286,0.0003769884970097337,0.00075648747588275,8.722200072952546e-05,0.0030170447134878486,0.0005144690330780577,6.92364328642725e-05,3.070579487030045e-05,0.005230162525549531,0.9898007959127426,4.721218101622071e-05,6.971204174988088e-05
IL_9794109,0.0002288381292601116,0.0009348892781417817,0.00039640070644964,0.0011101888812845573,7.450467774106073e-05,0.00016666217743477318,3.518210201036709e-05,0.009834375174250454,0.9870688319206238,5.19258614986029e-05,9.8224963494431e-05
IL_9810905,0.06166976038366556,0.6598386913537979,0.005804808781249449,0.15733699686825275,0.0005729114927817136,0.0011952021523029543,0.0004609907991834916,0.0200703963637352,0.02610189118422568,0.06623066682368517,0.0007176759791036602
IL_9831983,0.06426271330565214,0.6861879825592041,0.00261615955241723,0.09758899733424187,0.0022018791059963405,0.0014479776364169084,0.0007200232830655295,0.09140507224947214,0.02075285668252036,0.032348533044569194,0.0004678182267525699
IL_9896495,0.5627425536513329,0.07865959405899048,0.00039196969009935856,0.21873377822339535,0.0003046914571314119,0.00066364899976179,0.0006013415004417766,0.00432189938146621,0.0073738680221140385,0.12608978617936373,0.00011685267963912338
IL_9908692,0.08304072171449661,0.7398155033588409,0.0008132908478728496,0.043453386053442955,0.0015243293746607378,0.0008334876329172403,0.00024996540196298156,0.0030593975097872317,0.004863508569542319,0.12135717179626226,0.0009892582966131158
IL_9914512,0.1402844451367855,0.15469514206051826,0.0009976747751352377,0.2501347288489342,0.0005002807592973113,0.0016932144935708493,0.00020294195928727277,0.0027711765142157674,0.0026113337953574955,0.4451405927538872,0.000968466920312494
IL_9931816,0.06775371078401804,0.05085835373029113,0.0015694334724685177,0.23174335807561874,0.0009047961793839931,0.00037380547291832045,0.0010133427786058746,0.5911411046981812,0.05238699121400714,0.0018845625163521618,0.00037054130734759383
IL_9962396,0.008788414008449763,0.11719530634582043,0.0003511214854370337,0.30699291080236435,0.00032458339410368353,0.0003662798226287123,0.00015227866788336542,0.0019883996865246445,0.00217425380833447,0.5611596778035164,0.0005067322672402952
