lesion_id,AKIEC,BCC,BEN_OTH,BKL,DF,INF,MAL_OTH,MEL,NV,SCCKA,VASC
IL_0006205,0.04149582248806818,0.6631552963717003,0.0014003579137597145,0.030015166239752127,0.0008129692345814898,0.001096999755150111,0.0003415235158652172,0.005690985633681717,0.006829554818844529,0.24793585289173795,0.0012254751725897727
IL_0025400,0.052154318012165635,0.7588486148179164,0.0006625517284806012,0.14551967664125334,0.002820547076149506,0.0015633433168799349,0.0003670639564523916,0.007603187523801629,0.01234916330751045,0.017525642525428976,0.0005858993849149557
IL_0039001,0.01792500236959521,0.5960105480198468,0.005401065883404992,0.24340408547398504,0.0077030701432784275,0.045938716087598475,0.00261200694680788,0.03364954604000043,0.028974223078997097,0.011758657740998801,0.006623080446780626
IL_0046799,0.014916739882392388,0.1382020820885502,0.0006745587569461755,0.18258236872305345,0.0012131164947000372,0.0005838362649059619,0.0003654048270946705,0.00414526007756535,0.008556165142884391,0.6480202540072969,0.0007402079096001128
IL_0054262,0.005374896178290779,0.38167278469050153,0.009404709932516618,0.018573137236482195,0.0991600314948317,0.004149647757234809,0.0012885974213839421,0.06635729555656075,0.400627961347733,0.004939746548738165,0.008451190501801003
IL_0056788,0.2842745257309778,0.4404390541431402,0.0008478550758726479,0.1641878838059403,0.0011641534344259672,0.001595490166251135,0.0006013547617193596,0.006432055084882252,0.02827004011838351,0.07137095892765875,0.0008166224012623761
IL_0093956,0.056662705602901174,0.7383064732827392,0.023109078269988894,0.025668730945639383,0.0016400608040373105,0.022707812454881876,0.0011595323132250594,0.02920705793937529,0.01726821121082557,0.07781518029839592,0.0064551676900633514
IL_0103904,0.2122018586027615,0.25261934491872384,0.0016372589838353152,0.09757973215878324,0.0012884984340752678,0.0032016650330010817,0.0005125960186706002,0.00734765941604618,0.013950787212071193,0.4086720891912739,0.0009885095893497728
IL_0118369,0.009077211537707177,0.09248956561504228,0.004324508736933742,0.07565707917369913,0.015142476446476408,0.006574817141666276,0.0022068197358319067,0.12096454906194769,0.6637696740930618,0.007442335743759183,0.002350971260699205
IL_0151990,0.0013883239388050644,0.010638943842211557,0.0009929079562964432,0.008757740229249798,0.0018965479214506922,0.0003510262871410715,0.00030668774853985953,0.05566576856182113,0.9180582491131603,0.001572318840379502,0.0003714900617307894
IL_0171236,0.02981943020443123,0.4679187063439209,0.01557398518509468,0.07730149732350665,0.05263801932388318,0.042563597930684115,0.0027873532470110464,0.05305605290168628,0.058372605246904026,0.11888332980950045,0.08108542084386161
IL_0183960,0.04229778501572693,0.3110920510284952,0.0836483642535486,0.030802588087153842,0.05405087174727688,0.09553354697813472,0.003013314443778321,0.0707550664111302,0.2556570237394663,0.021269305218813362,0.03188007924447131
IL_0207706,0.004489669644445409,0.029794635833324798,0.0085666736671403,0.29087691429505136,0.0018996659674136958,0.0008843163802088036,0.0011594586299139363,0.5416472263883958,0.11339305763104063,0.004537838005070713,0.002750545973612454
IL_0207891,0.34714579039869453,0.1777699253682782,0.003185800269277825,0.1171259131784204,0.011129331475354977,0.003509687754402489,0.0036552753045431246,0.0122173467003973,0.012347311439667316,0.3105800045548473,0.0013336148306218503
IL_0225203,0.0205654401032689,0.7915434130800237,0.001464345285869929,0.08674260736712103,0.03849995038490983,0.001659569474849105,0.0009760122530942253,0.024575636620578777,0.025257549697792512,0.005340702088639709,0.0033747692782777534
IL_0227635,0.23608591610270233,0.5943662653022869,0.0006248037224115961,0.06780038717690155,0.0012743001219318864,0.001265392120445655,0.0005391979735449183,0.005196290268221124,0.007322884843442164,0.0844758005740121,0.001048759588271946
IL_0259815,0.023284053210122443,0.031452629425638284,0.007588500103145081,0.5982134596836,0.002174519061890036,0.0024821214648491348,0.000922563286409952,0.13803653563112936,0.1910741036008418,0.0038173484756066165,0.000954177584612723
IL_0260810,0.010666554258394275,0.8305922350565943,0.0015325223765946573,0.09272080693577327,0.004766696898394914,0.0013880306354290522,0.0006877241337999744,0.015420747473690113,0.017331076235895988,0.021831168872758155,0.0030624350065843165
IL_0262469,0.2993897104980073,0.07172911833114043,0.009654232670368792,0.4453346187282015,0.0011662329072662412,0.004802348610695999,0.002676924431566641,0.127366441265198,0.029021921372404152,0.008145442851078778,0.0007130167741829625
IL_0267598,0.046260444817762085,0.14751026921984275,0.0014744666106278122,0.4868829889555477,0.0044264489971813014,0.0023557850327689633,0.006630342763023704,0.03845410361787948,0.2158910755097596,0.04878567317944327,0.0013283934732961815
IL_0312376,0.016940438865906505,0.8690725043301422,0.0023636452656555585,0.06709168727928992,0.0021749010405119843,0.005801895408361089,0.0015805089904442381,0.007566374588011816,0.006883187617094551,0.01697254627644615,0.003552306333933901
IL_0331012,0.06876918124242624,0.8115995614690643,0.0018218945931224664,0.06844731515979106,0.002246863869965752,0.0010510004904280975,0.00036689109700454355,0.0076710356521583435,0.021261235869921097,0.016130203173230506,0.0006348081951722368
IL_0344325,0.037744937548025166,0.776255412695804,0.012083224524716102,0.06506706806774143,0.007514852769696742,0.03413582449291958,0.003257335135067077,0.0158997653997796,0.03272531395262166,0.014159994373304133,0.0011562629458217665
IL_0403731,0.14571073395007095,0.08753342399930335,0.0004629769272436733,0.1599618493274265,0.001312888108413498,0.0008482353391179843,0.000695198670034292,0.004722981231774746,0.008696296705931512,0.5894735570276862,0.0005818601991116297
IL_0404181,0.02796630269257928,0.8460979643158358,0.0005601412265325666,0.09110135672567142,0.0009978757875686395,0.0005666868426746037,0.000276933137174385,0.006097400945306595,0.009692021372101711,0.01621307977902868,0.0004302423741981813
IL_0465184,0.011946370342274255,0.8972657089806318,0.0005666548389050252,0.07212589083486405,0.0009313899311750298,0.0003813508267211621,0.0004893733521153111,0.004569784199014358,0.006941852226642554,0.004418533985268138,0.00036309669787500283
IL_0492696,0.0027208941739024187,0.018293290325051673,0.0028581207343816883,0.02878582280129113,0.0015139093367133578,0.0009435612822015306,0.0006396866465333603,0.17277681084016264,0.7672531170295175,0.003276542935263725,0.0009382488875006547
IL_0560781,0.021885024123972197,0.1485008963433495,0.02891149467664179,0.39872146711173445,0.028321630644960804,0.023057250168575256,0.003425498130614509,0.18213681673470786,0.15088880316584213,0.006329199875939401,0.00782191526926807
IL_0575017,0.042589354928202316,0.2995887694516099,0.004285538645976504,0.31077791313129555,0.029549652388946312,0.004791677798639787,0.001163866536448611,0.03547368510359814,0.23785539265711517,0.02847527241902077,0.0054488851609790665
IL_0578791,0.012497570871093072,0.7366875908219194,0.009629544411669376,0.0363335504813428,0.014398734093825886,0.06978550121031006,0.011393556965527235,0.034040496397438974,0.03131282370590353,0.03853941887669694,0.005381204854360642
IL_0611781,0.033620664768767704,0.8418860197493503,0.00784345124711283,0.022882181570393793,0.001395425941307719,0.0011687030382031578,0.001152415827110275,0.03292588632314406,0.04561288928055632,0.008238672020688191,0.003273692544694789
IL_0649132,0.021341472497443992,0.48084747508227244,0.004181673930512378,0.3265005465258745,0.009546843006395503,0.003792859898805003,0.0010336660746871093,0.020042911951839295,0.02391038360032603,0.10613426511082957,0.002667888380279385
IL_0704269,0.11897777220614218,0.3235135098777098,0.0006522870970044296,0.07583032544556301,0.0011604092580555505,0.0008542756335395166,0.0005746034250592387,0.0055841823910215685,0.007633022117980721,0.46404896355986547,0.00117065090769864
IL_0718371,0.0350470587772466,0.11841977771431135,0.0030793783360405064,0.11262930461806887,0.0013935248778466436,0.011415296540625612,0.0009618854566701588,0.007854091769020261,0.014603744863503321,0.6932501224973805,0.0013458109331353722
IL_0721442,0.016472533617028117,0.05494175485338101,0.00027157279456782737,0.07759801385166515,0.0004884266976255634,0.00034665002294519755,0.00021658150164014512,0.0020988270653345214,0.0037528707675990015,0.843412248520328,0.00040052214324575206
IL_0754056,0.06400511795481413,0.8189784660921045,0.0005781422258669066,0.06336487274381014,0.0006950209683106451,0.0005303721225583695,0.00020782065829870778,0.010417718311436985,0.012137307831825423,0.02864593267875561,0.00043922515016428873
IL_0808321,0.01461450608373937,0.05641062036075095,0.011984696294296387,0.09588710095978076,0.02360749076037159,0.015371576616419191,0.0056395316124059555,0.46857055027967176,0.2998846386477985,0.005660907750095894,0.002368384054369732
IL_0854378,0.1264764566246543,0.17784662533290688,0.0027072513213786853,0.2330834871591626,0.0017736362346719014,0.0033027311486819254,0.000626455001130449,0.005762449237076684,0.01964054513198798,0.4245699957739957,0.004210364646626233
IL_0895462,0.025321979440116982,0.6230214175897736,0.0007906825872668463,0.2457155719656169,0.005599358789021546,0.0010788328583451608,0.0006508281160449662,0.009455912673200423,0.009385263335644843,0.07521747442261194,0.0037626699605068314
IL_0928130,0.05025550426092316,0.10162116633716167,0.010566876509256666,0.5403503303563978,0.018394165332734788,0.002889907981786982,0.00657466706901486,0.06551108549177252,0.18474974982365158,0.015210809752453544,0.0038757332431407165
IL_0977585,0.03576228823361158,0.15443160350774213,0.0006839506823308057,0.22122986854888324,0.0006878298924078752,0.0007569389786846204,0.0003515251467497551,0.006145911119493491,0.008298109644882347,0.5709158664586437,0.0007361083716788255
IL_0977986,0.0044948046500784275,0.946281178802216,0.0010502806777237356,0.021099981568215718,0.0021925944531206516,0.00047738235817420936,0.0002621802179082655,0.0061713523960864785,0.010450335787371279,0.006537584177891181,0.0009823186272119898
IL_0996202,0.013169030224331378,0.037734399523930595,0.0036502998318275956,0.03785146370299456,0.01025162378675345,0.001527735556469008,0.0016162560482851588,0.18947507723376286,0.6989854134394807,0.0038826488533636023,0.0018560465698128402
IL_1009731,0.07908725225188963,0.4161159816941016,0.004946675394565504,0.10545383152697851,0.009188391501540641,0.005920377835950783,0.0016551862007948602,0.014540350558032019,0.015002893329232833,0.3347999301281625,0.013289121400574802
IL_1011664,0.03923003912427855,0.2799029463117752,0.024678292392488838,0.10793364716298419,0.0027439040392301145,0.0025300487381759024,0.00299372721715232,0.2437977581637738,0.27448148761560115,0.01185134047277976,0.009856812380336408
IL_1020124,0.07076900625930839,0.5192985527598274,0.026315931947552596,0.0507235504669739,0.005899230815044137,0.04941433190249057,0.001750113598254506,0.15242203170648352,0.06881905852415161,0.01600794064632764,0.03858025039375683
IL_1024284,0.048696148046113386,0.344972727464458,0.0011573820631814817,0.023212768818648255,0.0007712574445987533,0.0014217182731314185,0.0006898976793275785,0.004123729510029714,0.006483760602002442,0.5674261428584181,0.00104446412113041
IL_1024365,0.15154250873033032,0.4924572998121941,0.001160324711518907,0.13149325047385935,0.005829024725338606,0.002606465014660636,0.002505416805895602,0.012931341224722373,0.019653267748677997,0.17834478965930808,0.0014763076325636
IL_1080907,0.013227294162600725,0.9230456273156484,0.0005715608631580317,0.03379516769789325,0.00175206930449207,0.0007162143749058824,0.00031682703430030364,0.004269598875692536,0.0076961999671254664,0.014159188087698725,0.00045025453322631616
IL_1159502,0.017109676145129038,0.8497168591196561,0.0005483567513358691,0.10783101592239963,0.0009755582789462643,0.0005118975763684108,0.001074528115643611,0.0048581151924676795,0.006304233452818216,0.010567300485704268,0.0005024514034489095
IL_1183203,0.16704919355309447,0.38109647960720494,0.0017080066109801744,0.054240890579632876,0.0017538475817310915,0.0064477002670835755,0.0020312898711089154,0.00650256888019423,0.008047793773793726,0.3701924652968383,0.0009297632143621835
IL_1236220,0.009286003215985723,0.1517139803032484,0.0007149845072708517,0.0683756589652199,0.0008075785861734259,0.000739310542179439,0.000249406801770093,0.004048399245152833,0.005549686140027154,0.7578682342731962,0.0006467584717581901
IL_1246958,0.007034918854160743,0.07249510308304143,0.029916776741554307,0.02652885507493802,0.11576328803030385,0.17204219095423634,0.005109674260692966,0.05961086759928369,0.4600156857026807,0.007744329902316637,0.04373831254225258
IL_1248470,0.04039636204098205,0.4459523674402335,0.0036341798517091155,0.12396488615787012,0.004335637958298712,0.008795861649300199,0.003071822987058827,0.22109537291702155,0.13565112273689509,0.010228712732252185,0.0028736709623909105
IL_1266003,0.0060226150618498606,0.06633293720173306,0.003426249470888943,0.13668489611017584,0.0029526236568325065,0.0024578909311052774,0.0013270800826557072,0.2949654958887599,0.4692456237043719,0.009012245200738565,0.0075723496370026745
IL_1298091,0.030431128758172738,0.761942191964561,0.0018230126433681215,0.09020349302504377,0.007087965980001799,0.006490004434413734,0.0013127983544607147,0.014660930310741255,0.03759759425986594,0.045970308687859646,0.0024805769414665657
IL_1418346,0.07260619547264756,0.6876116253337173,0.0007203516675148358,0.027749816880092704,0.0006114549790048996,0.000677808250563246,0.0004564453798937916,0.0065053108746727225,0.006834475947967717,0.19468293147883672,0.0015435800219247287
IL_1420891,0.00293647911697555,0.019869295046271326,0.009775031767983491,0.010765092543099167,0.002008440928523056,0.0009670322081249258,0.000934639156994777,0.08533015863833902,0.8579358989333218,0.0034508237042125012,0.006027099118291246
IL_1431089,0.016577444064567355,0.8152692116708066,0.0015003560514397138,0.021288086884360305,0.01235012701854449,0.0022305367229891113,0.0007457856633948231,0.02210248034218062,0.012116837274331228,0.09229681284284053,0.0035223228663798342
IL_1450991,0.02785932997026622,0.5586578304122756,0.0006354460315257222,0.03436441065952484,0.0017040821974274062,0.0014567361194705395,0.0010577028676840411,0.005164294181835648,0.006518379076386989,0.36133476126853,0.0012470201398106708
IL_1497560,0.022211396619579715,0.6215039960742711,0.003970390239195283,0.2856637244949978,0.0046850162736592335,0.001734782003623657,0.0007516844350801017,0.010307378221989627,0.03419344244358289,0.01374689071317406,0.0012313006248287177
IL_1502550,0.015431716967808587,0.588380304622961,0.015165859017674891,0.042633290366895275,0.1146211793795479,0.047240636541961915,0.0021375813116627247,0.06881855740904069,0.07106698568915963,0.019112516760375262,0.015391373533622826
IL_1515580,0.06460945772727117,0.6763042969507641,0.01632811078158602,0.04414220633146224,0.003023984315119299,0.019701720102358832,0.0010872102604643046,0.019537679947833137,0.015194241624260987,0.1365776702068486,0.00349342505046531
IL_1562660,0.017866940564928015,0.8701571226741422,0.0035617623479173213,0.025704628027698156,0.00208671785572277,0.01927982530549655,0.0005288015240718717,0.007499633117753927,0.023718241862423977,0.020193001330164856,0.009403338287527927
IL_1574123,0.10254611338884762,0.12344219438416253,0.0021716918977893788,0.15588574441320371,0.0032399033515899643,0.0013044590741899396,0.0016739197010850896,0.40627462216057797,0.19376068167356061,0.008535917711276868,0.0011647486918364071
IL_1619785,0.004445439797038983,0.02093559590628373,0.015998730984469786,0.05635925468131477,0.002548065880265041,0.0014003166338610925,0.0007172043226020691,0.7358036865280791,0.15701677454643212,0.0031321928681204724,0.001642738370550941
IL_1633612,0.10213566942910528,0.21937434877708947,0.0005634755859622599,0.0931305571646946,0.0027190525223419492,0.0013459707429533674,0.0007618095618506579,0.004409217304656884,0.006256434097323261,0.5682002912424701,0.0011031695158121868
IL_1641818,0.17156316275077219,0.31119007670162663,0.0057345649360495176,0.247625613777852,0.0015842039609569702,0.008782002672140972,0.004995019733784751,0.1829633440779308,0.04655452639822697,0.01790396358875811,0.0011035291035022142
IL_1643221,0.13079576590482642,0.37823453528031453,0.0067379272987332095,0.21653895502068676,0.002566097647551483,0.005311706374038758,0.001432281041718631,0.020618069962953765,0.01728999744456122,0.21733384578337703,0.0031408238728293948
IL_1664752,0.07778987915652065,0.23725862161522956,0.001899296486925863,0.07452062931492605,0.003103134367278632,0.025179916954934392,0.00216392138647146,0.007344952219794053,0.020059223648219583,0.5417845048508597,0.008895917973698549
IL_1681515,0.11319610689282023,0.48485888515816944,0.0012131477184334015,0.10514844777336896,0.0016124672422274527,0.0016315471595063876,0.0008151724176432253,0.00775797037316089,0.010808773115249795,0.26887450683601494,0.004082976307786143
IL_1688338,0.014056123690311501,0.8351867887880312,0.0014832334103320334,0.06892087352707764,0.004117304056574349,0.011440409937192917,0.0009013956218286139,0.012550597381616464,0.01628995160568131,0.014395913599647757,0.020657398197790933
IL_1706933,0.06559326263493191,0.7585891166351407,0.0015105902177080376,0.06881879276043446,0.00324720235175905,0.011193323924235476,0.0009902102755937933,0.015114887430329077,0.0206178307129172,0.05001305581199738,0.004311726162047809
IL_1860067,0.010462992901142625,0.8519924152262801,0.0007360675148409797,0.1089090471622421,0.0012071851353720236,0.0014680009926477582,0.0003030999638874607,0.005994142440801202,0.006505703526182295,0.012027594689994418,0.00039374579363414666
IL_1884002,0.05606214713554524,0.5453787798004944,0.007467355372891568,0.30245300312013823,0.00688959305920865,0.005996941332076584,0.0006884117055811946,0.01865654377002826,0.0229641821729132,0.030810093171301983,0.0026329559930686314
IL_1897663,0.023037254103519297,0.03292353498134831,0.0003708480593924846,0.09716399469652477,0.0006951840248048199,0.0002649377396470403,0.0003552407776766725,0.0037057437435256695,0.0037570051092094894,0.8373423495155251,0.0003839081919722003
IL_1901178,0.18268540564190458,0.42393845873782104,0.0013271565444202141,0.20949885012403924,0.012449872511270518,0.0023788182274382813,0.0016243684136093735,0.00801188535357149,0.01497500368481452,0.14159897372058897,0.001511204749807736
IL_1935222,0.05645992874215682,0.8360258922132213,0.0016938973393016042,0.021224509567902585,0.0009660309000909787,0.004422160517004291,0.0008034299930630191,0.0051141624591989066,0.006360183657200313,0.06515937089027221,0.0017704369608143808
IL_1968737,0.024476915644646446,0.18875410135960324,0.03798081454081722,0.024893412107063667,0.048008349804635066,0.15655148976257546,0.0021465654794545486,0.12149576627677801,0.22287359616601723,0.03091459513523272,0.14190439883089861
IL_1976391,0.0025396037008394027,0.018019391581166905,0.0015941538722224213,0.04402252123469284,0.001979806672684581,0.0005967024837496918,0.0005771703681257547,0.5569489457868163,0.3700403436172972,0.0029463633774058536,0.0007349897355778389
IL_2021485,0.0546133524124947,0.14597973324627125,0.0010346137573374655,0.03712985715605985,0.0007021069327209246,0.0015673545188639628,0.0008945208347915573,0.0074617826833525665,0.005965840657705759,0.7437683185507962,0.0008825184868428899
IL_2031231,0.008114981680228301,0.9056890334234912,0.000973636305960587,0.02743780550581214,0.002131960565086051,0.0011640528735233748,0.0008004244011754366,0.005630503598385447,0.009700290521680375,0.03710055007196911,0.0012567609823537806
IL_2042306,0.007263298054757019,0.09253057235939303,0.02984405669935078,0.03692164780343498,0.029964849539372614,0.010505722017925137,0.0027881509102945946,0.10156384426069358,0.6720528631680445,0.006887399468897402,0.009677602227393197
IL_2057670,0.012713418829795037,0.19133549612428777,0.004449084864480818,0.11848984704956471,0.0012365897038225477,0.0008147513223746881,0.0004937032782470776,0.00876399603213679,0.012285200739551331,0.6480209115403854,0.0013969965493506656
IL_2058271,0.1771341991669033,0.4470539104742905,0.003912159286701136,0.28305562430751235,0.001460794541655338,0.002331875767829225,0.00042971827513859463,0.015219946619995137,0.03448105902380763,0.03375667219915546,0.001164036216394014
IL_2068901,0.5130442717188143,0.09407995520594215,0.017008781426235065,0.2529548336372422,0.0021161782531964953,0.002940401363239102,0.0023422083976345205,0.07316608999429464,0.031321970998126995,0.009617448635042224,0.0014078561453264085
IL_2076993,0.08463309916383037,0.3985226238569179,0.0017641288531737003,0.26015372208055304,0.0012031072824189662,0.002251827631437858,0.0009768845503715614,0.006641763947559471,0.014792254541754002,0.22555926810792645,0.0035013089136871852
IL_2078226,0.04345605276324568,0.1917444025734831,0.007459413147336912,0.5560914126363,0.004735750684028505,0.0012341901511625402,0.0033558447327994116,0.09214637323603038,0.06570061520789204,0.03019299856565603,0.0038829380608308138
IL_2081710,0.002407858994324849,0.01489418233003289,0.0025845870255592307,0.015811142974236535,0.0014190383019243088,0.002762815007594123,0.0006249144256110596,0.08210704837683203,0.8730617079158081,0.0024259544920537516,0.0019007508860442261
IL_2085556,0.08669788907363733,0.7916576499485678,0.0019438082656846013,0.05716380317705788,0.0007025292046411157,0.0022545552253520336,0.0002956020856292257,0.004630741709430839,0.011671199526422588,0.04218228779254222,0.0007999390223590068
IL_2090864,0.10208109777469603,0.6925643218024141,0.0007681758422002906,0.15499070359596748,0.0022366667808457028,0.0006782339737800204,0.0012989624098394875,0.008688310922232878,0.011310991157187068,0.024264540650059757,0.0011180005695732133
IL_2144290,0.00168812221192414,0.014244988518900966,0.0050463934251488,0.014963611047000535,0.0017831177162779231,0.0006353439170302816,0.0003932027663353253,0.14249524918982742,0.8161830094639381,0.0020841311122510747,0.00048283161604507777
IL_2157015,0.32915380346030876,0.4592270557191787,0.001501020951806855,0.08032393470241178,0.003880325659387557,0.004008743680636015,0.0016551242886967098,0.008474735272363575,0.010739654731929685,0.0999587851431583,0.0010768134191060446
IL_2190574,0.031988118493442304,0.8284962083277594,0.0027458381018641126,0.016739490565489106,0.00076773331500194,0.0017159491213217793,0.00041047452223236415,0.004308796309853442,0.01182478547734884,0.10011266450016883,0.0008899341278033737
IL_2207792,0.016092874673227127,0.055182688019626835,0.12130321448076997,0.07991291066479868,0.010626608099160861,0.005182281763025199,0.002369521944551631,0.21837179558646524,0.47684846194261105,0.009253370860302465,0.00485627299379624
IL_2254004,0.09387025374413616,0.7619303924467773,0.0008550248048082083,0.08874944274622558,0.0010904573220580688,0.0017972906201862693,0.0003901292025039902,0.005439442764865359,0.013325973966455159,0.03203303840643671,0.0005185492534506413
IL_2274232,0.05974390162249921,0.4656750449198497,0.0008294059795856187,0.4064176107227766,0.004839910567878347,0.0028015997970159156,0.0005004285798751195,0.009566822239484988,0.018091394424177794,0.030571903856532218,0.0009619796137804087
IL_2283965,0.0352875994228069,0.05573297487704746,0.00022812272378909906,0.04369335717700851,0.00034385860348712946,0.00037221247876190276,0.0002513213413226492,0.0020255554196701945,0.0031809193354159168,0.8584791348495594,0.00040494733786588887
IL_2330498,0.27390817354714464,0.3350815951760593,0.0009840631116960097,0.1265068306031698,0.004000958396459665,0.001847617725840631,0.0019625483611058034,0.011826466391797052,0.01629943191075307,0.22653939730105765,0.0010429290200420361
IL_2354191,0.005516524637372739,0.035272255090620055,0.00850555410010704,0.06841710996124269,0.0039879007976196465,0.0034796007681633834,0.0019041957787062018,0.19236379386002087,0.6738089891405258,0.0052497167021633186,0.0014943573299170045
IL_2424578,0.0013371757180283066,0.009476531554630824,0.0004044349508111749,0.005728944564208212,0.0007518199817391581,0.0003357752804650146,0.0003763149586421475,0.03257155680851906,0.9471591106452898,0.0015767154365135666,0.00028162618688504427
IL_2440740,0.0021512732466321045,0.012884863164303156,0.0005636812700968117,0.008345677368686398,0.0024091247102121546,0.0006625699124156158,0.00027718468011513,0.054802489182025065,0.9140760505373219,0.002110372716060176,0.0017167154713164847
IL_2451306,0.014187642402184036,0.5051735106189362,0.02693407621611565,0.063595176058498,0.02934223370451951,0.03783027127910952,0.0017702606618401463,0.08295432641954296,0.1457806263853473,0.026676077262192826,0.0657557946988988
IL_2508459,0.007278137530925928,0.040420640400086194,0.007509170846738467,0.0825466457431846,0.0008768818282443063,0.0007452871904875341,0.0006186320889655633,0.8342511702163197,0.02003110587941683,0.003312501968862317,0.002409822040632083
IL_2512501,0.4473581205067858,0.07878916259277662,0.015616972229653941,0.3118920264425052,0.0018896538914619117,0.0023225468961768155,0.000747019557244297,0.11905217238125333,0.014437006243661746,0.005966312816313442,0.0019290130511618018
IL_2520283,0.2197133281839093,0.19676964822614543,0.02440189848556652,0.04472378238332295,0.004160747506810313,0.0032900942508361196,0.0021711802021935106,0.02008184675394103,0.01077817109012339,0.47067375732828837,0.0032355488048362835
IL_2532113,0.07991293996254877,0.7390568335997242,0.0044880067067935995,0.038516705747949326,0.0010514985197027102,0.017955708446744788,0.000999852525514982,0.007957042046939538,0.01177221629157829,0.09734643147761259,0.0009427663847411347
IL_2541202,0.06946218493125278,0.7414502507607765,0.003396957902750608,0.04958149491170082,0.022037075317030475,0.00941732801880534,0.001990113375657665,0.015970822359314945,0.021911212708451255,0.05907520221873317,0.005707364043888249
IL_2542731,0.007001031895003292,0.05548647302950227,0.003420363030104396,0.056128519312907355,0.0029915495463424383,0.0010136971822229445,0.0022649204869970405,0.4153200273997942,0.44633889603628346,0.005811858979691088,0.004222663775390175
IL_2564178,0.030462205655820345,0.5208862351645582,0.002593694534443532,0.027116923366402406,0.000956186933781082,0.0016375477867269655,0.0017198405373603422,0.009125169658533815,0.00874959388230469,0.3943486365102462,0.0024039656909107727
IL_2579528,0.1700377952109435,0.09336255268979538,0.030324220329792734,0.26534112018497674,0.0011125195043226674,0.00367589288776924,0.002040746756673717,0.4058988139848041,0.020672338752779917,0.006688306878271208,0.0008456880177388444
IL_2580737,0.04986227930518423,0.8548842724540293,0.0005519046931702436,0.0607452838432192,0.002251536951399571,0.0007163620750970322,0.00020279440198512616,0.0038750147648664193,0.00717398758722472,0.018967102943299136,0.0007694606427992452
IL_2620364,0.19043204458062538,0.3977411489564713,0.001537747114801969,0.3595298486231891,0.001119581991876049,0.0010632512656096407,0.0013896257524911085,0.026637626216855146,0.013803334112378973,0.006109136832169987,0.000636657315969941
IL_2631882,0.06019980907635596,0.6694156236815507,0.0019562213194510808,0.1562690956863162,0.009008681081566975,0.0020969159816888647,0.0016731592649542224,0.0282647297583805,0.026579123127708673,0.04195371169379663,0.002582935192651867
IL_2632245,0.03859133330008433,0.12963062683400595,0.000857360581561478,0.3145511057864306,0.009057436080334385,0.0018056358717883567,0.0010002302954418675,0.00944628781187999,0.01472446875988897,0.47912342807462904,0.0012120901449210165
IL_2667257,0.011746734566529962,0.8561514711992505,0.001448880070396238,0.054661938635291535,0.006741024018264613,0.0012734717115254442,0.001321031727983507,0.03350735756514948,0.02175403099033738,0.010442928193462991,0.0009511332499371113
IL_2673683,0.1570109852230597,0.5391793353164958,0.0006894241685038409,0.06169991877645729,0.011113305452855425,0.0016905883997474173,0.0011173766998987986,0.00694674942372282,0.009292309221083862,0.2084878294552965,0.0027721800371772504
IL_2695389,0.00817550057659262,0.9329313500199357,0.002201393263643519,0.017366149842125433,0.005682912607774676,0.0014244634659286964,0.00041334688022447077,0.0068523325012150695,0.014596043462069752,0.009445599595232715,0.0009109096842822607
IL_2697064,0.014378690697051055,0.7161895256275366,0.0028227011667737185,0.07882995894078268,0.020586430150667034,0.002502503391461808,0.016491421463086974,0.07529769951422267,0.035265473997636784,0.03327352075405766,0.004362068291632683
IL_2701771,0.02328786538019347,0.6351658924780382,0.01013693413962525,0.07305163559277268,0.007727498329821374,0.055398411395219234,0.0009094805782810398,0.04464279037224334,0.09768691048906626,0.01698178919579826,0.03501080322966242
IL_2713699,0.11323326225058948,0.6178289187133353,0.0018958598506283973,0.17385208960793105,0.0038503056995725336,0.02035822812732884,0.0008127716390223163,0.01268970437172573,0.0176663850843225,0.03516828191494104,0.0026442000820438975
IL_2726821,0.05595391678972534,0.8079246543416229,0.0013033863269004548,0.10330123317680352,0.00204471749370923,0.00285150957958078,0.0008045893881921279,0.008181748330181197,0.008006880406334365,0.009080128038447353,0.0005472345005073123
IL_2729600,0.04390554936706132,0.7157583336459079,0.004018445597332093,0.13275728793911448,0.005954895820819946,0.0020284374157716477,0.005636447723417641,0.022826550179182652,0.05121221790184819,0.014744298231529214,0.001157538132822227
IL_2741580,0.03693411493641192,0.7399756961300973,0.0007139137505296609,0.027852021313841884,0.0011997653043273684,0.0014391271565226337,0.000789699674381402,0.004300961225231536,0.0061201732133413815,0.1787371935730485,0.0019373414202294938
IL_2778741,0.06601160052344025,0.616901464657997,0.0043896321196468515,0.16523658218855589,0.021435448002930086,0.014911551346010665,0.003113474510030157,0.034138375012542035,0.03799480787017174,0.03444444483129568,0.0014226192793495857
IL_2784674,0.03231358432416089,0.34766179012391857,0.0006568840261473875,0.08117013019085927,0.0010043498385402007,0.0008093394395423565,0.0007573026959720521,0.007502976011753915,0.009696186015336025,0.517508275959813,0.0009191780464183003
IL_2788623,0.11831524538668436,0.5447511090783336,0.007724630479497934,0.1052143208481476,0.01772275385178559,0.016680398915396005,0.0021061896310241687,0.11365659526736216,0.035968189936666846,0.033929547582085474,0.003931017696366604
IL_2824067,0.03189825530122279,0.7202520313841873,0.0016526011391489448,0.13859586091210274,0.003285443477243076,0.003106173408378413,0.000720410496262994,0.008722903448042314,0.0301550237463158,0.058362398960294604,0.0032488970186078828
IL_2840498,0.030046057228572846,0.7959784201683137,0.0017289365251322646,0.0949369584331627,0.006015989275493982,0.003790180827455777,0.0006818487863841485,0.010996397144888396,0.03562049117785663,0.01869415168768149,0.0015105679641053999
IL_2844654,0.014014778274594492,0.06007063645098907,0.00563560986120926,0.11622201262106828,0.005580616068178712,0.00245475659409738,0.006577172653764532,0.2522816224399604,0.5266320276729419,0.008502035582081473,0.0020287328385536546
IL_2849392,0.02575908817609593,0.5528137037182018,0.00727148779773405,0.18791080056980838,0.019924189069091793,0.0028748968028527943,0.0016290381018477917,0.07328781937094717,0.09723719782379302,0.024554517091320175,0.006737268516583367
IL_2851462,0.12606382881833397,0.1372714208405961,0.03443384764223168,0.38465438834325766,0.0016220919155735594,0.004422137919437432,0.0024007260718097007,0.26585947039496355,0.027858178630220692,0.012326208094544563,0.003087703975054274
IL_2921273,0.08511175996058291,0.058740476220359585,0.004156263896021042,0.4857003810989524,0.003031348927370012,0.0013701102330776463,0.0011611759318217634,0.27858327218701656,0.07266702164858256,0.008146518563409864,0.0013316715134919744
IL_2936438,0.03791334865742591,0.7517205222742313,0.0008587788078704292,0.16825293970396096,0.0013353538424130489,0.001967883950706886,0.000587006637608703,0.007824283968873138,0.01914784864379512,0.009608230787518424,0.0007838038133517264
IL_2947403,0.026761365479486654,0.7245972117480203,0.006792236772747695,0.0998308582186227,0.009171547887959897,0.031465931600520546,0.0009244528362404815,0.019661055129494728,0.017766807183163622,0.04068435543961259,0.022344173610191993
IL_2978149,0.002249901872983406,0.016736501755285446,0.005648993640508619,0.018626512858438252,0.0029493952326382178,0.001836721920584785,0.0006076996652682329,0.3111589064095586,0.6370080121892322,0.002533794353321792,0.0006435620497117415
IL_2996774,0.05140212234474536,0.6731558939914803,0.0030774836009966645,0.1323293628986878,0.008964075138598008,0.005079316303358916,0.004230334577228015,0.05685095155784914,0.03202799305013384,0.030989450286129566,0.0018930163235518066
IL_3007459,0.04365039415334985,0.08414753885595856,0.001014558671267182,0.2946041379011229,0.0018144628865557693,0.0007311547658850113,0.0006515523015173723,0.012503573681978701,0.012093121240423235,0.5474693482995301,0.0013201539209366589
IL_3061357,0.06934497610446087,0.3666941261226384,0.007332783033509188,0.23719632910018984,0.0014239257638207208,0.0015000906801487454,0.003796714697906206,0.2696033686288875,0.026968629642064656,0.014078761125227256,0.00206029370901342
IL_3076877,0.05935665135257512,0.7257652127758875,0.00091822418992545,0.08304501480438119,0.0010021924850175585,0.0018450533807058422,0.0004433346778434728,0.0067574016322988146,0.01034363200850198,0.1093433982985611,0.0011798823958391038
IL_3084993,0.04099835907600669,0.7237410961022333,0.014202565260814627,0.06318751575748215,0.008302751380752869,0.022980310925020064,0.0066980819542112,0.046357262595276345,0.06187601959698605,0.010530292103916386,0.0011257548503517134
IL_3109240,0.049190498633083245,0.31558229833480184,0.000522975788152415,0.04371543458370667,0.0005428927768311891,0.000608179267998467,0.0003251209872005437,0.004144924523314401,0.006833456612468705,0.5780018615547712,0.0005323556758990517
IL_3124812,0.040584875636623295,0.7397107310795862,0.0014054679876326357,0.14848716411700727,0.0019497931175902975,0.0021224185594137693,0.0009739511060686226,0.01972400364496176,0.017039771820108147,0.023106123793377564,0.004895697886165761
IL_3127619,0.03297464384011277,0.8411741093645827,0.0008267695213241853,0.08762944861938811,0.0017401092001175067,0.0029967540432643577,0.0010258118605305613,0.008114964086463694,0.0074744149799914825,0.013173531550851741,0.0028694279267102996
IL_3149454,0.01842899789648351,0.9302698205721948,0.0007731134885796309,0.02032632041229673,0.004762662790888705,0.001570682022919263,0.0003782636442137546,0.006578413388703515,0.008064930068225526,0.00807694954198954,0.0007698493167185736
IL_3153787,0.010402964929971491,0.22829009508714782,0.08946270335984957,0.13095856706705297,0.0234057082510036,0.17330102981455545,0.002701925759896525,0.1175818970176729,0.11792799743774422,0.009434507979119915,0.09653260631793331
IL_3156984,0.005964543641767204,0.023990035599308793,0.017183634156415606,0.047356358643413914,0.0066372382314152005,0.0012334899347238336,0.0007001925022888299,0.5678853745353919,0.32217063082227965,0.004347762248857063,0.0025307278146257796
IL_3200972,0.01558384442125029,0.08250808092481374,0.005757958615825096,0.03231438476935893,0.0026770902238160738,0.0024702277066039,0.003622340585257546,0.08354858252548303,0.7649076003893692,0.004398184623865368,0.0022117023476295587
IL_3206011,0.0031011448764842156,0.02326554261667126,0.0086404804360814,0.01244927549689513,0.0020880487381294602,0.0014969380921921324,0.0007745079123563202,0.0416582159190386,0.9026928178340374,0.0022219570368239966,0.0016110645875156572
IL_3245297,0.01780080309304426,0.07972933446275489,0.0006509345979707453,0.27441486996058057,0.0020257274688165717,0.0010742957184517725,0.0006403857355752961,0.00534426597523623,0.008756083511458016,0.6087594565632556,0.0008038397381132765
IL_3275405,0.08284669267174194,0.3586656569890228,0.004335548312443059,0.06610839224325817,0.03650342017272752,0.010177458400061795,0.002867537256202479,0.04518870040165349,0.05000965053323303,0.2929295972101715,0.05036735106757623
IL_3278464,0.11114039466373275,0.2901849598444431,0.0008230427390883599,0.09597508085930988,0.0015154570986414095,0.0007674865162509975,0.0006584385253248633,0.005226853118708426,0.00802239737510344,0.4842177451884016,0.0014681477647562884
IL_3286203,0.07261086447546052,0.05921171733731757,0.0013102052090456426,0.030950890034652578,0.0009091086693759374,0.004919717210208124,0.0005980937100898482,0.009190023542301725,0.0073257061380569135,0.8120003502043297,0.0009733204314491664
IL_3304841,0.0060754049167816475,0.04208867717932687,0.0004145942335002455,0.06405702346130214,0.0005447437549010114,0.0003631631077011907,0.0001860616118353998,0.002571684142889598,0.004024176866344327,0.8791846835567835,0.0004897887578245519
IL_3328321,0.09312363206829756,0.2400517223925778,0.0007221401410709627,0.07563705060276331,0.0009491756513544712,0.0007678741602458048,0.0007840422846289689,0.00482793103720829,0.007719499950218193,0.574576972665351,0.0008399631717515322
IL_3355205,0.058925762619825385,0.6170040372588411,0.005231293572938267,0.14436524121417135,0.01857523146799937,0.008398056654959544,0.003273182746657017,0.02107865813731567,0.05754327698791275,0.06269070547416732,0.0029145447120576284
IL_3383918,0.12230325635693291,0.22074308372969642,0.0026723290872356213,0.44451490921199105,0.0015269925388696447,0.0015710878430968132,0.0025593395058132666,0.11725636701426034,0.016983486022003964,0.06710134267594832,0.002767802407701985
IL_3405674,0.10328462577590408,0.37082132824988223,0.0004678726898392263,0.04202925768916854,0.0011154940097336426,0.0006649749058471735,0.000980504710816089,0.004032840903993073,0.0057699319404111256,0.4700763991217678,0.0007567725849957095
IL_3416109,0.08502386918553423,0.13495187296791275,0.0013083392755006953,0.2857909289877127,0.0017782056236354613,0.0016069387274524692,0.002376993905430738,0.021828602554141225,0.02483131407828286,0.43904811052751674,0.0014548240819940172
IL_3417042,0.10936590890430616,0.7415093539747364,0.0014007940294820033,0.07835587584621925,0.0024170378402519218,0.0019985166711505406,0.0004942221791876122,0.009673448357301766,0.014295014246162903,0.0388959461166669,0.0015938753177017788
IL_3475314,0.05009950955896192,0.1887649538597441,0.0007984847092703112,0.2079333144144586,0.0017896028401822156,0.0011382341864362678,0.0008798985393142682,0.007649356705126248,0.01676126267189555,0.5229925774529326,0.0011928069297800876
IL_3502631,0.08666053298961329,0.6147779570101629,0.0023042695979858655,0.13709416946884068,0.001609708308639612,0.0011317418170227363,0.004186224649188593,0.04264990663157044,0.018021797316676018,0.08902816089462534,0.0025355306705396505
IL_3512099,0.01401608567854401,0.874759565555466,0.0012726349078927013,0.07460473636369884,0.0010782673201768424,0.006217403871481901,0.0005804562896646223,0.006097845158144817,0.00882206847546026,0.010712168955880584,0.0018387691079737214
IL_3516247,0.018363288928351103,0.7777331795135344,0.0067565297976218686,0.09611955208751226,0.004821872323701219,0.022346850129781336,0.0007582963333169052,0.01720671329891085,0.02008245058743822,0.014883194531196214,0.020928074190612222
IL_3525336,0.003893471915476612,0.03652183844482839,0.004912183221781471,0.02812409507902494,0.008411359756756767,0.0010238494683861212,0.0007476449763210106,0.13545315570258362,0.7759878168279641,0.0039856491864845535,0.0009389320637504683
IL_3584159,0.015395972915355596,0.1441756587433125,0.004688911910679403,0.38554103839080095,0.019219787556543088,0.015797075310678768,0.0017801192654272446,0.06453897142285604,0.3338469529271146,0.011492666412356465,0.00352284413109189
IL_3592184,0.09102103722424816,0.459396724601345,0.001611239380569559,0.0726209530439364,0.0040051634944449155,0.007726150346171781,0.001240722394590118,0.016721468643145547,0.008467289221178781,0.3337714494090787,0.003417810009588511
IL_3662013,0.034846098390692075,0.7301242589033566,0.0008407662422070876,0.08100072031765837,0.002069079495482856,0.0010941221270351121,0.0008012068580941616,0.008758980375946175,0.00910041456517609,0.12853058909142523,0.0028337595947696796
IL_3682737,0.00118068153799815,0.008595806563976705,0.001520578259795407,0.005562459032053434,0.0008937092397680789,0.0002922203959370745,0.0002842257430050104,0.03538855665236801,0.9443064260744246,0.001320658318239432,0.0006546710198600836
IL_3708176,0.12090795216629098,0.47439597876878276,0.0017766115504717305,0.15186903639925017,0.002270324223799793,0.00857334049418916,0.0018576836331525952,0.010810937665203487,0.014059420466120397,0.211265272777534,0.0022134464439088277
IL_3731984,0.07123140683268325,0.6171349538855351,0.0059093095735004665,0.09227342231295799,0.0028727914187126114,0.010562072685182446,0.0018256429405280807,0.0240217814024489,0.017000433547602153,0.1536342541805587,0.0035339276793242085
IL_3743750,0.017173293038100477,0.825406569765089,0.000967198865717981,0.09324547539980843,0.02331295612201571,0.0006834920085681779,0.0003840129243841443,0.008282178822807537,0.020720314566865013,0.007726080003898887,0.002098429213372136
IL_3769258,0.5092222761457573,0.19055281684175943,0.0013767052153389001,0.19224698559357978,0.0007319499133125266,0.001056782976640167,0.0005022530105943037,0.005685083620213609,0.01242034965818363,0.08538270218279737,0.000822103163699463
IL_3770691,0.01990258691699075,0.789576578764335,0.005187129621816372,0.060280848533884546,0.014844224895966195,0.0036612570154192525,0.000623784796404682,0.014988676262422104,0.02105966865891469,0.06683971050558656,0.0030355354155424583
IL_3795536,0.10066208503497598,0.12150611048088182,0.000366203336223884,0.07425171996296655,0.000718592787440277,0.0007912477674189528,0.0007197962590483865,0.003407266682426708,0.005484001941472759,0.6915143228598613,0.000578657306215056
IL_3825170,0.02002894983308846,0.7444732564547296,0.0010693969484580517,0.19369716560402453,0.003089109579751672,0.0005219027654116956,0.00027737031333047315,0.0064141398523196195,0.01929928953173157,0.01033941297922801,0.0007900099863014835
IL_3849919,0.02723671939085978,0.5401840607266087,0.0023282415922014402,0.15652639965812667,0.011732914198311647,0.0015789146598825133,0.0005098019713145942,0.02527489813137181,0.22146181297402392,0.010401404428272714,0.0027648354510448558
IL_3863962,0.04269221832392459,0.16618713370178248,0.001304069185997612,0.16088579178287804,0.0018816475661272067,0.0020625199498722703,0.0006644416244488532,0.006325078518565876,0.008024982479794914,0.6081280063839114,0.00184411014557746
IL_3890738,0.043253536688773915,0.5575190538568177,0.007948450456599964,0.059179040454389355,0.001877257171024933,0.004468110107578231,0.0016152875381933178,0.025582413019532468,0.015596676432052951,0.2799370135249634,0.0030231650513772904
IL_3916806,0.0388037640788583,0.8466111975895342,0.0006164907544893794,0.07645117610683587,0.001333681715585458,0.00047561105198698364,0.00041440235337867666,0.007172466288633779,0.011295996324085596,0.016413542681210876,0.00041167235052133876
IL_3918658,0.01343690708270863,0.6101686515846289,0.00069426704993104,0.016395468249017095,0.0011833437281284374,0.0007846828627995363,0.000801237153275818,0.0049206870788234035,0.00582267009423627,0.3447747064204047,0.0010173686588626366
IL_3925046,0.03773021889490684,0.17297660287462424,0.0008576010613423976,0.136044796416616,0.0007094414305939883,0.0009449478667303554,0.0003700193621905919,0.005685235135227787,0.00926608157712841,0.634557182267501,0.000857882103796566
IL_3944678,0.11485682973176169,0.20115854953869447,0.01765288934082296,0.4257422962727288,0.004045537092057947,0.005485621713995192,0.0016808253439497122,0.030171774295058417,0.18493849631188075,0.012802575846411967,0.0014646134596406925
IL_3989231,0.005160697808487055,0.03867917507162271,0.00747888754923266,0.027040152805914985,0.00386297962942671,0.012451217747133753,0.0011742372580233896,0.17428248319706321,0.723361317316373,0.0030974440349187337,0.003411392377477689
IL_4014940,0.01527646559989366,0.8902682126263066,0.0003926589381420377,0.05405414581545453,0.002096829550979397,0.00041513744427936074,0.00023281623502457378,0.0054542949242790545,0.005057637792357431,0.026299071456857333,0.00045272243626843443
IL_4030473,0.13774726394561626,0.6566051191910195,0.003938866938811416,0.04673109420360532,0.001746713684156954,0.008227516707953972,0.0005652175256040675,0.008266604443287291,0.051528277576004256,0.08348227344587084,0.0011610442763090893
IL_4032940,0.11606488178974099,0.7318865374755917,0.003541730084654244,0.05856446865728393,0.001382323019601381,0.002089196678822382,0.0005641079761195632,0.011726409141390894,0.016848361993771536,0.05611741055426873,0.0012145688040262855
IL_4048093,0.054263973460459636,0.23148542636066702,0.0011771980550460872,0.09626175834530147,0.002606178282438811,0.0010801088289417613,0.0007639513901991973,0.009197131594982323,0.012136299581569842,0.5894812546004182,0.0015467210837090825
IL_4102420,0.13452231513591587,0.4102837474585977,0.004464219793366746,0.07497542226894395,0.001595572177301349,0.0031586565017470377,0.0011036772688580488,0.008573473847809002,0.01618804216858549,0.34130431163631547,0.003830565201064494
IL_4113222,0.01647303170263562,0.06822284561788082,0.0008901032681174124,0.636515907101465,0.0011491055172657607,0.0016944438012811618,0.00042388330648370577,0.010515198436102423,0.022764167153093665,0.23997766750207808,0.0013736473769744419
IL_4121028,0.018709512585122372,0.8623286030287302,0.0029136909846604274,0.0628407506527664,0.0011455543244837173,0.002823019197767323,0.0009226664929418987,0.008658087016959535,0.01173015198671285,0.02661812690993214,0.0013098333226128321
IL_4137970,0.0291863231890864,0.4259732665901012,0.0008585081206906931,0.22576635403085063,0.0012961570896033,0.0008832871846159678,0.0005145424559003046,0.008504073983666075,0.010336302849279312,0.2951038846485304,0.0015772993071282288
IL_4183780,0.017888448989519436,0.8286823236697985,0.0009642735722491316,0.10012439598232155,0.0021851988419332486,0.0044981007563901,0.0008872909285715555,0.010667884147915585,0.008194476485136814,0.022412586563827764,0.00349501204483744
IL_4205103,0.028464059024610303,0.789508332984547,0.000850529261166231,0.03958510828403063,0.0011470562764159923,0.0010256017627587293,0.000602709829989599,0.007295669148591785,0.006646891424750178,0.12327526315548788,0.0015987856773506262
IL_4212360,0.009188004134838945,0.8795525395267649,0.001529545370349099,0.08337238573680772,0.0016111171170814047,0.002516815868994471,0.0004837662411354019,0.005271840200456432,0.008079176640827598,0.0068453094733090655,0.0015495101449861223
IL_4217178,0.018263808797758803,0.8993529333503559,0.0006682805487614272,0.03875194956760458,0.0020065483650628384,0.00044537592319872783,0.00016958155622208423,0.006297015851890776,0.021116203660021465,0.012502930372021777,0.0004253671625264798
IL_4273134,0.025193709955761655,0.4914029200169068,0.0010824830511505996,0.04904557223017749,0.0018440343163531655,0.0006779250070921847,0.001496871926424152,0.007283217536367667,0.008565218239995627,0.41219184859286234,0.001216205932354036
IL_4304678,0.07128658156960167,0.5244162336217556,0.002260184808704797,0.02857700682307149,0.008018869525400386,0.0030811972287539194,0.0022519914498311255,0.011957541958634445,0.008390626359509516,0.3366331920612402,0.0031265736548982195
IL_4365221,0.03751016887224352,0.8842483036245333,0.0018781231878099542,0.03564270112616657,0.0011278034333467393,0.0018454153222171512,0.00021931858993579092,0.0091472853719976,0.014714224245202212,0.013270253968248406,0.00039640598419547263
IL_4377002,0.08494919420698976,0.09034494935965619,0.0016508221175572362,0.1151015718381192,0.001797399776313737,0.0025119169474818637,0.000701422107548288,0.009452513648036606,0.011866802939283097,0.680366226360772,0.001257180462986027
IL_4378654,0.03290742734547521,0.7791909176845548,0.0011255415334551046,0.1424819217664193,0.00125744335631837,0.002472980188258304,0.0003685262984836535,0.006740082812388509,0.010906850498592165,0.020709802845294084,0.0018385068761440722
IL_4383984,0.042626963555248476,0.12995052495605167,0.014048679985942225,0.3627493447558854,0.004654531231783158,0.013925241815748148,0.0011102684984248944,0.24319803623819114,0.17428096449918695,0.008456078850455446,0.004999362845793311
IL_4392618,0.0631870087848681,0.29395873092989017,0.0012297058264755896,0.08036904618721931,0.009108390690438438,0.005529810396672683,0.002102696606604275,0.007218565350518565,0.009080119240371552,0.5267832118321357,0.0014327179771086286
IL_4393410,0.04812778072596932,0.6172981757567033,0.04580196465163108,0.03545091024216304,0.00397202955538384,0.04741363263462219,0.0017801461710506628,0.014601101106824513,0.03123432264328436,0.15135243996698253,0.00296749794236908
IL_4404293,0.2979543046219845,0.15925902585350535,0.00395008387852023,0.08771338985608039,0.0020646559571810266,0.0026077098887699866,0.0018052206998390458,0.013460074516122626,0.010668076641439102,0.4195809639608117,0.000936503679078427
IL_4407167,0.027631186257545345,0.5500245249900143,0.0011714066387152591,0.07470355337404629,0.0018485743429654637,0.0015348126621571485,0.00048774268215759966,0.0056074590681328895,0.007958274914861653,0.3256374342184622,0.00339502706744391
IL_4418818,0.011620775724574437,0.8314478960339295,0.0022141708109617766,0.10201902555317283,0.0044018390890523265,0.002258625672504495,0.003002725038446459,0.01955437157023888,0.010677522635445857,0.011288875758708244,0.0015141656446389172
IL_4429583,0.006306503018407306,0.11889215123136417,0.004922339424400499,0.04234303804982629,0.008280150394279559,0.0022421427698124724,0.004416318471147429,0.7607830813360076,0.040903547463863904,0.006279447799095761,0.004631278596304693
IL_4447995,0.10412398616638212,0.477739517712342,0.0014716400395076382,0.20723681598862145,0.0017727792064919524,0.0025368101977290207,0.0004716887528153385,0.008542070560245014,0.12873025224660004,0.066565044237,0.0008093981834235794
IL_4474915,0.023938174961756833,0.19077871892293807,0.0005343516949865744,0.09049796389026399,0.0016032612333167224,0.0006436619362324597,0.000535573675436253,0.005694549346831376,0.005803432296281288,0.6789090382989785,0.001061274936841249
IL_4556052,0.044760475276506236,0.06559496119563622,0.00043951482976282226,0.052219417700170356,0.0009270173037163682,0.0008600112067931081,0.0007364672986475339,0.002964901367084369,0.004671023258322109,0.82630628315039,0.0005199299316647445
IL_4629710,0.015208712117383075,0.8847312543369122,0.0019433231088070572,0.04313285915798482,0.0031721264223060104,0.005177041835682996,0.0007358231808849231,0.007912013059313073,0.01036613785111092,0.024806204444841065,0.0028144954747127923
IL_4631015,0.0422797115341913,0.0714708065118077,0.01573985393323418,0.12296626067602397,0.0013542683247177053,0.0021920023827986,0.0012124152378866324,0.6874562194720787,0.04956098613881854,0.004801456642429455,0.0009660116517769213
IL_4632594,0.0012330400845166577,0.008851812742163843,0.0036612730993054467,0.0055093794232158435,0.0011174544715366658,0.0005834646366286278,0.0002501864220592964,0.06669569038311514,0.9100869977828796,0.0014636602967161674,0.0005470417019626149
IL_4640947,0.17618777627591906,0.5108346734513503,0.02973524309754662,0.09137141395989873,0.006500146927350052,0.011057153454060067,0.001513797375002742,0.017274533126222028,0.04787731372420265,0.10043258375263862,0.0072153637401623115
IL_4652828,0.03581189016952005,0.8070108807253824,0.0016246459999897907,0.05861595176777693,0.010260137669270248,0.0016265005431151877,0.0017405077540269718,0.023110056143903834,0.02397630279144293,0.0345573730348469,0.0016657503860529983
IL_4673376,0.0023997439513702566,0.022658753559017128,0.0040911127160352155,0.009412495471861867,0.0020563440490673165,0.0007983830843498605,0.0014642753418080809,0.11327983913305743,0.8386626143035,0.0032574290098933557,0.0019190172198838337
IL_4698973,0.0630635956706153,0.8249614126620574,0.0005110438814723985,0.054817573646223305,0.000496832171183648,0.0004529409636625744,0.00015833231579248086,0.004089426032648263,0.005419594352549419,0.04558775419264351,0.00044150012776239354
IL_4703518,0.033083040606449586,0.7888329982238474,0.00485941344782479,0.11497444782856907,0.005850496847060092,0.0027910643540140015,0.0004318040364780443,0.011460571291919327,0.01713898267305818,0.018107367464361358,0.002469809675750726
IL_4708155,0.02552983330177208,0.05418772581072523,0.02325538688412704,0.06448677353787062,0.020668018060580204,0.07764010328844316,0.0010286719781625606,0.256256631748115,0.46613198822091095,0.006322854994282656,0.004492017253628821
IL_4733323,0.09987878249673376,0.7108582681965077,0.002057505051434537,0.09948347898348224,0.0030170628295804747,0.0021715707671961996,0.0022069245295339925,0.005755898153195182,0.0074626553066665,0.06639805495624881,0.0007098150857733951
IL_4738780,0.032546120757469904,0.6566578950642218,0.02026137015323687,0.05763887915958308,0.019520619547042935,0.04839732089471277,0.006963015262642473,0.08694092315383563,0.022426416811803077,0.03689401099163996,0.011753426030725525
IL_4747648,0.026476992794492865,0.8376703690237015,0.0009511877396257475,0.07005486275917772,0.0010620784583921519,0.0015916606498892127,0.000310348017090638,0.005422438979306024,0.008840549701817893,0.044189697967809825,0.0034298096061801038
IL_4761308,0.05795087705600229,0.7460107371439538,0.0013857225098510104,0.03974576130885255,0.0009394333553170271,0.0016896662074213297,0.0006309658314382615,0.005131278000911814,0.0075011009885544285,0.13606717523045947,0.0029472700466165527
IL_4787245,0.09583871884328382,0.31601871967672057,0.0006454141633891413,0.13606534577349969,0.0007333209180161284,0.0008741607208816237,0.00043046882470566876,0.005295813427085936,0.011240643985555174,0.43179777414215464,0.00105961878498531
IL_4796202,0.016837913693888,0.9218622107345785,0.0007913580052932474,0.034590186168960896,0.0008351798767808785,0.0011071571067100417,0.0002020729746416153,0.004258352664753731,0.006109725906290185,0.012966662357420257,0.00043917839307590915
IL_4805993,0.004991452008122403,0.9268659434337957,0.0008647946946602505,0.03514204175476661,0.00442065273477209,0.0007322969265866386,0.00024486353398913357,0.004165704871144643,0.006250650915910198,0.0151894023672415,0.0011321980565566962
IL_4840188,0.02779693388015271,0.8337015327284453,0.0007091123435116527,0.05695290120894266,0.004432498716780759,0.0007552895214971389,0.00048407855027036094,0.00608598115230714,0.007400499460782192,0.06088605529264799,0.0007951108000271925
IL_4848599,0.013184315873690127,0.8481477238190823,0.001264349886543375,0.09541883304311016,0.0049284947232022735,0.007544921530038604,0.0016053493077809115,0.010264159021033935,0.006176268750044664,0.010760616593843248,0.0007049570494363887
IL_4848977,0.07927098346785307,0.7618703318023581,0.002721004361682496,0.0689941924968868,0.0012143010112751352,0.008316243677498019,0.0005413098373486192,0.009394586539676925,0.008802206988562702,0.05617212816584315,0.002702724796245179
IL_4907451,0.07087004840185333,0.1733361656614394,0.0003987639385343486,0.09415309607583917,0.000897201053656248,0.0006868980161761643,0.0002763193273415273,0.004098421623707177,0.006307861254662595,0.6483220336688494,0.0006532036587220362
IL_4912944,0.09650391180484473,0.4423788841258229,0.03287177132726399,0.0587471000653614,0.009039583601884681,0.012820033525808697,0.004623557898124258,0.019655547687942452,0.02233084566994897,0.29263975629743816,0.008389001568463957
IL_4926820,0.005042432865129154,0.05845517058221971,0.0063584582498407765,0.1136592656181818,0.0027594158766923852,0.0014140589203616453,0.0024601479507957076,0.6072857391935479,0.1886330889057938,0.005777441070028842,0.008154778274180137
IL_4928787,0.02852875677176916,0.8389972814428326,0.0007835113061413799,0.09238473879247071,0.007549220631895333,0.0006526098944633424,0.0005479735488806299,0.011032870035870898,0.011119746851951261,0.007676169548114844,0.0007271161649004122
IL_4936385,0.24248903903965421,0.07528756827474098,0.013768023266213548,0.38059475083915534,0.0013682494541178668,0.003865890526155979,0.0014407786465627265,0.2576240575666075,0.016428567613186253,0.005878769235431912,0.0012543102214650826
IL_4942231,0.3571932608971742,0.10665445872595379,0.001562747702917958,0.18454999733865793,0.005157500918774041,0.00485650507015385,0.0009334650959600428,0.009021081480952098,0.016025837615550653,0.31237095341325094,0.0016741972849342879
IL_4953244,0.044908523070363394,0.8071110404300915,0.0011964641108851007,0.03229411864199423,0.0011469183084481097,0.0006009333385222188,0.0005171871300973448,0.006080441521831084,0.006207831709001439,0.09839888241032879,0.0015376677042766758
IL_4955020,0.17502946000882388,0.4602231490294893,0.001602746920842612,0.14052031048687938,0.007046458537384992,0.005643310034190546,0.0019413736274089559,0.024918408667844675,0.023075849868988082,0.15781595342732616,0.0021829773341507457
IL_4964046,0.13903075629514614,0.3504267155227267,0.0009289157838271665,0.07247656807986608,0.001808559235283641,0.002299832462065317,0.0012295648162293235,0.008564442427325587,0.009168685009073233,0.41302040815567925,0.0010455519120380976
IL_4983934,0.04017210293252351,0.7808300429266056,0.0024854097591164087,0.03749426048564375,0.0018252973384860719,0.0029003875373041625,0.0008834126145038186,0.012078721534741675,0.029749513694696514,0.08842636720948888,0.0031544866638446023
IL_4994761,0.1016956105702943,0.2998821425199598,0.006137132917110784,0.237172415707355,0.0023340272814601415,0.001656845279140374,0.0028842876799325553,0.2920553989648519,0.04702896820460212,0.007834404312028464,0.0013187736160928585
IL_5016487,0.030404400149696392,0.12379467629780443,0.002829997511364788,0.6859310302066827,0.0026326000545455488,0.0008176816964788058,0.0024840561897019955,0.08412546093439188,0.024768103424182782,0.039904436854577965,0.0023075559535832312
IL_5018680,0.08404245144625495,0.5969072392788833,0.009291908735294596,0.055635655761781644,0.0039870870087155815,0.015320897228774532,0.002957614911518035,0.014647940107630888,0.012512620347636914,0.19275158398424933,0.011945009086099525
IL_5117306,0.007408542393784099,0.9248015320564787,0.001224102941194233,0.0380141322288243,0.00144174186940298,0.0007018688894878524,0.00029263315349818057,0.0057634124775407455,0.014625749832236419,0.004958791133047172,0.0007674907604698485
IL_5136565,0.08570794161693196,0.3196130612312127,0.0004788803064315159,0.07278612701390734,0.002061717347870499,0.0006321304447061676,0.00097642524499533,0.004855907416480982,0.006907515383952535,0.505410684101313,0.0005696174194792857
IL_5150961,0.05234407440470129,0.30379080529879393,0.0008840925044725695,0.08545181923197154,0.0014373114199459477,0.0014594048539170587,0.0015107146559184652,0.009672663108636648,0.008840589866357664,0.53338789110409,0.001220640954481811
IL_5152620,0.03189272045448798,0.4315684234460231,0.0047700327922860115,0.32218616503504516,0.006887228890536289,0.007050205964503541,0.002399678881652054,0.02745251333906343,0.04934951630345649,0.11128394196425064,0.0051595671467343915
IL_5171099,0.004540674882389774,0.9509129369773338,0.0011032390258149634,0.010746876676984525,0.001670343486055872,0.0008084605038926647,0.00018707885073706386,0.005010135632381851,0.013221976608587621,0.01104212272757659,0.0007561604567419595
IL_5172506,0.036797063460092753,0.1347531890511432,0.011297759870950894,0.12307264955128595,0.006367551883557192,0.0029863998144855786,0.0036325730218792706,0.5826202087154907,0.08188780675951779,0.008129011820331667,0.008455781705093016
IL_5188190,0.08670065028545626,0.49296013154774193,0.002530144420192357,0.08007531889841218,0.003425055657068299,0.005056434029003427,0.0014927950264864507,0.015050516302602254,0.0875891724676714,0.2080844932386887,0.017035286210674582
IL_5192693,0.026933527437920463,0.3869181663506586,0.0007435084893480389,0.10790993671782419,0.00160915889804383,0.0008014278053701182,0.0005609161540153021,0.006183078634092575,0.012268563964326065,0.4551625418236213,0.0009091695289772162
IL_5195971,0.019278135236654465,0.7637157431446759,0.0020410920809334084,0.10940179993622971,0.0052556210080062045,0.0038305104729583483,0.0006687670608607598,0.011682547772273559,0.06538464115536102,0.01636439500258407,0.0023767517630346943
IL_5199215,0.009294041420747285,0.030597100398854226,0.005774238311251606,0.15556000819396223,0.002456169182398951,0.002876417695250218,0.0012313816619126965,0.7414568684735813,0.04525578889857911,0.003789816526718839,0.0017081783268398931
IL_5202722,0.1457650561669205,0.08561383329842731,0.029595401087678972,0.45107574459851,0.002758022074019114,0.0024299875173348804,0.0018807976810875798,0.20536779400100458,0.06753716918082962,0.006028058799381668,0.0019481318598141538
IL_5227274,0.07407891753481076,0.5961107985704569,0.001010307556635963,0.1919191916686486,0.004691303329774858,0.0008350016235093797,0.0013735064993670124,0.016730084454231468,0.02467353052607055,0.08781853695697217,0.0007588214790047522
IL_5227787,0.07899435217207133,0.781357231985036,0.0008998403308986682,0.0569279702260271,0.00186601225525505,0.0014769616563566443,0.0003591429823601859,0.007121906547168987,0.017816320888766942,0.05186266771787895,0.0013175919551861451
IL_5242598,0.20406799112877816,0.44901436358643276,0.002379131003995531,0.15283004070670717,0.0036581104090601044,0.011326447515954075,0.0015431902170485092,0.02059639626104143,0.029852752262419794,0.1225476069296077,0.0021839715529869646
IL_5308378,0.010090450360009344,0.04701049335343085,0.02937740704647052,0.19755968561983991,0.022848224035370217,0.01629436013742566,0.0022602986661446546,0.1963225687833093,0.4686239290941559,0.005893178702918385,0.003719403187141783
IL_5330356,0.008497635050886437,0.7283937772088341,0.005219372967315496,0.09772637948707126,0.010907163338955167,0.008807796505172862,0.0014074934940350291,0.055601533933604445,0.07059063573774606,0.008144040057549753,0.0047041667327574685
IL_5334240,0.019793318734706022,0.3413598576647799,0.013155598945478816,0.1360991786887339,0.022191854220556324,0.014558657884216591,0.005042780552678328,0.11537039314962794,0.21350881299523405,0.009284795989159109,0.10963475422102997
IL_5360549,0.3116767779584724,0.10149264426282177,0.00106271975534661,0.0722325304945594,0.0016409275012712586,0.003592444078786925,0.0010346460215474257,0.006391849881153457,0.010188135159193274,0.48971765611794105,0.0009696670535994267
IL_5383665,0.17763145955543536,0.2544974533312417,0.0007408708371508128,0.3153330497269838,0.002943545841641304,0.001743043384444906,0.0007041383816259577,0.00683543304041759,0.018229358324316557,0.2189992589229445,0.0023423813014424146
IL_5417792,0.0024736297820811873,0.01860220919214923,0.011502049769986164,0.017468222552508354,0.004222476397098342,0.0016032781415671004,0.001240718169820622,0.05335610488342024,0.8827630504542966,0.002764139998342799,0.0040041174791359095
IL_5419157,0.042702377657583036,0.723611107359137,0.004422440044230449,0.0391290092431966,0.008851844731188182,0.01060557679591695,0.0006621470030206666,0.043638482237594346,0.09749595890718354,0.018478567494179855,0.010402488349721118
IL_5461503,0.059451489767314514,0.38888464743981005,0.004783066409212152,0.05947922822895423,0.018074793456579905,0.005396059055079921,0.0030395531690217553,0.016321718383357345,0.011873853571064318,0.42811543271085667,0.00458015777964535
IL_5484022,0.07701919840570788,0.4520728665958445,0.0008511829474957474,0.028085483861248706,0.006098154529138562,0.0022073689909460647,0.0012371613822678657,0.007467348744529077,0.006927669968424422,0.41684193386857943,0.0011916391568425107
IL_5489843,0.012636501565001713,0.8590131294821797,0.0006886333733463664,0.03859359363322135,0.0012198504142814399,0.0008906162057760826,0.0003971086085081694,0.0053758621619777285,0.006152464500603082,0.07202119527392857,0.003011046956687188
IL_5493219,0.26006192365914443,0.16675833135238335,0.0008404800050570028,0.04712276354779905,0.0013900092254781106,0.0010903438810575586,0.0007144197145763316,0.004333608980474946,0.006366535762999171,0.5105874014618164,0.0007341830585929292
IL_5512024,0.05319744766928419,0.24308449430078757,0.0007266692908715483,0.10017991667984273,0.010140679129893958,0.0023457649249462894,0.001311366227342716,0.008329553070998233,0.00922793430717663,0.5705531441610798,0.0009030296114376442
IL_5545711,0.09268061543996775,0.07713916307231013,0.007912177680003121,0.49991886038819816,0.002556833419908958,0.0017260918921438544,0.0017320861749778177,0.22909878524806238,0.07717585987190384,0.007487702154895997,0.002571820515182786
IL_5552679,0.07138187872606695,0.5038815160832676,0.003201002631569728,0.10094279434020013,0.006991812653437713,0.0025755020178396854,0.0015249170174747439,0.007898511176801156,0.011867338908724752,0.28703256943394295,0.002702154391329854
IL_5562172,0.12435670403583991,0.6271697310794192,0.0025941575670629853,0.05014969444786146,0.0011253581793831333,0.0015048238607392706,0.0009477680998392857,0.01113079277769069,0.01093329171499203,0.1683444138781707,0.001743260210492892
IL_5584877,0.1250193258614971,0.42051979998516975,0.04767948553547913,0.1524168687568919,0.003656445129551145,0.012339953218453131,0.003840294927834245,0.13396020549139412,0.07947898553141439,0.014860913877362346,0.006227715553745704
IL_5603161,0.1463555647348247,0.16172927592082278,0.006999752690070257,0.4420616700511191,0.016043247460297227,0.002930846760474813,0.0025704044327393145,0.07277185965347942,0.12830378442231272,0.014322099278091574,0.005911503598552824
IL_5609972,0.207648124010418,0.15684603648317336,0.001206522010027805,0.36401165750105574,0.001036293661661628,0.0012075097371302696,0.0015260802017977935,0.02650644761499728,0.01373625201061915,0.22500472532346935,0.0012703523563569721
IL_5632066,0.0077959689489437685,0.07641449847363477,0.007346223767419236,0.026384658759168938,0.0452946359554365,0.004519533346840574,0.001369319456971986,0.07754925537416343,0.6594485066539771,0.005465124287521862,0.08841227961798281
IL_5671982,0.031726207569624854,0.8002503836899252,0.0019485642792850752,0.11740802467378338,0.0019850410337627473,0.012258230125396926,0.000551055897482829,0.011263805469984385,0.007010584355789773,0.01486132729710643,0.0007367759704437074
IL_5695938,0.03563711717486035,0.6249772829380507,0.006594984052806299,0.1773640414903687,0.04495702813939442,0.017319661188758096,0.0024131218053386866,0.02989850415001792,0.04359491972046365,0.015721409947141787,0.0015219261841020945
IL_5698172,0.024706488176073658,0.7125177175051501,0.008680951736623255,0.05566361963362262,0.009162339924261173,0.07846319103036886,0.0030911536031224796,0.03589402150655984,0.013886157658581526,0.0452411119256631,0.012693262482471573
IL_5712655,0.24794362813367274,0.1446584984009869,0.002433322996942026,0.22509484025103066,0.012135965638360136,0.00209308337440894,0.0009064129571411282,0.01121673118204018,0.13862488469845866,0.2127861758333435,0.002106455046894382
IL_5746899,0.08509586218632732,0.408974677491665,0.0011887871483084588,0.11067209490653296,0.0014665472783770579,0.0009395253086227812,0.0024647006251306692,0.016583394535726634,0.013480778367172258,0.357837052060968,0.0012965915216982783
IL_5770284,0.00308366587605168,0.008471304283969638,0.0007988475783320833,0.014891677048918866,0.0007603397381946648,0.000926196559378397,0.00022716422430754915,0.02261169390891758,0.9464079484362661,0.0012899794597103333,0.0005311767771803414
IL_5841112,0.0019676926242787954,0.007357189397483476,0.00037759095555421314,0.010793985147132095,0.0018306785241048401,0.0003555591325667907,0.00027502161591738157,0.006050795629150538,0.9692664092538283,0.0012966044556036638,0.00042847491177790457
IL_5873278,0.07885123306557633,0.7086820392019657,0.004728310173006637,0.05610220235219545,0.014809136726547233,0.002887375694109811,0.0027075858093822632,0.02120874367102758,0.021135317580404545,0.08627433065906688,0.002613727130664148
IL_5886154,0.23184715309592843,0.0637789833613976,0.018391197420519038,0.558574636459404,0.0015924067851423162,0.0016267878141380833,0.0013339236859081817,0.07734767181081093,0.039369348338145115,0.0055968328306235,0.000541059788903369
IL_5891440,0.05271905631242754,0.4253778897164984,0.0015666057304369234,0.2897782804189089,0.0020827872828446743,0.0015398215178984876,0.0012298836406389373,0.013884103418502458,0.01577633484028457,0.19319806313701937,0.0028471798732146586
IL_5907718,0.03532920265079235,0.21043378762308165,0.00044448807451512697,0.01878737626255479,0.0007758462785249345,0.0006415873269465855,0.0004143797765467465,0.0056272250110575295,0.005002961772348886,0.7219910627222356,0.0005520874041785713
IL_5913331,0.13240734064750712,0.6140770018179503,0.017411090737228352,0.038247575211800756,0.002237917693261106,0.09062718763462907,0.0011896568060402399,0.015534211680302286,0.02637227559460673,0.05684907578226341,0.005046669104704935
IL_5917748,0.025158596625089055,0.8904817069388598,0.0005932350623968678,0.018379578410466682,0.0006397740338774274,0.0009250861856087742,0.0015275924516182388,0.004173749740708869,0.005365841090678714,0.05168995104487565,0.0010648977411722603
IL_5924119,0.0015299661811455732,0.007946150108538467,0.0008626060907899578,0.005584686205593585,0.001261643236815133,0.000720402448510566,0.0005171781091086685,0.01503945682704645,0.9646492326965217,0.0014404109411100573,0.00044826180790050245
IL_5926691,0.009300963155352879,0.037490363226837485,0.0028109384661128417,0.06707311926176691,0.005676793153889563,0.0008596431422928856,0.0011199301804697209,0.3123415924112596,0.5563835588783282,0.004705977597115233,0.002237115654108436
IL_5932158,0.16197283567173099,0.474903790372691,0.010457620095143935,0.15788116418015827,0.005260480469622578,0.018981990144000524,0.0012969207392107846,0.013819853351128958,0.03577943969771677,0.11471420055104568,0.0049317026757305
IL_5978307,0.008794533680395426,0.18435935722206123,0.007684779344482316,0.07471701010828867,0.02533545552539977,0.00543011856255697,0.003253089133867937,0.10172698041631496,0.5741038182213821,0.010202542804321193,0.00439231672715914
IL_6000978,0.03140676868217842,0.6661347381567504,0.0031560575076412683,0.23194587782048204,0.008552325948262522,0.006980482070938626,0.001786838130534653,0.016295405890780174,0.011892133589613316,0.020024094511176656,0.0018252814605880354
IL_6012528,0.03257844670898081,0.5418375148242316,0.0006228784854561434,0.04500244783756563,0.0020854592447429126,0.0008881619942981748,0.00040217180926040434,0.007587826299125099,0.007288929629911068,0.36050309272201103,0.0012030681973589196
IL_6031916,0.05568545901363944,0.47883559181191293,0.011207748810106409,0.08766683523675202,0.012073626578538674,0.1590074722538242,0.00235639443643363,0.04115142752680793,0.09357826628368493,0.04698996991049406,0.01144721335709272
IL_6046824,0.0475091764450995,0.6310752771103143,0.003300003956292701,0.07951285225808737,0.001081954208268731,0.0014704768358005432,0.021743352764409165,0.020966953581838726,0.014167646504933762,0.17704553365197864,0.002126773989010854
IL_6051806,0.02844203654119649,0.416126636910977,0.011338834648219906,0.1352308180523293,0.0011200261634411127,0.0015539265717458405,0.0021938816661465584,0.373842426686734,0.023217102075351565,0.005390190187603334,0.0015441313568342735
IL_6066131,0.08746452885021916,0.7302828839424805,0.0008270338676820035,0.025543256519385143,0.0009498020107201379,0.0008737281917483809,0.0005699400457111536,0.008198528323707353,0.007719615960571011,0.13660106748993014,0.0009696107669644854
IL_6070882,0.15132618166376355,0.3094598814796447,0.0008994800367848766,0.09648889837562645,0.0015442222987942754,0.0017226424230019815,0.000783398188021151,0.006308779420561551,0.021447413990693425,0.40890377238576187,0.0011153341938701666
IL_6075447,0.0617737967932025,0.737002632823469,0.0031564386542207966,0.07726880404196373,0.0017502985799794047,0.006667788749960726,0.0005117695038446003,0.00924711880679071,0.020913572067244413,0.08030087037128827,0.0014069215478822433
IL_6099493,0.010766508925586565,0.9139091024086282,0.0022623438400816366,0.04099504362841228,0.0027125628269606523,0.0008853686328663008,0.0007929744395121044,0.010332586123202639,0.008603825019266337,0.005947799902345659,0.0027918863085955405
IL_6099858,0.033665726866901426,0.8154725734346169,0.0009950023723268862,0.057018069144502435,0.0008314992314486482,0.004885649639626726,0.0005745441497773059,0.011026438047860444,0.006799947114986639,0.06682285383141395,0.001907693910991815
IL_6129083,0.005700708739453569,0.06455251158513692,0.046603468089170146,0.06810309729379103,0.06180456135897206,0.011765276532780538,0.0015376464643517013,0.05373132371765882,0.6640503863407939,0.00893107098380961,0.01321994892318544
IL_6163594,0.15023680218567184,0.35771712780370074,0.0009547276406757137,0.20628462424739355,0.012678662339517088,0.0028415032226573613,0.0015394121479280784,0.008000281985374787,0.017213095220235758,0.24127414747453957,0.0012596142067797635
IL_6164735,0.03972929730972111,0.24857722216763004,0.0013885782927425226,0.364545079190987,0.010907229003718544,0.010442014136922348,0.0023847015410465655,0.02825169761656353,0.05454605346553451,0.23679185875972394,0.002436268645164473
IL_6191818,0.015865822515198684,0.10308568535386009,0.0026007213474054033,0.1466059443649406,0.0009025762310491452,0.005206932138882941,0.00076292961405531,0.009622232439930859,0.008338186004712317,0.7057496026033987,0.0012593680996099048
IL_6197538,0.06299657266633327,0.5275921456737377,0.005453593449730589,0.12689008316197015,0.0031678103783070615,0.004098153493588594,0.0022397960664428747,0.09100667168122158,0.11920222180706412,0.05529913569315004,0.002053817175068137
IL_6214063,0.23040521691287208,0.42360458465551587,0.0011629356667245984,0.11397227821128668,0.002711915992517034,0.004902413805427765,0.0011161906239470752,0.007552395685809636,0.01063444652782415,0.2027181613567651,0.0012194575442129208
IL_6247837,0.09005688233346638,0.7414656035640336,0.0035620556963587534,0.06231648351290253,0.002249903920785542,0.004263016909934032,0.0010464882577022547,0.013929745997285454,0.03434592257917139,0.04261370142258352,0.004150194180812714
IL_6254530,0.012046082613443393,0.38473353275156263,0.0029370397993184003,0.08719237912472515,0.01799059168799069,0.005515263076031039,0.004411708378739942,0.1771388289139992,0.29623708917081504,0.009360689464540623,0.0024367963527593753
IL_6298296,0.07648322105899674,0.6346356810351923,0.028591842871245277,0.05052562132744206,0.021435988962004476,0.09495473523905444,0.0034573925645607676,0.026574886153365878,0.03319219299842118,0.02198809025184229,0.008160348488599721
IL_6311333,0.02342582278492844,0.7868569808486581,0.0009367577323212375,0.01884550225964926,0.0011243125630844462,0.0009445060844620089,0.00035714354882650175,0.0038612619585296584,0.00528259335896161,0.1572806773400648,0.0010844313281099273
IL_6364048,0.02553323797451008,0.706839489829474,0.021825146265282796,0.05363217645335766,0.015811181479102977,0.07509927172649365,0.0016776906356161501,0.028489150005451654,0.032312583464562006,0.026751071754630106,0.01202899562878947
IL_6375582,0.02194911075928706,0.8011238154354299,0.002398174262685954,0.11931260760056765,0.006277080183265449,0.00592183721035431,0.0009547670919225217,0.009039484658287952,0.012228740890799283,0.0186756967304561,0.0021186863823274642
IL_6379178,0.022893315373177316,0.22048351140896685,0.002099237634300907,0.47222255560781073,0.0028360893648430225,0.0014371653316795064,0.0020052846159932516,0.07350732102721588,0.1872743540628736,0.013052557204712642,0.002188600590427662
IL_6379354,0.323503619187564,0.18968169326934678,0.002449275458338422,0.4221664496296788,0.0023479664941499193,0.0010607971174343364,0.0005405905079602417,0.012249805871976256,0.019306776111465366,0.02594320524934821,0.000749819598433369
IL_6430602,0.03823084462042616,0.4472607805970636,0.011203199885934595,0.05178986652199421,0.0017074194139549959,0.0019509049251997528,0.0008681975710950873,0.016893623972252022,0.014754404961127393,0.39956617056648325,0.015774577831929527
IL_6444875,0.0215880030035084,0.8162662821618271,0.001129274987511572,0.09177166339340402,0.0033545254276138334,0.0009912258999985187,0.00064682697133363,0.020264571834392873,0.008579918411388813,0.033116471301823845,0.0022912442990973593
IL_6483133,0.0060581839447347114,0.03427092554303605,0.0057947973892105665,0.09084548541718679,0.01851753555038548,0.006160627105093454,0.002976253106401106,0.09572824000851617,0.7343055841496947,0.003631858915483657,0.0017105110772978615
IL_6492206,0.053669071508711454,0.7871140408023528,0.001703330905170113,0.053599831215870086,0.0019518627360546835,0.002454381886156892,0.0012560115652362582,0.04330973053964427,0.045854174335431784,0.008375046116507355,0.0007125190618903805
IL_6495967,0.1978275749997748,0.3934371183015075,0.0037541193038184728,0.10201981402303635,0.009954700403975105,0.03099333344498545,0.002265100088993924,0.013535847393047737,0.019693677735363718,0.22013661207969049,0.006382106649588608
IL_6516078,0.01638256729747732,0.1262485262868229,0.001025662672253481,0.18795356411705166,0.0018124706743063111,0.0009916218190315685,0.0005451857596931801,0.00769800783785602,0.009450778402613378,0.6465733564623418,0.0013182559614707482
IL_6579859,0.006301345083511256,0.11105281902489146,0.03517615827858341,0.03976119932694381,0.007191349754242561,0.002283258543559652,0.002756213730047738,0.18169367579718934,0.5890208736576011,0.005284973311047765,0.01947812867569786
IL_6580455,0.05394451458765958,0.24810914613298726,0.005087188573613763,0.22816934111107753,0.0060148419136415885,0.002703922846604149,0.0017250232874340445,0.2175864057797321,0.22570251645594877,0.007744360597160505,0.0032127342661052217
IL_6580650,0.0034578699881492067,0.032337724379128734,0.010021331866972684,0.03652028186912556,0.0037586517675770024,0.0009404042056188501,0.001192781238436713,0.0959937710525955,0.8107191358681795,0.003268555858396861,0.0017894861966180648
IL_6601787,0.07908195556630708,0.7265040811228897,0.002961837587128077,0.10090140320807191,0.002681613041276398,0.00224478915430222,0.00889150753351227,0.025376828146341027,0.013155062770300588,0.029703291792128272,0.008497637198479518
IL_6603212,0.15509472845343,0.06994317219534858,0.019182479090365648,0.3771465043939795,0.01345400751842613,0.040073176673341045,0.0015234438645196947,0.12361135722686646,0.18972903353337686,0.00749811332185303,0.0027439773571794157
IL_6607523,0.022341757132901586,0.6003628350152794,0.012365775102059063,0.0236654348640828,0.03266219637945119,0.05750768843332993,0.0038570245706282483,0.07202207782948387,0.1399642062446497,0.021348035136637956,0.01390297548091081
IL_6614720,0.06357573375155602,0.6730223620885306,0.002019702353023825,0.17556191941490695,0.0026249331003568885,0.0046840691025304615,0.0008172188245362009,0.012756634047179582,0.015177428271084292,0.03444204933249946,0.015317957426310947
IL_6615378,0.038889941383568875,0.5863146268075404,0.0021938717840370345,0.2493728236787529,0.003851348005835528,0.004888662741748122,0.002383640780382243,0.047350565268614274,0.0548601346908185,0.008813262489774334,0.0010811335059935148
IL_6619207,0.028763825276730087,0.9300791210427551,0.0017152392794011577,0.01247820379697495,0.0004902149155147439,0.00167788299662148,0.00021689801719998087,0.006142089422837589,0.003846014397419125,0.014241906675042127,0.00034860130307518385
IL_6671454,0.26377494143663044,0.19335078353909899,0.001101938482552367,0.0779694083823551,0.0021245239025859623,0.0015403259442353465,0.0016565916045149336,0.006495616180224588,0.009411731973434841,0.44181444071359194,0.0007596991625744608
IL_6691109,0.027809249071735556,0.20049206509891593,0.0014932506814749902,0.27032758025537035,0.0037769295687467117,0.011608165697534626,0.0009442949583151398,0.009829895736397256,0.007665223962471092,0.4615335096918651,0.0045198364025213905
IL_6705688,0.05600530357315905,0.5901990688584405,0.0044252879874951785,0.09741981152364042,0.0014214777957555797,0.005910350928530345,0.00112632376732849,0.007753312202354565,0.01678714237233459,0.21329541370051594,0.005656511789412421
IL_6720101,0.03234552690488183,0.7140127687322794,0.003440931674969797,0.027942697842535266,0.0013599158508831274,0.0034963801202290527,0.0005638392099040836,0.014629127943311638,0.009889208654476858,0.1909607752589273,0.0013588321489230546
IL_6730800,0.0538551285840752,0.6525616018915829,0.002411488062966127,0.027743656566480642,0.002976024128542852,0.013684122059044615,0.002121038427123865,0.011694668390339424,0.009861302578723133,0.2179803770137451,0.005110583440110364
IL_6785749,0.059731444175862604,0.20395631632756595,0.0008331963658273836,0.3648418454903757,0.0007731716412554451,0.0016946651339951513,0.0004746830185061515,0.0057039950705811485,0.011609096564337696,0.3492871870628356,0.0010943978937543832
IL_6799756,0.022196648758534988,0.9009364902965354,0.0007026241322031462,0.035247645280688376,0.001022189582195003,0.001213801448797109,0.0004781448280231351,0.0035522108610229527,0.004594741671218789,0.029446112212785952,0.0006093893066693128
IL_6928115,0.033531686802408193,0.12181453393309898,0.010042898026790417,0.6412034650686627,0.0036162661988045496,0.006385570334099956,0.0009330607198657654,0.034270869445769035,0.03242389225289561,0.11267897160837759,0.0030987871299024317
IL_6943589,0.06223048219396462,0.2533467593240051,0.003961731649437176,0.09607613609932734,0.0010230902771822404,0.0021645387755627973,0.0006312044926811952,0.008845188214553306,0.010411341539448603,0.5569799265705371,0.004329592316475706
IL_6964671,0.0993942117886824,0.48729724199793,0.0009113214486417216,0.05275724085443123,0.009075900459788323,0.0015685014245911024,0.001231779769765387,0.007105243939025097,0.008548008503483815,0.3291170785320954,0.0029934671682241756
IL_7115582,0.02354701279973402,0.5299485192825053,0.008901185234055026,0.08601573356490827,0.12831889213281822,0.07668772830872218,0.008834371630719021,0.06046411912227085,0.06315553798542274,0.01115988278091796,0.0029670139904594897
IL_7148487,0.05738746449735029,0.7784607738076191,0.0014155038060232519,0.09844817327777743,0.0007158513556526359,0.0017846530046386258,0.0010416228903012026,0.006831250333031214,0.006171492973306878,0.04719308664460261,0.000550130513498905
IL_7214473,0.01234203650664282,0.7648343054265232,0.0027895770157145634,0.14406908855446673,0.012103278750310129,0.012735602851813068,0.0005462713636008741,0.01831830441362441,0.01662156732928848,0.010162918972969937,0.00547705183214283
IL_7218860,0.02348874678272117,0.13837485033746325,0.011498865672683668,0.13624974762318906,0.04254584879610986,0.013210674328450793,0.007564491854466057,0.4155664736466919,0.1865440055334052,0.019175750311337076,0.005780545239598619
IL_7220515,0.016158594845019674,0.8106258564476482,0.0019084451672964273,0.10010455907356287,0.0047309399309625215,0.008567479045815148,0.0012969617183116748,0.01237023641536958,0.012974779109585236,0.02859763903486927,0.002664517239365965
IL_7336116,0.0015800990601283354,0.009927189932476236,0.0005828231480470544,0.007993633787241642,0.0016059505286402072,0.0004920863741937533,0.0005144893856764656,0.06682636008804518,0.9080394979372315,0.0016207729658360408,0.0008170865321706398
IL_7352985,0.015139360617462905,0.7973915433197067,0.0009944072201634481,0.10030518864341553,0.003993663801682407,0.0007100653818333364,0.0005126947843815734,0.010113166464834015,0.06084868264578652,0.00863111848467078,0.0013601125214240618
IL_7359666,0.17302840920607146,0.638212228055826,0.0013328778002051058,0.12051346200307982,0.0008474111513472968,0.0028768971093890336,0.0003141741538068335,0.009791314044817671,0.017515663627702988,0.034931651747913794,0.000635915714009749
IL_7360646,0.10349124985960007,0.6438729692407289,0.0012083416216717424,0.1156165577184148,0.003174961210850562,0.0035733109609281228,0.0008591562922566071,0.0124109516044315,0.03664300402107476,0.07358480573505576,0.005564692246123233
IL_7392612,0.04738177420986132,0.7634429446459374,0.001743361198464787,0.12211944297750033,0.001102818476615416,0.001369507201621819,0.0009929631571110353,0.00777230885197239,0.011150526696158361,0.04224966190623338,0.000674680629819935
IL_7432503,0.004571665791813587,0.041948640061552106,0.0021306415450241672,0.053892491917098516,0.044848561840584444,0.0014191173201406986,0.0005265930433413097,0.10774848086113648,0.7376902663587644,0.0030018831052420016,0.0022216578521374324
IL_7433595,0.020266448237921928,0.8209807304144795,0.0011359888511564594,0.026908778268027345,0.031289665395555166,0.006093556032822516,0.00039000696782623867,0.013638182837201697,0.06704082841728391,0.009584177155282344,0.0026716389018876484
IL_7436788,0.2962328526899266,0.4006954271644639,0.004792730491120538,0.05778734036074774,0.0015536738380628563,0.012095518018337153,0.0007618232922828226,0.007059854332071555,0.024636216172052944,0.19179777286756283,0.0025867861167581056
IL_7451087,0.055723594484598495,0.38278917610042645,0.0018589739866653673,0.20853502409213123,0.0014202225798646349,0.0008877368422565649,0.0005699668193139817,0.01984090760756526,0.01132192809162067,0.31432586849657757,0.0027266049128830193
IL_7452804,0.12101626982613123,0.0801612007994421,0.0005269865061236176,0.11889258205484672,0.0006552853711640837,0.0005662510713808884,0.0005442644541750135,0.0044089809285350985,0.008339618659415541,0.66437162422064,0.0005169423084742061
IL_7462703,0.011353951693845524,0.9050975169788237,0.0011193994088325339,0.022302444145108888,0.011758264405609556,0.0019652167148780527,0.00032993384546985426,0.008452622331068095,0.018177569353519198,0.015331709237150154,0.004111371908735058
IL_7464129,0.000841662886616154,0.005665959069918358,0.0013855147169585184,0.004633945675390511,0.0008895949807864413,0.00068105070290552,0.0002917722834877894,0.025036806938584802,0.9589210821637127,0.0010805285334759451,0.000572083774990573
IL_7475868,0.03286022284479897,0.8351073543744788,0.0016364523548086842,0.08146734080770032,0.0018285185318045322,0.0043067646391370595,0.0004780294197388216,0.020195619922145528,0.007141555418819508,0.013253282004692661,0.0017248565095576707
IL_7505442,0.19371520720562652,0.45650081419489447,0.0009609297636417801,0.14288124196408156,0.001615924677878457,0.007249223785291921,0.001059063920555333,0.007474474465542738,0.010514059062669029,0.1765885332588996,0.0014405298691540288
IL_7512996,0.051976901434096855,0.3627822838519282,0.0006554775651191349,0.05336136222890678,0.0015357926041919467,0.0029549609328321084,0.0007498224165723705,0.006899729441792489,0.008016597755700692,0.5100911521783459,0.000975914805358785
IL_7557824,0.025888646695094702,0.3180705286434559,0.001686683600291143,0.04167672810067349,0.0009932658740889264,0.004275509590215325,0.0009404342369196134,0.010493793071620114,0.00752311690465856,0.5856018625158664,0.0028494311672933557
IL_7559500,0.04094028043278491,0.1744694033513683,0.0029615905483648384,0.16503614377650166,0.003963141500291631,0.002648670764664138,0.0019993001186513902,0.29135672277505636,0.30676619103361386,0.008969634897742372,0.0008889202758789083
IL_7580080,0.006502707552938362,0.05725413875412333,0.008101829371604377,0.039995704761085125,0.15377800419937712,0.0020737796328973465,0.0012329822954778309,0.21841807062992077,0.5049213034177188,0.0038710599272198196,0.003850423891120573
IL_7604960,0.07852235570739705,0.7529048459244695,0.0010221805306457588,0.0792546783439817,0.0012984213927666364,0.003736201308503578,0.00037278349708756665,0.005562793360287688,0.011977212195175951,0.0641234383838014,0.0012250811292005492
IL_7612830,0.029631082410505244,0.8903148098129302,0.0010429860033824262,0.04343362436975323,0.0012598969650511858,0.0009999246362766454,0.000173550356485848,0.006836709772980796,0.008903869237357571,0.016614939729572252,0.0007886179937464998
IL_7636226,0.16117796958129807,0.4755370017461495,0.002476570552245225,0.2416569501979955,0.001505328788914992,0.0016895983233007753,0.0015377785424961004,0.07822405560297947,0.02574538815975173,0.009393460854796557,0.0010559005653057597
IL_7640681,0.04617620958005031,0.7668546303946545,0.0005886106798070091,0.014298741971036375,0.0012732734535055414,0.0026476020052400837,0.0014148158716362862,0.004565487316804285,0.004727449702404557,0.15457619628803712,0.002876975782827411
IL_7667532,0.061707555059023124,0.681831839734277,0.004697354688145758,0.1105400506455088,0.005091910324330629,0.007662134796254517,0.0008191155219588025,0.03032552542738395,0.018874332982277756,0.07267105914327741,0.005779122967832127
IL_7720827,0.04098411057182325,0.4522366349814117,0.06462649611151013,0.043202140719928284,0.006177247275571306,0.19102943160285302,0.0018098002463655283,0.051855739815117735,0.022911935505282366,0.047702637524723264,0.07746382035821757
IL_7744265,0.017490940546381423,0.6477967147819208,0.016786744715837295,0.13310068498573185,0.03521032806773284,0.032140019351104054,0.00240137986381414,0.04677858091752651,0.04535538264682456,0.017344337604375728,0.005594880872607709
IL_7750228,0.043815446715153084,0.6845858738831239,0.0031479247242096197,0.07578372739067141,0.0286056106334716,0.005711705618117177,0.0013412580369299282,0.014309517177923142,0.021694257907263415,0.11523149503770369,0.005773175541267832
IL_7772384,0.05824834739843815,0.5541838449827646,0.000718533292087804,0.07744539671645055,0.005821440341997515,0.002963840485999483,0.0006833812554216853,0.009123307355543656,0.009483850233940829,0.27940522415867003,0.0019228407951341904
IL_7777526,0.0072464843767197145,0.20673506254053708,0.009519429239468651,0.4478908179652629,0.007692075512656836,0.0019638344202023987,0.0011882407001659575,0.09266176320566426,0.21526784977898072,0.006322267352006903,0.003512173545305121
IL_7780812,0.09498771915091438,0.7020674777850356,0.0009728157603412956,0.10943561178016463,0.006690057257357658,0.0018858014328461306,0.0006189440397631396,0.008076406493655432,0.013572669323106024,0.06060160077657855,0.0010909002068645655
IL_7814962,0.03027551499999599,0.7509503600862577,0.0016886236442626035,0.04164441559891176,0.005615828288647512,0.002447792749408067,0.004379980512398417,0.08213646941894141,0.05211825811773082,0.025261008229557663,0.0034817366323204022
IL_7839360,0.010480542837872303,0.6053503749611556,0.007364126380213911,0.10729240646380844,0.048573199025692876,0.03121244097186564,0.0032054204066258537,0.02087055914203828,0.07288584281734947,0.0350466279672083,0.05771846576855668
IL_7845741,0.05773449598306809,0.7301555927150813,0.001112449526089393,0.041903331017438074,0.004049223480809916,0.0023735741012216372,0.000613122507043686,0.00777362175210503,0.0091890118542534,0.14383103075962744,0.0012645398591889984
IL_7858220,0.03829491900137362,0.9031441642913404,0.0005813289594831764,0.01592601899639885,0.0005264606766516489,0.0016299174493907608,0.00034677166339994685,0.0032289008558517573,0.004087274576030028,0.031030772364820037,0.0012034691643715257
IL_7877903,0.047812895437634347,0.03683210302704339,0.007202832164333819,0.13624623012354123,0.0018916926170976112,0.0022048235375071237,0.0006447887113056313,0.08975887179772364,0.674018132603249,0.0026747551206479634,0.0007128791769843804
IL_7896836,0.1098111392650694,0.6634705071259238,0.0010635669361699152,0.06814985833111849,0.0007441776899604902,0.0017859202340099777,0.0003314659459594982,0.006054616431947302,0.009224951517728553,0.1383886518257417,0.0009751491735101877
IL_7914681,0.025418084834530372,0.7746537927157596,0.003625292955315664,0.025566365717252335,0.009724716356035673,0.0020863558882015134,0.0012213515991172878,0.012367805032790344,0.011306198421496813,0.1198860008749244,0.014144031561568751
IL_7917684,0.014970127676045131,0.12032140692649147,0.0024266784789997685,0.16693966562467433,0.004944068249813097,0.0014980609559734398,0.0013020812356436128,0.5272794535256103,0.14943415524081202,0.008389048491780375,0.002495252878687333
IL_7919145,0.04340125622087315,0.8981585046951662,0.0022157860784225956,0.019707245564446935,0.000566599287288039,0.005301353122488479,0.00036396960372850535,0.0047044050818681815,0.005989382986897564,0.018337870022823947,0.0012536205317632773
IL_7944285,0.050043812722359825,0.06926343718332836,0.0011147871872238808,0.6541319888422888,0.0011817602339973556,0.0021258036056132456,0.0004402819384791836,0.011394376373587341,0.02194250794956638,0.18738042118948472,0.0009808178403652786
IL_7945525,0.16240801979653605,0.5731924915854715,0.00266142093952944,0.06513880952697987,0.00847491408276547,0.01312497980089656,0.0015916545235516938,0.015851226605760976,0.011884386730939155,0.14285314452313128,0.002818969150285585
IL_7955621,0.022846944234076103,0.8656428907975698,0.0009398896157797616,0.0688628350207202,0.004888267636423135,0.0019472610630154638,0.000288464989831764,0.006249311711359339,0.012409012142795899,0.008937155850136914,0.006987977148885476
IL_7983237,0.0024468788503268497,0.02781258839063004,0.004277028653241016,0.014582980363852508,0.001739037275372321,0.0006130768119585393,0.0009056802817020004,0.05878037909214446,0.884015846954441,0.0019829412415243025,0.0028435598510879487
IL_7988157,0.03803235048676725,0.706998695479491,0.004935799459525671,0.1108437367465442,0.004529426997090451,0.013919730503579775,0.0013382134086216853,0.01733361933429153,0.027344769081522304,0.0643109332151867,0.010412723546000277
IL_8041132,0.18707821293250845,0.327464497952901,0.0037368636537206813,0.1842943717734886,0.0013212173304242077,0.0043496375632202195,0.0009423281012279234,0.011966425969407118,0.015190145102896818,0.2589511537852534,0.004705146475235882
IL_8073225,0.03213115886528852,0.1914592405925567,0.0006411093096740729,0.13661153945276572,0.0007412075381148159,0.0008196890933242704,0.0006239714905371019,0.005613724431469129,0.007210455948382111,0.6230670914645117,0.0010808121626219114
IL_8136561,0.029819587119401438,0.3546731349776308,0.001402287808338566,0.022410957771750006,0.022398906631014764,0.00155059124976202,0.0006689518276006618,0.006865549811607721,0.01060426158544023,0.5427467683185546,0.006859007790768096
IL_8138997,0.023957380206300075,0.8971006211115767,0.001596079299970302,0.03156367284463311,0.004803498829940065,0.0020079915763319208,0.0012106875928549505,0.005748949551485266,0.0075164703678613715,0.023874152829865047,0.000620496965460848
IL_8139746,0.005881448840986477,0.8594915905084651,0.0007341878680596729,0.10595752469056496,0.002181101369417036,0.0004689197247962809,0.00025634844007626064,0.00586081087827419,0.011736464831086068,0.006886824288391286,0.00054477666661772
IL_8183381,0.30910856192612973,0.4978964075471486,0.0007641948263117714,0.06836538333403723,0.0006447387714824843,0.000985829328672671,0.00035005360033494903,0.00401004715081069,0.010734180469739514,0.10663850166749471,0.0005020974379066446
IL_8191336,0.009410723904573043,0.9221805230076751,0.00038559653781721805,0.04241723797060115,0.0023795080618396543,0.001888403944557569,0.0001968704620736182,0.004601124796442611,0.006090652639883519,0.009725473513908699,0.0007238899433572441
IL_8258340,0.013733700434975524,0.08174781637254387,0.0004282704885694224,0.056594859121948615,0.0006014162139317225,0.0006071584949461122,0.0002531566586408029,0.0030737208320886886,0.003970395561315165,0.8383015862740457,0.0006879120097085943
IL_8288616,0.30498365657951104,0.0670668016325441,0.011875319968664288,0.3817521484828772,0.0017756767261364011,0.008860867312599488,0.004641405864855529,0.18092725790997854,0.029951719740451244,0.006694071817351277,0.0014710738486155648
IL_8295267,0.188137316895806,0.6123176993456629,0.00042217068651435923,0.06249998911204522,0.001279651991645771,0.0006308680810286501,0.0004018149892387405,0.0038814087276724165,0.007035744370903346,0.12265454613203376,0.0007387893091079452
IL_8342281,0.020159876997393432,0.9271732328603154,0.00098091382129793,0.009734056861413754,0.004496375219474972,0.005225928328524723,0.0008570731892763497,0.0050681043062233136,0.00482223458896537,0.020703176810013175,0.0007790305010725529
IL_8371338,0.11320774412241874,0.37050485284110907,0.0010258364068273082,0.1103944398764634,0.0032548461937271476,0.005908787045431897,0.0007975345973909096,0.008662254641104662,0.015764704430942047,0.36913676939878726,0.0013422367843693498
IL_8415316,0.06661378394227153,0.3478992684758729,0.04548215488325313,0.09758537912750669,0.007960928505278023,0.03179545154923259,0.0037522471014847744,0.20731455931793627,0.07043813132070817,0.02703922415918278,0.09411887308216595
IL_8416177,0.011163292175082148,0.12654504834429886,0.008752666930690607,0.29063171521853476,0.00966308121145678,0.004169609453576372,0.010972753818025828,0.3334986289459591,0.18686698677165517,0.011009330497882955,0.006726884876906388
IL_8416753,0.03471596165502619,0.6987821984729018,0.014021551534163151,0.0969710285936048,0.017068015736699343,0.0464738473576316,0.001111008971119129,0.02488845508398077,0.015405090782084185,0.03737912102559799,0.013183730764954172
IL_8449784,0.011393719979203349,0.8825474368240761,0.0022848895443770673,0.06577161275424083,0.0031055978103787935,0.0006902910185957193,0.0003733792805260502,0.012943923978788059,0.013229935961125915,0.006437577046326412,0.0012216476354940792
IL_8456893,0.03530926496970186,0.9026870683987637,0.0005173574315077826,0.021610730064391404,0.0005384795403921785,0.0008225848176784595,0.00030309728049792144,0.005382611710964769,0.004515025458354261,0.027504504632185834,0.0008092694352067024
IL_8510989,0.04093357963428932,0.82792275959364,0.0010365913906435738,0.08296500927413515,0.0008647869946988348,0.0024173772745077885,0.0006741256531819052,0.011601147851622395,0.007213603450421928,0.02381405066478744,0.0005569676032532008
IL_8524892,0.28209290642454865,0.1523972174166001,0.004068648235332983,0.4547158968739235,0.0014595227009275742,0.007533650333984187,0.0034260612456200163,0.05653743497899839,0.020617765900756303,0.016231440348529663,0.0009194592017980995
IL_8562073,0.032312770966646816,0.36413685716024724,0.030456812601081462,0.12014119219170934,0.05467437402609956,0.011067793570552473,0.005548280761264583,0.07723740706359462,0.18649298589174457,0.04073373916338007,0.07719778723911284
IL_8576492,0.04520629865053208,0.06743380403746169,0.0006066391823334238,0.3801283170661602,0.0012958805791886102,0.0025887893319921688,0.0005503888785651567,0.004686041716053249,0.008612306173820592,0.48784171735581605,0.0010498276655268866
IL_8579370,0.03254540161601052,0.15767744547969667,0.0008970713155192863,0.628478147084556,0.004458372733742076,0.003668429990178461,0.0008697474009833651,0.013052317398531757,0.028089846200353225,0.12882542038657882,0.0014378058459674381
IL_8580922,0.07986830705993209,0.7482512499173083,0.0005234486816802124,0.11113750310789156,0.004307464080577271,0.0009724630505258449,0.00045792842157731263,0.004705371759559669,0.0060105587647399,0.04316854551798494,0.0005971634617388146
IL_8587951,0.07885364700373741,0.4581251588570701,0.003730953062751228,0.23032113249576305,0.0013752058317439296,0.0025100040407191417,0.0006480808065786331,0.01833737317901528,0.03876404295614496,0.1631927424932461,0.004141657449390075
IL_8698362,0.0023079009162868384,0.017527360858745056,0.004675349110929213,0.02704321864358573,0.0030276936887928736,0.0007053994402316183,0.000563963208629077,0.12505510292203015,0.8154933765038822,0.0027922732562124294,0.000808357676878212
IL_8706018,0.07009624406400923,0.7192033989763735,0.008902483285653195,0.041831789569174216,0.0039211326603233315,0.02253597219116285,0.001292626996082395,0.0251565797558769,0.01764572012420282,0.08755338576898919,0.001860669473667094
IL_8779223,0.04622898367433648,0.5205169147595141,0.0006567919364836436,0.15250643687010165,0.0026666604869783127,0.001015141651508666,0.0008426634504076084,0.008395256957329575,0.013817362216390119,0.2525373270203819,0.0008164546610366837
IL_8807227,0.02676699341791323,0.8740677861823737,0.000592990662386671,0.04649153103167326,0.0030420383789699183,0.0007061823373497315,0.0002907077563070567,0.0064092013397608685,0.008165121841959702,0.03219006422419622,0.0012773929867717579
IL_8864283,0.0024491547433630073,0.010734070092411951,0.0118203061496827,0.008887610900714932,0.004238268508496017,0.0010672899874102474,0.0009952726644847406,0.029484718624723624,0.9257992654890671,0.0022158335085031657,0.0023082027197223708
IL_8869852,0.030625942671316467,0.7409804042261837,0.003655301498513409,0.06703611923051543,0.03182438814086245,0.029177189169429952,0.0023974286074264204,0.020317589918730488,0.01930845740341931,0.05068267849107025,0.003994508563624582
IL_8892064,0.27052856406165754,0.15451836839059008,0.0028321530775265048,0.15561881118504303,0.0022973370644265713,0.0025326434600619224,0.0009238728470002596,0.022708294668553685,0.018367967084908097,0.36259941476290586,0.007072570463902882
IL_8894007,0.010027125079452713,0.03810873501580668,0.004149189658791047,0.0365875142918527,0.00135063421424937,0.0023518100919611286,0.0009217718174068446,0.7778531942540466,0.12250737559980947,0.004346972539212838,0.0017956738030698524
IL_8908749,0.029267872071389155,0.31555250844726146,0.0010819396296308191,0.27694769449857065,0.003814685372745584,0.006909485239735471,0.001050748742507288,0.009301823668980053,0.01135362274332747,0.3432186390394533,0.001500981290971774
IL_8914785,0.06697450299151318,0.07768483239364675,0.00032316919589100854,0.02292293281358439,0.00045538524893636224,0.000400533876204405,0.0002310625263089134,0.0026062953850784967,0.004447811430355968,0.8235572236292215,0.00039625418270813824
IL_8947300,0.02892235254178947,0.7727598506490425,0.00409870403327207,0.1033566686135361,0.0036661739650600787,0.014862569797431049,0.0006049277471114016,0.01437587505086259,0.04462004577175207,0.011453332833978862,0.0012795042566811799
IL_8974391,0.06001396412455939,0.40420561682367095,0.01976618374837948,0.05452582245349404,0.0035821955367340715,0.029055378573536527,0.002459184325889831,0.02186094881108561,0.018895465683896415,0.36677586264359424,0.018859374374477687
IL_9036064,0.03320379150307281,0.8941826260495803,0.0006104534533221555,0.044902696806405885,0.001255966180670254,0.000539499107254683,0.00024173147923775462,0.0061452844709768166,0.008318701957931952,0.010014312407371271,0.0005849222663042447
IL_9058117,0.02104469905396931,0.853350171831735,0.002042010338168296,0.0661988801605422,0.0028916184142347688,0.002065752631422416,0.0049160845444279,0.012931302007487893,0.012867514838931228,0.019817078192524065,0.001874890179045308
IL_9061839,0.14958569756015747,0.3960145267791368,0.0013296077095274101,0.12775145680216082,0.002756837054701084,0.0029379241224948937,0.0008140157133952474,0.01277572798458637,0.03277896489282304,0.2695942012142363,0.003661041874205403
IL_9079153,0.04580170787921619,0.6932276272528916,0.009491689382148803,0.07187742113651321,0.0021041528582416,0.003237659696721247,0.001342125114297102,0.03262911355313308,0.0353053586506713,0.09843979170266254,0.006543342518041173
IL_9143254,0.08927440879812627,0.25243558702188845,0.0014915438202378914,0.15525553030250736,0.0029176432159191863,0.0016466766258141448,0.0014984643877610081,0.007107407598585362,0.01160646648906166,0.4752834535407551,0.001482809126224445
IL_9155981,0.0466224458424532,0.6535164098853764,0.0008643016487881748,0.15774634677390978,0.0018200680770939128,0.0018060159271352809,0.0026450277904759133,0.011581072681580614,0.01071264661505991,0.11128883236156263,0.0013968324499211851
IL_9157122,0.07651473304472274,0.6407423877285853,0.00399290593344223,0.042697861302308036,0.00878562312310789,0.019089105542693285,0.0005624148069773095,0.03907135969097056,0.15454000134937726,0.012696756739826625,0.0013068568231147052
IL_9227624,0.03403972310265581,0.6981637707519274,0.001586153737658777,0.18565788613831494,0.002649116616548644,0.001922782320233609,0.0007834361560871234,0.007983034779315305,0.03624375738366116,0.027242657385657065,0.0037276814921222458
IL_9237017,0.04521511680913281,0.5373838198124633,0.000663067206380138,0.0681163976652686,0.0022718643999490363,0.0037735495524365073,0.0009335311810170324,0.007521751044052737,0.006633942416490016,0.3260245809816331,0.0014623787795942226
IL_9273684,0.03713962249991051,0.1765342981650222,0.0058142373942494845,0.2541111688457332,0.0011122833205357572,0.002105670715882137,0.002474976705932649,0.4993218000958957,0.013981105314153324,0.006542238946714736,0.0008625940293605994
IL_9311083,0.04700331884307076,0.7579265108718234,0.0010530668536190004,0.07716516581665339,0.005909078303066432,0.001378719559719481,0.0006941011741282845,0.006342612664112364,0.00996791974765329,0.09129020872815623,0.001269299626847985
IL_9322263,0.007199828903441678,0.24913254948395394,0.008901932300223419,0.06402288471626023,0.07118447426469902,0.010320297045944312,0.0021970667444432546,0.12388694141097994,0.35544855186396723,0.006597096961183006,0.10110838066562794
IL_9341332,0.016099917790240406,0.908643404015011,0.0006785264162703645,0.048671204404221825,0.0010980827005773125,0.0008916186477071298,0.00021006779108988057,0.0061430081572628565,0.005825756275957655,0.011275668199371517,0.00046275594081935734
IL_9345649,0.0282854209817016,0.6564813217286806,0.0012463322545766128,0.14979138277361292,0.002844497398101064,0.0008191911407509014,0.005584943344906448,0.04637949783826506,0.018173969291142882,0.08809069404027753,0.0023027487120066497
IL_9406058,0.024588717037248197,0.10848197500833646,0.0009258196605064637,0.5404671419020157,0.0025237258217862576,0.0017079017604432376,0.0005688235925826439,0.008653809822205712,0.014049709167465336,0.29685703397906954,0.0011753465302415218
IL_9407964,0.006409226790177231,0.9203025657554944,0.00048715833468283804,0.042544436673109,0.0013232139942598471,0.0006960861500591031,0.0001980909249258673,0.005348354004675018,0.006133334641423171,0.015095272666143467,0.0014622720521901913
IL_9409250,0.017868271195589442,0.7517716085246916,0.0008318148380135676,0.09300233308623866,0.0014363193438362615,0.0015735204711921022,0.0006324292206684947,0.0060186567569274416,0.009653795900838709,0.10908181369628,0.00812942982315862
IL_9427286,0.13321338786973516,0.08868561404661557,0.004363568992364176,0.07082985688781451,0.002153732193688305,0.001826477262772726,0.0011647478931969537,0.01951833495899542,0.01028825080624258,0.6652107919923322,0.002745240974327784
IL_9436519,0.004436503619483086,0.03942605419519939,0.0009909537774891737,0.07679806865264667,0.001434941830939104,0.0008387394461244254,0.0015269700097222828,0.6536054577665721,0.2154856302848681,0.004791049851852629,0.0006656311726454626
IL_9503512,0.036031578487053656,0.8798096296429786,0.0009932362526762339,0.040523099940584735,0.0030820751163472587,0.00550465486101135,0.0007883685364824348,0.008796173955869778,0.009257539836550664,0.014117064872729219,0.001096584895708006
IL_9521484,0.11048152456881111,0.4278463000255412,0.0006295394600018304,0.07986463768242327,0.0016245240410732295,0.0008177944883235641,0.0009779915533873586,0.005625016080234114,0.008658791824298668,0.3627716900544196,0.0007021836512963864
IL_9540224,0.03260405096337836,0.6882691424182535,0.0009270392325707472,0.17624993789855106,0.008450097858580419,0.0010784255603541453,0.002531489501034777,0.03739020441075123,0.041324366586132005,0.010520181933745378,0.0006550647692723996
IL_9561518,0.01614108984855629,0.06646933136183149,0.0004421121691975801,0.06465542787256558,0.0005139908697215553,0.0004437953582614392,0.00023662901076772496,0.0029056431123551363,0.005480000675375009,0.8421103998866943,0.0006015774414901612
IL_9572511,0.03305904977095913,0.701939130796445,0.0011984493390799506,0.22686523083412316,0.001539254479984188,0.0036214888769091507,0.0005256216554923428,0.00631888738079351,0.006950200660818334,0.017151053813209586,0.000831641773320313
IL_9601760,0.022456281035480363,0.8148953143518659,0.0009482265523545934,0.08464108520214457,0.005620989330302827,0.0012867755415080261,0.0003960915714023877,0.012706335063214736,0.04196271244213181,0.01404624072359764,0.0010399500353030897
IL_9615893,0.005182447000892037,0.9530418189193676,0.001140825930790829,0.016307666448688155,0.0015015121328748517,0.0009179029070730793,0.0002790118257319427,0.004437182674076422,0.005560374826724353,0.010787772919657606,0.0008434919592911722
IL_9620950,0.06267191328731876,0.8476844071715255,0.000681708174482664,0.025321824918220746,0.0006205206404277091,0.0006626869412034213,0.0002188077944971568,0.003911903984818867,0.007769434195357325,0.04838773798463647,0.002069052985445948
IL_9623576,0.1803559200512295,0.1757734142146318,0.010101446827714,0.28126285634279985,0.002023334251846629,0.0018006185887031055,0.002022420076226893,0.315507573062283,0.021535402837840573,0.008493636418164965,0.001123368294245747
IL_9647002,0.013196049159490594,0.8761471225872829,0.001253786917353471,0.019204996401186194,0.005514688394600481,0.011942976270496009,0.0010295619649259024,0.005778082424306641,0.0075916932951971905,0.050901469885328815,0.00743956807717339
IL_9655170,0.1681438565227168,0.19711564357551228,0.0007661207534008151,0.03942799940024042,0.0015755276023528845,0.0008514488929740263,0.000763575937396046,0.0048332897340679715,0.0068889266284526155,0.5788394557391242,0.0007941626801070302
IL_9669202,0.13676235101785666,0.6821476125439969,0.001167401955306946,0.07836668098164018,0.0010653391833085344,0.0017817625783288894,0.0004044673673742909,0.008552572959809076,0.03189112635913318,0.05706027050275708,0.000800417140729193
IL_9675212,0.010656261456294709,0.02958508049220565,0.0031578144855068367,0.02580042910778223,0.0014432214418315305,0.0017595747011630435,0.0006869719893832872,0.1349256045597213,0.7879689948920601,0.0028054518776334876,0.0012105893332974745
IL_9675469,0.04377074407918735,0.1872071522995987,0.004384103014055409,0.18164923695782753,0.01217409175149265,0.0076588013225944345,0.0014566761941196915,0.032272430318373006,0.018433815277567163,0.49622119717641117,0.014771749552102286
IL_9692632,0.043805533349736615,0.6893778449260571,0.00434981538221104,0.09435972597222149,0.00781628622036069,0.004032880551343252,0.0010260474963727489,0.0128056093458732,0.05490088551334834,0.07848500138874974,0.009040372846569618
IL_9693077,0.008062958103010479,0.07098199956168601,0.2124625371354895,0.026242851955488044,0.026005934117523003,0.04088703860379159,0.0033053364675459224,0.12608243264872274,0.2965438559292472,0.007595705699371749,0.18182935743728187
IL_9695113,0.030846020811309775,0.4015761474183613,0.0009115824521396119,0.07799182677743954,0.0020644716989128807,0.0014573443341541076,0.0014634195748774593,0.010694823556056512,0.011993582699550052,0.4595680747757737,0.0014327067878792763
IL_9696386,0.02455000374959612,0.7605985285659268,0.0018439704878949706,0.1455670219079901,0.004786911896039622,0.001028544402839732,0.0005449965485753032,0.01001081860063825,0.01973688575062835,0.030346151990005173,0.0009861687677168638
IL_9697828,0.01928580999023098,0.5946638019768168,0.0019577260842264395,0.20145262316470913,0.0020564230779895037,0.0009858714136532596,0.0017867683231039364,0.012800700993611101,0.01113460205275705,0.15208379815934406,0.0017918856580915203
IL_9702105,0.07904396982236012,0.6905994807035921,0.0009519734941176986,0.13797962148158674,0.0036513476243030356,0.00230774602646689,0.0003521224842097614,0.00813550617668985,0.014127364919191225,0.06204995337662608,0.0008009255687684622
IL_9713310,0.03150330292395551,0.10755629229835227,0.00038019369930241824,0.10454792411880114,0.0005071307612492999,0.0004362336488458693,0.0003709907500342549,0.0035541559533091975,0.006077466416857777,0.74456562009164,0.0005006854037845588
IL_9722277,0.005244654421417736,0.03955917455439923,0.012041341944531535,0.045019284114619446,0.009277511526116293,0.0015832566800687228,0.0015458280022596835,0.46123665329826063,0.4147747352290896,0.00500457200779208,0.004712987343479466
IL_9728655,0.1347220930083157,0.651658002129863,0.0008344473883416491,0.09803084231954302,0.0019094457093253683,0.0015119091686952842,0.002591892854002849,0.007016045788711442,0.011543724851089702,0.08890973130807284,0.001271863963065135
IL_9747613,0.06735409017199422,0.21410982157936018,0.0007986253710684866,0.11910007190464932,0.0011057311659414643,0.0008448873442442519,0.001111174329829492,0.005982026488429253,0.008315547704197773,0.5806410084883518,0.0006370153888755126
IL_9776207,0.00478654826212823,0.07655300480591347,0.01643631963973207,0.02870455000922301,0.015091998385658022,0.002315846879958748,0.001187237656895384,0.07205741615383422,0.7649706274470477,0.004061586358418911,0.013834863816688235
IL_9785286,0.0013668217748468812,0.007268290144682735,0.0014544824330272295,0.011686329230207534,0.0020074047533945494,0.0005369822130422602,0.0002609511178464359,0.022515252856558088,0.9510019910553137,0.0013430125834638627,0.0005584765710359331
IL_9794109,0.0016792192219829895,0.009675670889991215,0.0052777375740351955,0.008538586534768411,0.0027160341619570025,0.0020243199432764414,0.0005318976619264638,0.06480004375200511,0.9011863605716298,0.0016080498403531955,0.001962074280753975
IL_9810905,0.03933314082883168,0.8137211502479431,0.005516175763828024,0.06687785853569146,0.001085104500420041,0.0029252878985808165,0.0006414463743186148,0.010348017158570222,0.017132447474601478,0.04068855889880003,0.0017308100095104959
IL_9831983,0.03760153898179595,0.7609115405151364,0.010873109942316531,0.056228752718666786,0.005153613243525752,0.0059311954584420875,0.0016147780528510032,0.05139900815810988,0.048278674393307124,0.02074968305506267,0.0012581016002750686
IL_9896495,0.3919728411394799,0.20678623356785306,0.001788708390760373,0.23414707100326262,0.001329122180658235,0.002717907056191802,0.0017166034533258642,0.01315123836621551,0.018622020573203037,0.12699417888057768,0.0007740721233858739
IL_9908692,0.029899317083672865,0.847927046149792,0.0017396129509261145,0.02562645428362755,0.0028026917626119406,0.0029812026778954018,0.0005800238991084439,0.00582775762490891,0.009400814690412151,0.07145561020124691,0.0017594704753844486
IL_9914512,0.10291535591739143,0.3452087159071279,0.0036080546424480677,0.17060980476810414,0.0016422701599038425,0.008148112555917722,0.000702510461903302,0.01032808435193409,0.013860083451849322,0.33908366094822906,0.003893345637083471
IL_9931816,0.07138510699519078,0.14680162402001426,0.006303072179493308,0.23216526496397952,0.0017797704772703528,0.0011733626916552874,0.002534597931119115,0.462456067060486,0.06668406706526891,0.007413950679708649,0.001303107456897866
IL_9962396,0.02131765561696242,0.19467616620483394,0.0010715221764795912,0.31575381749901393,0.0009484775729005668,0.0012539098803886614,0.000346344034131084,0.007754437318206628,0.008592191488707247,0.44725929054552077,0.0010261971325140546
