lesion_id,AKIEC,BCC,BEN_OTH,BKL,DF,INF,MAL_OTH,MEL,NV,SCCKA,VASC
IL_0006205,0.0014437857360110257,0.8208406338320746,2.1030346794295742e-10,0.0004997592253084493,1.1395693642181278e-11,4.604439622938163e-11,6.973399698937753e-13,1.538701560546671e-07,6.574453714734927e-09,0.17721566042242423,7.113091381409131e-11
IL_0025400,0.0009161073108070886,0.9673066168511695,5.703732871234104e-12,0.031754041577532456,4.77575376873641e-08,1.7302329860213761e-10,4.7893088565069295e-12,1.4775002359463832e-07,2.1417805759890875e-06,2.0896786680992617e-05,2.1564434580063725e-12
IL_0039001,4.2007272061867046e-05,0.3127945005313155,3.76491022267575e-05,0.6835257501638239,4.6029103324741025e-05,0.0001388728936570917,1.210094661577611e-09,0.0031494299427917167,0.0002595869140936979,1.8466128409776611e-06,4.326253769029942e-06
IL_0046799,3.854284102061789e-07,0.00022880764848703385,8.195075277503107e-13,0.0047822443386313,1.2016475696744806e-11,7.325541063916502e-13,4.0113891732946386e-14,3.293102697915713e-10,5.242247280605091e-10,0.9949885617068254,1.0502468389126941e-11
IL_0054262,6.972834977161821e-08,0.2268877733497501,2.0946673514876312e-06,2.9960464624890754e-05,0.0006300140959718826,7.389847960258715e-09,9.065423911137915e-11,0.002353212728577483,0.7700965442224684,3.7910559692104893e-08,2.8535184414518125e-07
IL_0056788,0.891821568856881,0.09046423076993065,1.0460066458039748e-11,0.010876479381276179,7.813388914899936e-10,2.3071857660247207e-09,6.750035720854233e-12,4.6883446729099094e-08,3.662109130779877e-06,0.006834008887549927,6.0499534131377e-12
IL_0093956,0.0012689921135242092,0.9932049763270346,1.387731483120588e-05,0.00022187622152130686,1.1914608177377337e-08,0.0003301192272161426,1.2776422490917278e-09,2.328789369230877e-05,2.397298308408337e-06,0.004934061640779664,3.987708417365501e-07
IL_0103904,0.037392135754646026,0.005977807533625691,1.0276448204224634e-10,0.0016482409182675246,3.0277200217447776e-10,7.550088988502562e-09,2.8149928759850876e-12,1.7150796166104892e-08,1.5483214790081885e-07,0.9549816358299792,2.20969950714068e-11
IL_0118369,1.7064373667921176e-08,2.3879725570125146e-06,4.764259913174105e-09,0.000137199350623795,1.0829786155050674e-06,7.216282106930167e-09,1.0890710755620339e-11,0.0022699517730916455,0.9975893471002969,2.1118935275304234e-10,1.5578194535226799e-09
IL_0151990,3.4654854545910045e-12,5.884009423794688e-10,6.1409045577791995e-12,1.77946553074503e-08,7.204194876727122e-12,4.18385989983769e-14,1.0460165974380484e-15,0.0001546674341974361,0.9998453141657465,1.180018709027371e-13,2.830420737647789e-14
IL_0171236,0.0009018209109625713,0.8188529592097661,3.613727844886499e-05,0.05903344348089105,0.0008303377006144394,0.002134382370723933,1.7157122193910364e-08,0.0014810661352036578,0.002549543254530288,0.02677014020743045,0.08741015229430649
IL_0183960,0.0010863276106368184,0.07434333010247422,0.08812493694989264,0.0006500720822238483,0.01817399751239391,0.013933279936068733,1.0087624195620734e-07,0.011966382239210704,0.7901776068969035,5.7928250922626805e-05,0.0014860375430308394
IL_0207706,1.0680919163341105e-09,3.475696647851864e-07,1.1275748013441888e-07,0.008595655863237725,3.3806214671631127e-10,2.417526223178858e-11,8.134234501727174e-13,0.9911772064802276,0.0002266755868395319,2.156471642640903e-11,2.8984277675998475e-10
IL_0207891,0.36168146695562037,0.010923117976889067,3.6637233228256222e-09,0.010050303587320886,2.853648851109158e-08,4.864703753125564e-09,9.296401730667664e-10,6.049637337630423e-07,2.033854848280794e-07,0.6173442651154927,2.0902704850450083e-11
IL_0225203,0.00024174099082206708,0.9752545501371286,1.64536026641841e-07,0.020495941605209032,0.0018256393894356257,3.2870240730731876e-08,3.439550682203465e-10,0.0006760001950391628,0.0015049906538064253,8.621915655166214e-08,8.530591800352921e-07
IL_0227635,0.7922182003058521,0.20321941657757608,1.0586066805381831e-11,0.002406836620943677,2.5278973002168354e-09,1.2882795908572888e-09,5.520776867900222e-12,1.3824476290055047e-08,1.3907875782473933e-08,0.002155514726715804,2.0427643260392756e-10
IL_0259815,1.1451488671674143e-05,1.5762547857576238e-06,2.0142514769217393e-07,0.958374430538784,5.899985412922166e-09,2.2796918657645576e-09,1.4026036885789228e-12,0.018668281076475886,0.02294405081752563,1.7740421948563098e-10,4.012508448144197e-11
IL_0260810,7.927913202169927e-06,0.9917517321541217,4.415462624569217e-09,0.007822792871458617,3.872857787277918e-06,8.146225417112656e-10,2.652978451929379e-11,2.5623047629335478e-06,3.1212110540018905e-06,0.00040796265064800563,2.27803504484108e-08
IL_0262469,0.3312829704138027,7.795747750429689e-05,1.791010431140193e-07,0.6671901390025498,9.615512920205572e-10,5.680678241548445e-08,1.8210767786879959e-10,0.0014409935202263115,7.681427900384469e-06,2.10797692396564e-08,2.676276092785792e-11
IL_0267598,8.37866407989743e-05,0.00048710202968921625,4.6330692441422603e-10,0.8925699490703676,9.176149064828593e-08,6.61337821139266e-09,1.5172689284694196e-08,9.61123085567851e-05,0.10670871430179868,5.4221540083079965e-05,9.784064397496182e-11
IL_0312376,0.0001717854845966118,0.9930869085376907,1.918986017424085e-07,0.006326475905377538,2.9143420291519177e-08,2.6101052823242244e-06,3.389488755220609e-10,1.1270530286847906e-06,1.1026255353370919e-07,0.00040978082842677374,9.804420728390792e-07
IL_0331012,0.01241406264854434,0.9827556679491377,5.704455193138443e-10,0.0047840706099696395,2.4686800057706992e-08,1.5658144402637626e-09,1.0941673777779565e-11,4.967353959755803e-07,4.20424910665229e-05,3.6327183879518375e-06,1.3496151947855927e-11
IL_0344325,0.006484054212576652,0.9824220667520385,0.00013882559752522,0.007096232276434091,9.223559485087706e-06,0.0035512129435221504,3.791192896556784e-07,0.0002040943199370466,8.192582051771395e-05,1.1980356404080075e-05,5.042269857109093e-09
IL_0403731,0.005879691364108328,4.62944728962771e-05,1.499646384341735e-12,0.0048173633802949785,3.9658142974839384e-10,7.398299739415102e-12,3.630276245788052e-13,2.8327900008399416e-09,4.487248429929449e-09,0.9892566430536958,3.1236997510715797e-12
IL_0404181,0.00017778437175625474,0.9904718932503483,3.769056276254434e-12,0.009342499390977343,7.082062738371556e-10,9.96214970608267e-12,1.4086651352734119e-12,1.201075055716444e-07,1.5753417890781632e-07,7.544620489617852e-06,1.39804232224464e-12
IL_0465184,5.395715362008865e-05,0.9876608832637037,1.7614072488997838e-10,0.012283668125979781,1.2945079654268918e-08,5.5767984156591356e-11,1.780439261960589e-11,6.795052707662767e-07,6.530697591675202e-07,1.4558471042530702e-07,1.0216338932015192e-10
IL_0492696,2.061805223015713e-10,8.668815340914721e-09,4.398583081962286e-10,7.457405510771293e-06,7.047529431240817e-11,5.54722665922013e-12,6.705938561193919e-15,0.016752641546534757,0.983239891642863,6.860038496976919e-12,7.348019190881518e-12
IL_0560781,6.955341778121859e-05,0.002285530734176305,6.565975821276494e-05,0.8596202149950368,1.865666432434928e-05,8.22003599332275e-06,2.2311596007465102e-08,0.1350592250768649,0.002872113592884999,6.542789594304659e-08,7.379852332149277e-07
IL_0575017,0.0009688296244457645,0.22279919074458238,2.606272547602076e-07,0.6738795636681151,0.002035372982448796,2.773608759579126e-07,6.890659708049935e-10,0.0013887243077931827,0.09885290557846611,7.472865644942148e-05,1.4576050254292435e-07
IL_0578791,1.8377484077423066e-06,0.9981248463780673,2.7539914603507074e-06,5.2813207725829373e-05,0.0002644172461681335,0.0011415051340058207,1.8684905558242554e-07,0.00017817564860738116,0.00012074824684921174,8.980286230830139e-05,2.291268734437602e-05
IL_0611781,6.982913990938743e-05,0.9997495975410047,9.121837674572563e-08,4.5327678281194924e-06,4.71034124098942e-10,1.2600968525680753e-10,1.013428947061378e-10,2.3275233466639565e-05,0.00015245994311814713,1.694251660271026e-07,4.4032743601612326e-08
IL_0649132,2.6493102576689715e-05,0.34150079414945295,1.505404673761935e-08,0.6500308545157318,7.043846783579726e-07,1.4941133201012913e-08,1.1959885372740266e-11,1.4802621990876156e-05,3.583051591322467e-06,0.00842273569969907,2.467139243027661e-09
IL_0704269,0.00937230338636227,0.008451286685773576,3.542408745314711e-12,0.0014349519342442246,1.0781600122693342e-10,6.643734958127393e-12,8.975515169772641e-13,8.034272710502995e-09,2.8317532561779283e-09,0.9807414469820332,2.666118195320043e-11
IL_0718371,3.2784389465433296e-05,3.996289547930277e-05,1.4963981170270597e-10,0.0003827862555758749,4.296743052071102e-12,2.9023484119896897e-09,1.8672537586540425e-13,1.418823694333116e-09,2.4042401783852988e-08,0.9995444379392734,2.508820851786903e-12
IL_0721442,2.264393317060154e-06,5.637413166701956e-06,1.2071622424123375e-13,0.0003583411634308625,3.721416032281972e-12,4.0402058862215135e-13,5.846828557762524e-14,4.018084279734716e-11,4.151198205817578e-11,0.9996337569433882,6.997663884280688e-13
IL_0754056,0.005061696916772527,0.9840472314627737,1.176224637548149e-10,0.010766981220500077,1.2424393646291889e-09,3.330483363544326e-11,2.3729281774577812e-12,2.431570314915712e-07,3.9788690257798225e-06,0.00011986697044841836,7.708228933343415e-12
IL_0808321,4.2694382702008804e-05,4.057699133188261e-05,1.3589591205363263e-05,0.006468276026784908,1.8409444237744426e-05,5.451757210162749e-06,2.3259728915834373e-08,0.5792340537051597,0.4141768844610048,6.3341722060642606e-09,3.404646233653873e-08
IL_0854378,0.056991443507581535,0.0019495520529090808,8.35997042538856e-09,0.06957678742241753,5.698840391340095e-09,1.0431928811441204e-08,1.8155957104618473e-11,2.6414937738959594e-07,3.237846506181961e-06,0.8714786684819089,2.2030403683509255e-08
IL_0895462,7.24490845376431e-05,0.8522501459925864,2.6456386694111986e-11,0.1264082955447523,1.0037495417598454e-07,1.2609481264445263e-10,1.356353044922146e-11,6.201783950728486e-07,4.18893727328535e-08,0.02126823887335422,1.0789593290810411e-07
IL_0928130,0.006591997530423736,0.002261549436870533,1.558002810434697e-06,0.9864164765945914,4.531014729899436e-06,4.3761084281859124e-08,1.330508544477239e-07,0.001258072653261549,0.003463801172401748,1.7923531593668449e-06,4.4429812473173053e-08
IL_0977585,1.643829998164358e-05,0.0008363815132326946,8.19014738805002e-12,0.020284847323743995,2.9233851468027455e-12,2.0313984106874897e-12,1.2527189938031438e-13,1.8743116442925402e-09,5.906286580750081e-09,0.9788623250647677,4.405621976859559e-12
IL_0977986,3.6416657844435515e-08,0.9999811975996762,5.290020779743066e-11,1.7956955909119322e-05,9.039413172826028e-09,4.6049912855036595e-12,5.915996574187619e-13,4.769135871038972e-08,5.995056360007112e-07,1.5252963192713353e-07,2.036201745775119e-10
IL_0996202,3.721811718291022e-07,1.3198261688072023e-05,9.39961811475976e-09,6.505896694124322e-05,3.927576532319207e-07,1.533132335333665e-10,6.368139857343655e-10,0.04335745277324068,0.9565635130114457,1.5875686744467323e-10,1.6993570217037476e-09
IL_1009731,0.00461982336102579,0.06275173235259403,7.797668589780286e-09,0.008084056787999479,1.521364969761789e-07,5.7526625980388967e-08,1.3962673989638606e-10,1.0841939818457817e-07,2.3254871401054418e-07,0.924543424041249,4.0488860117703696e-07
IL_1011664,0.00021423696875452162,0.008516205881827523,0.0004130128048718089,0.0036357160377162847,2.0959751689449592e-07,3.7232472926787734e-08,2.706630860468825e-09,0.8852696610034272,0.10194812771736174,1.5176441377627663e-07,2.6382850066252164e-06
IL_1020124,0.0020611519396092847,0.7708774544305587,0.00013317172307365687,0.003860412408725609,9.364951843093819e-06,0.016819156868896696,4.149542476199154e-08,0.2002126959321356,0.005832261283025227,6.602598106867316e-05,0.0001282629856386656
IL_1024284,0.0005405231152828798,0.011898632169594964,6.289395674988553e-11,4.82560585118772e-06,1.0621242395640549e-10,1.4018681518780493e-09,6.460115705199423e-12,1.023241651643092e-09,2.6211438673910824e-10,0.9875560161271475,1.193327874168276e-10
IL_1024365,0.6510247077897241,0.17139695045178957,2.5456028521196826e-09,0.07024147904832914,5.363689280597384e-07,3.4982172395770107e-08,2.2654472337716476e-09,1.4469115546044112e-05,5.992494606853295e-06,0.10731582434861245,5.89241164694311e-10
IL_1080907,0.0007447008898735317,0.9977136311669804,1.4049321593488607e-09,0.0014680324017390574,7.204000127938054e-07,1.874919001937659e-09,2.039794278512672e-10,2.2284383380417232e-07,8.270875027023685e-07,7.18610161559759e-05,7.100711147666045e-10
IL_1159502,0.00020221600945646875,0.9895527145808567,2.6868648779684453e-11,0.010238090033963245,1.310302623256366e-09,8.440050469702321e-11,3.643242588940402e-08,6.464833479566838e-08,3.5368004809355655e-08,6.841390783302787e-06,1.1460306154360078e-10
IL_1183203,0.06850535425245681,0.025469436096670295,5.137691272848993e-10,0.0005129234861338489,1.8747845006489134e-10,2.7613759570528128e-08,3.051130414606819e-11,4.446188117356804e-08,2.7306642287315034e-09,0.9055122106176733,9.001956751602725e-12
IL_1236220,1.1872057482349427e-07,0.00032603786710800757,7.307852609263447e-12,0.00021877725471773974,2.509849499062523e-12,2.940545149910071e-12,3.602202789451373e-14,4.3323981138769926e-10,1.6419549340239433e-10,0.9994550655462976,1.0722986816641463e-12
IL_1246958,5.115543014793938e-07,0.0023344525624842904,0.00034208792523601056,0.00011808851463023589,0.1580122151826422,0.1425512442271945,8.427250852230319e-08,0.005259523118588273,0.6898015120673167,4.342357934243696e-07,0.0015798463393045638
IL_1248470,2.099484020468254e-05,0.012619571434343741,5.957168494625866e-08,0.02553375873574544,6.009160082654711e-08,1.0267755985855278e-07,3.1080758161852857e-09,0.9542400383515104,0.007585269926254253,1.400053587165091e-07,1.2576613415095833e-09
IL_1266003,7.263642370835417e-08,0.00019123470899835686,2.4537297707108087e-09,0.07638175352949435,2.226534719793701e-09,2.4215036662440115e-09,3.092428523409389e-12,0.45537909908068586,0.46804748571242333,1.333954128391451e-07,2.1383170080932722e-07
IL_1298091,0.0011868662903618881,0.9844797300419152,3.039692991524387e-09,0.013779421144535975,1.2064976913454862e-05,1.8169573682585808e-06,2.0598566714685547e-10,5.220906948713513e-06,5.5490582131475124e-05,0.00047919787721860624,1.8797692762650304e-07
IL_1418346,0.003920844341290883,0.4836845962214086,5.9692025447735166e-12,0.0003054428149372754,1.1463669456620017e-10,2.7139590362299934e-11,1.6531228422175275e-12,7.576079091082333e-09,3.23037800155743e-09,0.5120891054168909,2.496166646093948e-10
IL_1420891,1.535645835336849e-11,1.7900854984174558e-09,7.019824427201596e-09,2.0507557428529766e-08,3.3406208964378205e-10,2.4603952880928086e-12,3.1816252062433414e-13,4.907458796604397e-05,0.9999508933691129,1.6957288009380852e-12,2.3715609121075716e-09
IL_1431089,8.902403643648215e-06,0.9924192658642825,2.634987242796993e-10,8.340104416865042e-06,1.1898102274805982e-06,4.398176747605654e-09,1.8222354388538823e-10,3.3441608953772433e-06,4.168812514540437e-07,0.007558195373148091,3.4055823556312405e-07
IL_1450991,0.00015666132132682804,0.018625407716559635,1.7460012429424629e-12,3.402799102698882e-05,9.990062751298178e-10,1.4012135356415683e-10,3.3575278224619656e-12,1.0126205334796894e-09,4.5019413776865017e-10,0.9811839003028024,6.123833344645802e-11
IL_1497560,2.5197403448635217e-05,0.43483877507312485,4.5657838219344185e-09,0.5650859082059011,1.1409423124975682e-07,1.347038237848139e-10,8.822420640914736e-13,2.8333323083501735e-06,4.6787196580912347e-05,3.791272325556006e-07,8.658023283092589e-10
IL_1502550,0.00017124317145928534,0.9820198401005612,6.563565117600455e-05,0.0013093646315868207,0.007942335186928655,0.0001442134649845476,2.5042054501278815e-09,0.005354125174109685,0.0028990976013761006,7.44666878334791e-05,1.9675825778866633e-05
IL_1515580,0.005605232488510896,0.9864369359462039,1.1674330472077494e-06,0.0007210662878082023,6.974798884756199e-08,1.5434498639687626e-06,1.7542838922475035e-10,5.701435180096011e-05,1.3770508696777052e-06,0.007175560171920588,3.289655755841821e-08
IL_1562660,1.589512985670595e-05,0.9998162524722988,2.6317602759597497e-07,5.227654490367246e-05,1.9039811034994885e-08,7.712686794258497e-05,8.258959265099336e-12,1.2562099674483697e-06,2.5524499560620767e-05,8.966199407026019e-06,2.4198519656037562e-06
IL_1574123,0.012081892254939245,0.00043401968556890477,3.3322351354363025e-08,0.021116030355363472,6.732439680468471e-08,7.776737881094922e-10,1.4703075883926052e-10,0.9461310274175594,0.020236913195894803,1.4722345353866677e-08,7.96876098599036e-10
IL_1619785,6.680801024370345e-09,1.3033056696166223e-07,9.063581009726885e-08,9.604490910571519e-05,4.2939749463490636e-10,9.411126492626434e-11,9.475034528620505e-14,0.9991396515620786,0.0007640753293666671,5.505240501456982e-12,2.316222419705234e-11
IL_1633612,0.015769240728936776,0.0021241489462347084,1.0122124726304486e-12,0.00138507483874341,1.556263522997229e-09,7.682929494893121e-11,6.005052962300298e-13,6.414549779826147e-10,1.9755143649065082e-10,0.9807215329358526,7.652041700191849e-11
IL_1641818,0.12718388965788888,0.023507374873562536,4.723260336265957e-08,0.540197927702702,4.4224823573681135e-09,3.272396438562843e-07,1.2590974539248364e-07,0.3088589510568627,0.0002458661248586502,5.4852439532966006e-06,5.356970914931409e-10
IL_1643221,0.058813158990559354,0.19051034532075137,7.079537714296182e-08,0.21239613649345032,1.5750529176373906e-09,1.3927502162186544e-07,2.1101437738231906e-11,6.122159017068029e-06,3.07508596998008e-07,0.5382737149528827,2.908189019888842e-09
IL_1664752,0.0009182513060499867,0.08040043516618858,3.379963890023536e-10,0.0008691311240713912,3.4631108253326055e-10,7.49436435574661e-07,4.5375733291347205e-11,8.08317480106368e-09,4.673317385632979e-08,0.9178102256021994,1.1518190233671934e-06
IL_1681515,0.15545650794228819,0.26661144930935976,2.2060477066718782e-11,0.020175768710327842,3.5186465483431807e-10,2.389316927615464e-10,6.992185012793334e-12,7.591297931573585e-08,9.019644449944336e-09,0.5577561861837126,2.3018387537969476e-09
IL_1688338,0.00030200325440233927,0.9954595727175328,4.450064993475084e-09,0.0038385570478304196,2.9952434874160193e-07,4.35342700648778e-06,7.217423233024639e-11,4.300039464399916e-05,2.2134511080195832e-05,5.188663881482246e-05,0.0002781879621008838
IL_1706933,0.04314833355403638,0.9534190226581082,1.0223898647950864e-09,0.0019031271217167672,2.057446421701234e-08,9.276468031619662e-07,9.537508975339988e-12,2.4718718682165783e-06,1.00103032389057e-06,0.0015250851122053316,9.398546685282938e-09
IL_1860067,2.3817495736796457e-05,0.958930198724887,2.6291554603709656e-11,0.0410398692475417,2.1330097409706348e-09,1.4784915803098089e-09,1.9760364940521527e-12,2.589415580089311e-07,4.595509664859185e-07,5.392398110557264e-06,1.4305953209315054e-12
IL_1884002,0.00021685546578485395,0.38338641413952107,1.8771722348360703e-07,0.616307094549586,2.9906964938267873e-07,2.938848394733586e-07,5.99653182711106e-11,4.140351981704035e-05,1.947593796208198e-05,2.7958666269085444e-05,1.698938213938131e-08
IL_1897663,2.001238695624495e-05,3.579021617639778e-06,1.4121382998657762e-13,0.00018184145130850274,2.3610357726349923e-12,6.790886413730899e-13,1.177864616017691e-13,1.1760638131282484e-09,1.5661639791669035e-10,0.9997945658036381,5.001736043711149e-13
IL_1901178,0.5094684684148756,0.16197914360011534,7.922150090958045e-09,0.21090430392966497,2.1306289804813267e-05,9.377724125098969e-08,2.904597641315786e-10,5.767867152834827e-07,3.4211474233158666e-06,0.11762266534414219,1.2497407348480368e-08
IL_1935222,0.021260901444907002,0.9763143561148778,6.082831253683911e-09,0.000273242894005529,4.1177315812766855e-10,1.3984121320979491e-07,6.860209530726793e-12,1.6820633727448903e-08,6.042034958131567e-09,0.0021513234486495317,6.892213621604551e-09
IL_1968737,0.00029502604122952207,0.02237779381790229,0.0021115939450054703,0.00013930312231933765,0.1225118610001556,0.14514037940125094,1.0014646412091545e-08,0.02013759654608475,0.646574183297706,0.00011217319272280667,0.0406000796209768
IL_1976391,2.821556390553312e-09,2.829935546831851e-08,5.49794513242371e-09,0.00010485129184333631,1.484518857830222e-08,5.830571654334675e-11,5.4782389496900215e-14,0.8042074103481118,0.19568768678392562,1.9949624926831742e-11,3.3763400666606993e-11
IL_2021485,2.8529909061032106e-05,0.00013589843861021476,8.680647442617577e-13,3.663352740830206e-06,1.5914047040938937e-12,1.5169720210222745e-11,4.0498486828869095e-13,2.484885546543483e-10,1.0283533008530603e-10,0.9998319079296839,5.460982096252692e-13
IL_2031231,6.6440756563072835e-06,0.9941958272391422,1.2829444702359431e-09,3.148930935489853e-05,7.427229481493151e-07,4.320659904447493e-09,1.23393697383534e-10,4.5136129940111584e-08,1.4514221289649888e-06,0.005763779778602933,1.4589038548782917e-08
IL_2042306,3.88526835500973e-08,0.0001558365100323719,0.000142219849350645,0.00010707150643083034,0.0001491388493784377,2.1080366962691376e-07,8.970946848035777e-09,0.0016147000672133039,0.9978251816004117,6.656231494018005e-09,5.5863336511566e-06
IL_2057670,3.7841465090273002e-06,0.005143557983984323,1.5873836314527361e-09,0.0052939549857941096,1.6699907969753823e-10,2.569164402653482e-11,4.0031690959624746e-12,2.0361899322743734e-07,2.4052893595121348e-08,0.9895584729439161,4.838322139812283e-10
IL_2058271,0.04875098156528512,0.7200640662396096,3.5377928951467766e-08,0.23109338056960996,1.3992390841283832e-09,1.7691088669413428e-09,7.037883908765682e-12,3.381839045879669e-05,3.1586920465280154e-05,2.612744595072432e-05,3.1530575674978057e-10
IL_2068901,0.9953234677815308,1.0095868252924472e-05,1.4331063140801345e-06,0.004625878388210796,1.3128427318668947e-09,7.596234950610492e-10,1.4859744125075313e-11,3.818478602074941e-05,9.206959606156174e-07,1.7277991811643237e-08,8.392367470263285e-12
IL_2076993,0.006356023097484952,0.2718243812693304,6.097932099710131e-10,0.45745836376528,3.847161824583912e-10,1.044549025008202e-09,1.6533013516611084e-11,3.3190563460991936e-08,2.951074401507648e-07,0.26436089639409127,5.12021832599788e-09
IL_2078226,0.0005291434052411163,0.0021077748458367173,7.566327478671502e-09,0.9912845376338596,4.2102857169868605e-09,2.341250502933363e-09,9.850236403703848e-11,0.005716694654250254,0.00034508083917197474,1.6751035410739285e-05,3.3698634732273003e-09
IL_2081710,2.3319633541698024e-11,8.570510516346531e-10,1.602751488337678e-11,1.5761525689398666e-07,9.223331638419966e-12,8.246980049969878e-11,6.087506500916018e-15,3.6735821701356676e-05,0.9999631055597769,1.3509436630539186e-12,1.3816507783869887e-11
IL_2085556,0.05006029274665961,0.9439665715570779,4.860419277408112e-09,0.0056351427484007096,1.2324645205554505e-09,2.142477679468964e-08,8.080911957821406e-12,1.7745467377641725e-06,3.5840089974886595e-06,0.00033260677594388103,9.044086890897567e-11
IL_2090864,0.07252313848726435,0.5451379372693766,6.69022482910681e-11,0.38221483742084206,7.872647682704382e-08,8.069137488496122e-11,8.699943252978147e-10,5.7581684292009085e-06,2.126496714765712e-06,0.00011612214957193682,2.6373621884275284e-10
IL_2144290,9.512724389429364e-11,2.1738997024668322e-08,6.727325099741674e-08,2.7255269012645927e-07,1.1147214640849177e-09,8.374465416505942e-12,6.083755063985013e-15,0.0026963334349207344,0.997303303771753,3.972404923620098e-12,6.186478204605205e-12
IL_2157015,0.9147644776630377,0.0686261446664385,2.3255690613833575e-10,0.004517691042324953,1.415137751409142e-08,6.046258586679523e-08,5.739550314141314e-11,2.2696306289444088e-07,2.5390981468365283e-08,0.012091359273536766,9.670185920104956e-11
IL_2190574,0.00034840120914011877,0.9541175688034057,1.4935057955890064e-08,7.895209758869912e-06,4.929149842710926e-08,1.8551394730272054e-08,1.9761719285994865e-11,5.399994364998725e-08,1.2766818430890821e-06,0.045524719239151266,2.059044322480613e-09
IL_2207792,2.8063697385090906e-07,1.0879817910068513e-05,4.886800935008076e-06,9.281776300442424e-05,3.4918121842039944e-08,7.838308725759759e-10,9.037975919248659e-12,0.0029345921738458767,0.9969565009799645,5.996760291454163e-09,1.1961540760946395e-10
IL_2254004,0.04360819894990548,0.9162002804580777,5.7657591074396886e-11,0.040043951566498336,1.899892202214689e-09,1.595293198536871e-08,6.053205057670248e-12,4.600609938556467e-07,9.191548824813677e-06,0.00013789948066808197,1.8496820154358087e-11
IL_2274232,0.0030371090523719614,0.7152058460559975,4.680713214559128e-11,0.28165000443367627,8.337454928219033e-09,7.863613710679371e-09,9.600922058116674e-13,6.068218516990446e-06,1.589046098435623e-05,8.50650931081681e-05,4.365090108351749e-10
IL_2283965,1.7782598243815238e-05,4.685681654963014e-06,2.3685070039319518e-14,0.00017229445084285562,8.224721576121966e-13,1.8499137405357776e-13,2.073587119819415e-14,1.843249439494943e-11,1.5744133657791184e-11,0.9998052372338845,1.4535846813215502e-13
IL_2330498,0.8334550308665051,0.06327687617919268,5.240246540286535e-10,0.061208468278404836,6.760662237389596e-09,1.0932778596490491e-08,1.4579184065055064e-09,7.025268350569371e-06,9.452351304381444e-06,0.04204312731832909,6.252943082828725e-11
IL_2354191,4.54567262138477e-08,1.0441658102269584e-06,2.1279764442921897e-07,0.0006783854958010325,6.131042424297214e-08,8.395414990049234e-09,8.002402617204522e-12,0.03354561293619026,0.9657746273385127,6.25718701860624e-10,1.4697546116904828e-09
IL_2424578,5.01046452100426e-13,3.636359445623306e-10,1.1306108344931875e-13,4.524003459922597e-09,2.257388276630946e-12,1.468749447788692e-14,4.311857892045882e-16,2.5879945334375223e-05,0.9999741151640614,5.519550869978149e-14,2.2968498860404898e-14
IL_2440740,9.439532519851779e-11,2.605877074330534e-08,1.2424193314950071e-11,2.194769447533889e-07,9.478141457059025e-10,2.8334441828564274e-12,9.28266246843371e-15,0.00044232196746255524,0.9995574312306801,7.707922227837818e-12,2.009575810126195e-10
IL_2451306,4.8733590046092805e-05,0.9573357468849237,7.145322967839789e-05,0.0042366292669668215,0.0003300464973385968,0.0007557498081689124,1.9915043106088946e-09,0.0007635692235839921,0.027236551855248994,0.00019313956889220458,0.00902837808364779
IL_2508459,6.468828712332636e-10,3.3895317998550986e-07,2.0035954597300146e-08,6.90710889185483e-05,1.487169724263548e-12,3.82161926384349e-12,1.6142784980703766e-14,0.9999303658055108,2.034385476418476e-07,7.713379282920154e-12,1.7967412058454876e-11
IL_2512501,0.9850674286751078,5.145536135459626e-05,4.3238905949310356e-08,0.014819543422255338,3.857865195928515e-10,1.723958184346586e-09,6.571264976273906e-12,6.1510123569853e-05,1.0772694373354402e-08,6.270203935791384e-09,1.9592398990626747e-11
IL_2520283,0.061641697632195715,0.014453952882536165,1.217828914922377e-05,0.0002741835702378751,7.631443900681586e-10,2.9614710455930183e-09,2.4613913136622924e-11,2.1775285253411585e-06,3.5390136073707535e-08,0.9236157707096928,2.48297476503471e-10
IL_2532113,0.039074250089715275,0.9251467283042158,5.817153126062351e-09,0.0013923506742527924,5.643998217072197e-10,7.134647654830317e-07,2.0710300359132128e-11,1.3809147330616254e-06,2.623157873988065e-07,0.034384307717913364,1.1635356499967086e-10
IL_2541202,0.08036851763552628,0.8767036887856088,4.98832366397685e-06,0.009391634843986653,0.0002579569655761107,2.8501818764043798e-05,1.3337279241004094e-08,0.00018090766239043298,0.00015116274715199136,0.03289821608375779,1.441179629471928e-05
IL_2542731,8.191371280409385e-08,0.00010646211662094223,2.590219076594651e-07,0.0005537651175052577,3.509311974484214e-07,8.286939487392261e-10,4.127301608023537e-09,0.6739712553030364,0.32536776827110664,3.0221699514591608e-09,4.9346747112646614e-08
IL_2564178,2.1694995452012726e-05,0.026382627283239538,7.002376541332015e-09,7.747850169600952e-06,1.2274458770572674e-08,1.2233726404852697e-08,3.5864641222935123e-09,3.5839215024480654e-07,7.842681311924306e-08,0.9735874491279456,8.827203920727044e-09
IL_2579528,0.020717988071804812,0.00017317671246336991,2.016448358205183e-05,0.13817599710408932,1.7802205356391165e-10,1.232540351262859e-08,1.049347989956165e-11,0.8409070491270483,5.61027348764794e-06,1.7068693276386999e-09,6.736265563669239e-12
IL_2580737,0.008572740699571334,0.9898666625815703,1.3748887862849843e-12,0.0015398971719028124,1.9522289634640747e-09,2.120896411726359e-11,5.444306847297008e-14,4.340334356913636e-09,2.7252395519169924e-08,2.066596539147144e-05,1.3967022718490149e-11
IL_2620364,0.042408532810422686,0.014470797123099503,6.57417272786826e-10,0.9430624533589631,1.953002913805233e-09,2.9448831643635485e-10,8.134805888267378e-11,5.677423859152844e-05,1.4297241187893721e-06,9.746839649609889e-09,1.1708417007218357e-11
IL_2631882,0.12367364443281618,0.7031023625327493,1.6302486567478441e-09,0.1656658450895429,1.4656003289319405e-06,5.081491743882659e-09,1.6872088719174203e-09,0.005168485748370311,4.682063810048006e-05,0.002341355072201331,1.2486941273857293e-08
IL_2632245,0.0004753395782075141,0.0005855111314091909,1.968753707353313e-10,0.47789627813265645,1.2345792103100564e-06,4.592145330882234e-09,4.3798847329240366e-11,4.20555915079743e-07,1.3498779583790052e-06,0.5210398605692306,7.425929884729256e-10
IL_2667257,2.5527398411778538e-06,0.9997181259458656,9.34669556720293e-11,0.0001645956368453387,2.517705145406834e-07,6.513775623912515e-11,1.4556601771496538e-09,1.7097056544360596e-05,9.653236180706166e-05,8.423202641631376e-07,5.540527530072417e-10
IL_2673683,0.5305465175806375,0.07578047118995124,1.9828165423891e-10,0.008761488756868335,5.685135103773386e-06,6.466695434873736e-09,2.125242544840346e-11,2.0396238802534083e-07,1.9675292276873073e-07,0.3849054079590793,2.1976819429849826e-08
IL_2695389,1.6834958964805956e-05,0.9999576517632146,3.5645479944826914e-08,1.575895932694554e-05,8.410797107896364e-07,1.3944340430056838e-08,1.1954561189908512e-10,2.561496459108317e-07,5.277687243596762e-06,3.3252530703524343e-06,4.439457209674528e-09
IL_2697064,0.0008357693432580585,0.9156346866287601,1.1427689780403251e-07,0.012543804600550879,3.895534547911762e-06,2.727424572984221e-08,1.6279727879089726e-05,0.07008557712875445,3.512401897796888e-05,0.0008445083350845125,2.131310434541567e-07
IL_2701771,0.00012988406794273592,0.9590395062084082,3.659351440631611e-05,0.03271114326635173,2.246998014978069e-05,0.003922964919645985,8.543398029164033e-10,0.000584277001114931,0.0027968775629213997,2.5219842792692535e-05,0.0007310627819264589
IL_2713699,0.39444190953612984,0.36466103852556425,5.291031624473337e-09,0.24070273311846901,2.744998566697491e-08,1.6167121552341827e-05,4.281890972935202e-11,3.1329381440551164e-06,2.0508093299712514e-06,0.00017292544237526407,9.724599115246036e-09
IL_2726821,0.028992803839376982,0.8996733330315773,2.2194381913794456e-09,0.07132154240804038,2.7996325385069397e-09,5.497416987518439e-07,2.2166072880104392e-10,9.744563143040162e-06,1.8335475548889704e-07,1.8378074932149998e-06,1.3183472067044772e-11
IL_2729600,0.003390784963756725,0.8614992180801777,1.6599896225956218e-07,0.12314320482105298,2.8362788053249335e-05,1.3120166338553098e-08,2.749676651692536e-05,0.00022176519757578377,0.011628400667714664,6.0582917877858054e-05,4.678145653548129e-09
IL_2741580,0.0014479517125889785,0.8218998368258906,2.431641730746038e-11,2.4239567302128775e-05,1.2082818037190653e-09,1.0393129069458024e-09,2.9887477591750235e-11,3.800106112052938e-09,1.4294798174413632e-09,0.1766279486730267,1.5689806952358207e-08
IL_2778741,0.01565869049808992,0.8907438662050075,7.78616997099226e-09,0.0928974927150989,5.1171067006811736e-05,1.9425641383775458e-05,2.1426026845568325e-09,0.000313745840759218,7.427182966705718e-06,0.00030817075439964694,1.665149686621888e-10
IL_2784674,1.6950094822209182e-05,0.014377639545265603,5.374719344463975e-12,0.0009291296230437591,1.7576777212583288e-11,2.6428366240248124e-12,1.1371698054013422e-12,2.930077428460501e-09,1.7785482615600843e-09,0.9846762759907371,1.0773969138266894e-11
IL_2788623,0.32997543884209407,0.579792499483233,3.1709931656351285e-06,0.06432800686879918,2.786656252877269e-06,4.098876297115811e-05,5.3394053783230695e-09,0.025536996518436654,0.00010895643590665034,0.00021098352901084883,1.6657072450681194e-07
IL_2824067,0.004275046910499556,0.6575107031465117,5.5555499866481155e-08,0.2842684529876876,1.0360455096516603e-06,1.0512473462356898e-07,1.5977240556677415e-09,4.549219975521505e-06,0.0003861915567841551,0.053553497344063325,3.605110098373581e-07
IL_2840498,0.0014785518941041783,0.9776423502483063,1.6516953965455136e-09,0.019397644394804882,2.598655613321431e-06,8.726014997333274e-09,1.786383177657935e-11,5.7106066891804404e-05,0.0014183410702980981,3.3909533119135407e-06,6.321095290824234e-09
IL_2844654,2.000059092676999e-06,6.522992438878862e-06,4.9287477024663985e-08,0.004847144190709419,7.264415444745033e-08,4.0658037470621234e-09,1.673679176290463e-08,0.2788903397352855,0.7162538353070236,2.9203141278927043e-09,1.2060908867817485e-08
IL_2849392,0.0009945877215719876,0.717696593884037,1.9517522724764342e-07,0.2637024891640633,0.00011203100448105981,8.90882604310539e-08,1.0680106713492488e-09,0.01499659121593465,0.0023325339701241645,0.00015925621322035032,5.631495069174822e-06
IL_2851462,0.002916404333222965,0.00211486252075417,3.2433889223505382e-06,0.9638583128182246,9.276092462108916e-10,1.8384878370545786e-08,3.6662761290386397e-10,0.03110169087042439,4.9144428626135786e-06,5.51234799192127e-07,7.116744600724658e-10
IL_2921273,0.008708110830637618,1.2212931562832722e-05,5.474953495835617e-08,0.8541849123821477,2.004835765750724e-09,3.204098351236903e-10,6.402761211952946e-12,0.1369085714387305,0.00018612793766483053,7.130573300238647e-09,2.6749992733563843e-10
IL_2936438,0.0008254763527220499,0.9146846547434034,3.062918303648164e-10,0.08443515501787875,3.6041783720306116e-09,5.52186533048527e-08,1.8241122847272285e-11,7.715760257165403e-07,5.258368585035203e-05,1.299400473058409e-06,7.628187502722355e-11
IL_2947403,2.0878730160164948e-05,0.9910595753494877,5.834217326811367e-07,0.008494746736486494,9.963005963418625e-08,0.00032255051396629786,1.152762579586926e-11,2.900331396917679e-06,2.5193987089310992e-06,9.203007994273342e-05,4.115796530926218e-06
IL_2978149,1.9109974062307186e-09,3.1494047828526226e-08,7.299466671841549e-08,4.814521792138602e-06,3.886132084450496e-08,1.0969145884131999e-09,5.776795586820106e-13,0.26557581772517724,0.7344192210693105,5.3960530411247274e-11,2.712344144366022e-10
IL_2996774,0.019245850746037386,0.9593827534648148,4.949448766024949e-09,0.017524225600831545,1.3836390671452638e-07,4.40705876109375e-08,1.1482897374460621e-07,0.003726156158736473,1.2588866914721696e-05,0.00010812210182887471,8.479193070873582e-10
IL_3007459,8.02616978688254e-05,4.243677454103419e-05,8.895124981859764e-12,0.11062081573481952,2.9056286354902145e-11,1.8638340682547644e-11,3.0650139994351247e-13,1.9950193362009866e-07,9.258843685541275e-08,0.8892561936163847,2.91191556833109e-11
IL_3061357,0.004071406999147762,0.2791960906932876,4.669236503366939e-07,0.208110622051809,8.549859721334815e-09,4.556807106139157e-09,2.267390682902119e-09,0.5086090317887934,1.170780221551321e-05,6.577092970763927e-07,6.577419652281721e-10
IL_3076877,0.00845946766824081,0.9390708498570488,3.8065031861919066e-10,0.016336936178498424,3.8466513105338354e-10,1.8345981924480503e-08,1.0477038136432642e-11,2.984406427998339e-07,3.436975666198918e-07,0.03613208424645187,7.897764772651849e-10
IL_3084993,0.002295109412906073,0.9887464455259113,2.551044661017183e-05,0.002751256746219916,4.835109917927429e-05,0.00019686874779613323,1.1592392147871367e-08,0.002537670951197715,0.0033969999412652558,1.7669042533092228e-06,8.632268731371189e-09
IL_3109240,0.0001663449778974432,0.0004891517960854473,2.02081023423431e-12,0.00015710231261268322,2.1680090125551115e-11,2.637142579993482e-12,1.5859794658761545e-13,5.256676855766643e-10,3.825239736234638e-10,0.9991873999755332,3.1828951281243615e-12
IL_3124812,0.01584016523545474,0.8811540137414303,3.541582714292606e-08,0.10265214523132107,1.522693240816458e-08,1.482755966305238e-08,1.2322406923700405e-08,3.682670458943742e-05,1.72144264294494e-05,0.000299283564147944,2.733039009524312e-07
IL_3127619,0.00022435108449710153,0.9906122512262225,1.1462394318588592e-10,0.009160761255603504,7.417220458290002e-09,1.296744523124054e-08,8.269533063052004e-11,1.3036674047369795e-06,3.4655924673287e-08,1.2704320481009593e-06,7.096314194645698e-09
IL_3149454,0.0011770098183668438,0.9987983179995327,3.820801721862102e-10,2.3039045231353183e-05,4.5064318608564274e-07,3.4170872421550284e-09,1.76292806247221e-11,2.434654286154847e-07,3.534916872159243e-07,5.815700163600437e-07,1.4975420933866363e-10
IL_3153787,4.348084731331013e-05,0.2618349112646459,0.13525378525244153,0.13342020561340223,0.0003535759387127628,0.3085714885160744,4.829616378408972e-07,0.13462226292496662,0.011428793886180722,1.6178671080017395e-06,0.014469394927516685
IL_3156984,3.2292657263477963e-09,3.9763392525357676e-08,2.3816937041817584e-08,1.813223948711928e-05,1.0332589946842984e-09,1.7203345599292077e-11,4.55306071837428e-14,0.9651197419801273,0.03486205787408815,1.746195494427619e-11,2.8732180115027205e-11
IL_3200972,1.90695874200424e-08,2.7974318326430625e-05,1.4485540967800741e-08,7.466292559670437e-06,5.402030246383601e-10,1.8641843361779745e-10,1.3701536472337626e-09,0.00045575364297969324,0.9995087700730249,9.29739355751477e-12,1.1908513701858667e-11
IL_3206011,5.821780071994065e-12,8.979706958324193e-09,3.334011214375456e-09,6.722592302503003e-08,1.035719240063976e-09,5.487178897602485e-12,1.2312649401924623e-13,7.229231418668811e-06,0.9999926900524393,6.225751555300504e-13,1.2872690468563044e-10
IL_3245297,3.7917512842245444e-06,4.504772902022465e-05,1.0091744032806362e-12,0.019410561397806957,8.204437403575939e-11,3.247571147567792e-11,1.0554399721972465e-13,2.069918189622639e-09,1.3201581724716504e-09,0.9805405956088793,7.298030926166276e-12
IL_3275405,0.005596749564566255,0.4736163769672329,4.755929622897001e-08,0.030369165212837217,0.0007060331250604378,6.606125008636666e-06,8.879141565269422e-09,0.000596271309613314,0.00014448478875448957,0.488493357984185,0.00047089848430404514
IL_3278464,0.002305846297704661,0.006514583998447921,5.058092964903073e-12,0.0020318615530314174,8.242327669692205e-11,4.406093456638138e-12,8.145048740938488e-13,5.545177313753629e-10,5.995902298425288e-10,0.9891477068529847,5.1021482376844466e-11
IL_3286203,4.428419872542921e-05,1.671549476647408e-05,3.9455092981313534e-11,7.424970430435732e-05,8.745463040799682e-13,2.3112700198128923e-09,1.165200249349156e-13,8.657704347707328e-09,2.2544619194257906e-09,0.999864737337309,1.012360726436787e-12
IL_3304841,1.9887951045411213e-08,1.9332397599289884e-06,2.7699140871428207e-14,5.996895006520339e-06,8.332638271744623e-14,2.4327302414670808e-14,1.929697355326515e-15,3.051873374440638e-12,2.3564442620793617e-12,0.9999920499716843,5.26081247035655e-14
IL_3328321,0.0015590778665491238,0.0002152643654990513,2.0396336486958665e-12,0.0004807309836562104,1.2432616472991333e-10,9.12170871149359e-12,1.0459883012329219e-12,5.035532177264506e-10,3.95994438865315e-10,0.99774492573076,1.74544982867662e-11
IL_3355205,0.011977711082725146,0.8616332746205806,1.4032938771576676e-07,0.12296023352081561,8.321766826531336e-06,2.0309862061993286e-07,3.802002577019086e-08,2.0760424046178967e-05,4.9854734515217225e-05,0.003349457948821401,4.4536353147398995e-09
IL_3383918,0.04154195482921786,0.016388911139529404,5.426961213125266e-10,0.9294700704786267,4.1247983563249254e-10,5.893242377191698e-10,2.6970548512529304e-10,0.006637133084690425,9.459665030714701e-07,0.005960979509174787,3.178051782716318e-09
IL_3405674,0.014344513363368271,0.002327996368053248,5.505283878115996e-11,0.0005446844321339504,3.846202623173596e-09,2.3447948266559165e-10,5.5725628349859976e-11,3.7108726418304095e-09,9.803553077539208e-10,0.9827827963645441,5.892118384970208e-10
IL_3416109,0.0016272405723606169,0.00040565734899896435,5.338732598460646e-11,0.13340138385767264,7.890164480764855e-10,2.3696622381175096e-10,8.866571706454621e-11,0.00016360572434492677,1.9824730546759377e-05,0.86438228633377,2.642705407634501e-10
IL_3417042,0.24735449900570702,0.7276425740759369,1.2777740047193748e-09,0.023930001897195415,5.433311709975051e-08,9.810835740570926e-09,1.710378576463205e-11,1.2056775705563792e-06,2.3629541075241717e-06,0.001069288500532972,2.450119127764534e-09
IL_3475314,0.00019800983750921906,0.000208352049787762,3.287983402557985e-11,0.013370512454004673,4.5557647507445433e-10,9.665508002492366e-11,3.260574104042432e-12,2.3060013735159096e-08,8.065924575369894e-08,0.9862230211968316,1.5423533134405965e-10
IL_3502631,0.09093686153707749,0.8777716841647693,4.06434004581786e-09,0.024803664184839314,2.667085719017542e-09,8.386903395202937e-10,1.6437429853519007e-08,0.0010878049196257596,6.739239432298392e-07,0.005399258962302651,2.8299896332519733e-08
IL_3512099,0.00023183198478658206,0.9869474848238861,2.1653818108545733e-09,0.012804848090938403,3.754375728565582e-09,1.560229271036286e-06,4.8397060645007703e-11,3.618820789310098e-07,5.104021863898896e-07,1.3395223946485611e-05,1.3947513242159672e-09
IL_3516247,4.3768759923765826e-05,0.9393050184234154,2.415287585236246e-06,0.05996581976858831,3.1823271816653946e-06,0.00014690716758389763,3.2859147621791965e-10,0.0002885380631069098,0.0001849608326762896,3.3566611815392406e-05,2.5822429531683063e-05
IL_3525336,1.0845211293742202e-08,1.2748056886243487e-05,1.2584099417439185e-08,4.6642363088304565e-05,1.635017970100242e-08,3.116396694982882e-11,3.483836898625726e-13,0.006982197128500606,0.9929583725132156,6.677881165764328e-11,6.052757080246096e-11
IL_3584159,0.00011812962147340001,0.00041715897020785356,1.4332553006148536e-08,0.6300246223527028,5.266897896428239e-06,4.7433591209661135e-07,3.0843075280597156e-10,0.0013613841718181881,0.36807283789976647,1.067056195860455e-07,4.403619591171905e-09
IL_3592184,0.0009714628182845177,0.07956187376436098,4.0821176300492916e-10,0.00039894382527239525,2.0893146888447307e-08,2.774874655920826e-07,2.410796170039711e-12,2.5508234668148853e-07,1.6971811301036556e-08,0.9190671482431976,5.034915824643488e-10
IL_3662013,0.0006405352327930608,0.5731112600537074,2.9821462579489304e-10,0.05144752589793147,3.3286282079288466e-08,1.3271172882030386e-09,5.521884948968547e-11,5.613836492874146e-07,9.111760701505843e-08,0.37479994956035206,4.178712675686475e-08
IL_3682737,3.7709534997866534e-12,5.275066795851535e-10,7.102877907359123e-10,1.82832270688752e-08,1.2056500297128739e-11,8.423257081106824e-14,4.709138768498742e-15,2.8570973646676608e-05,0.999971409486792,1.653243034673016e-13,2.4582644596225733e-12
IL_3708176,0.33327374817915634,0.16749660609071143,1.4977163991763709e-09,0.03932809615225613,1.0953341692575843e-08,2.459591953670928e-06,4.3290358261921164e-11,1.4926282602605797e-07,6.519637134040059e-08,0.4598988602676928,2.7646837760174706e-09
IL_3731984,0.008614657337898169,0.5099017473962445,7.613669570308594e-08,0.0022165755850170657,4.79742477238471e-09,2.9013960277165236e-08,7.368247980319438e-10,3.684823559829572e-05,3.411947833641618e-07,0.4792297175990812,1.966471875673694e-09
IL_3743750,0.00036631173601742807,0.9801026061067826,1.719738131649549e-10,0.019384809532565692,5.15235575878003e-05,5.0047291443604016e-11,2.2177014491110355e-12,7.133029725395615e-07,9.397468829698618e-05,4.5129959009672664e-08,1.5721579238922913e-08
IL_3769258,0.9679688338186467,0.0052138995913239596,1.4052643657430968e-10,0.019937294112354755,5.369011540598324e-10,2.4319288175210498e-11,5.0723730636002e-12,2.6676808633255397e-08,3.9712821161385693e-07,0.006879547951809849,1.4025351280136016e-11
IL_3770691,0.0001005786163191458,0.9852541955153986,9.814486521832438e-07,0.010288550941552566,1.75013366241388e-05,7.07400119320358e-07,8.335278762104306e-11,8.374064577764351e-06,3.540943360519402e-05,0.004293597685545041,1.0347425322113608e-07
IL_3795536,0.0008547323755471661,4.827573651856224e-05,9.938730515684865e-13,0.0005737826373906718,4.299685158244982e-11,8.278081731976863e-12,9.856202248326439e-13,9.091038538621595e-10,4.3103927246911086e-10,0.9985232078517724,5.373587665193238e-12
IL_3825170,0.00014063909248758253,0.6827849894502672,5.0528681657345324e-11,0.31705740930590726,1.1497558646857057e-08,7.1888887757566e-12,5.58534341901996e-13,2.20401649477097e-07,1.625330640456434e-05,4.768606223696578e-07,2.682710203419468e-11
IL_3849919,2.1646768500709425e-05,0.7190147937881824,3.720801021932745e-09,0.220073820427237,1.3683443964185449e-05,1.3980746100745784e-10,1.0866562410325119e-11,1.8128556774899605e-05,0.06085787919211733,4.2566448887101996e-08,1.3852996396417973e-09
IL_3863962,0.0026142460544780984,0.002483371334047122,2.895408767588183e-10,0.05102780525218674,4.05608425206707e-10,2.1139219624844834e-09,4.044452540608451e-12,1.5751070296822936e-08,1.011433228835496e-08,0.943874547892997,7.877726539141851e-10
IL_3890738,0.0014800705074825835,0.4203154619769166,1.61639335529506e-07,0.0005152049594922145,8.349781355580008e-11,3.063710072495464e-09,3.613317290671337e-10,6.1255913190091495e-06,7.343277453776605e-08,0.5776828901855853,8.198554700014327e-09
IL_3916806,0.00010646733501592923,0.9971487932421929,4.128255923910549e-12,0.0027439429016323587,3.3020218065013847e-10,8.116332191045241e-13,9.5509047720676e-12,4.155134947344797e-08,5.562056448443962e-07,1.9841889998554806e-07,5.715555567771648e-13
IL_3918658,7.768384097492322e-07,0.28360596124022397,7.35656199462708e-12,6.614906101332135e-07,6.5975644131917985e-09,9.327975844038667e-11,2.9975795584928406e-10,1.940078697911936e-08,1.9108228871934367e-08,0.7163925543526637,5.711178422908927e-10
IL_3925046,1.9400126520098035e-05,0.00011358305143826276,5.76279808562543e-13,0.0006092674186121953,3.4242065004554445e-12,8.978283154474055e-13,5.951858819834427e-14,3.0638625057059835e-10,4.679737913866753e-10,0.9992577486229195,1.1920552329811583e-12
IL_3944678,0.01797296758798305,0.005266170509164705,1.1316634131811309e-05,0.9639600154539294,1.2668318359780684e-06,8.944884744586483e-08,1.7669015429552241e-09,0.0001648048129289065,0.01262279499576367,5.717657764109228e-07,1.9273711588038838e-10
IL_3989231,1.263352135037127e-09,5.748556381202657e-07,9.111357920295114e-08,5.30118339808508e-06,4.466684222688731e-09,2.5438163373871525e-07,9.003960084880392e-13,0.0031480354049576035,0.9968457369106736,4.218567688923578e-12,4.149643170171684e-10
IL_4014940,0.00010500408597998291,0.9988127842936867,1.6202428460901049e-12,0.0010431234312474776,3.2485130988439036e-09,7.507298082926234e-12,6.537192714118615e-13,4.7534367996375776e-08,1.4388187373354864e-08,3.9023003173368336e-05,5.062851717705934e-12
IL_4030473,0.09358279541325264,0.9008289685228414,1.1776796367773979e-07,0.0011044228835121713,5.176169617730368e-09,1.0315948481923832e-05,9.737691185918725e-11,5.86999763037183e-06,0.0006209862144948285,0.003846516709354717,1.2689216987553766e-09
IL_4032940,0.1751989348144564,0.8202600775779173,1.0117362187096036e-08,0.002770410771956383,2.8864507702266868e-09,8.68075000228048e-09,5.547253646808789e-11,3.024833397347672e-06,1.4323245822656984e-06,0.0017660975826395374,3.550151252646584e-10
IL_4048093,4.6337977584567394e-05,0.002255171018303306,1.308822378774674e-11,0.0007459103961530102,7.157903448370273e-10,1.7394996466851877e-11,4.2860764785531857e-13,7.892167515513906e-09,3.2854756349883308e-09,0.9969525686574665,2.614727950767037e-11
IL_4102420,0.14536501922655531,0.048960675916914484,1.8977997050151513e-07,0.01860824747945053,4.850186130718236e-08,2.1270919423560406e-07,6.566993550482262e-10,9.167881034785731e-07,6.433792947689516e-07,0.7870639799590816,6.560287427537144e-08
IL_4113222,4.173085718102358e-06,9.543000026115732e-05,1.8759673997297876e-12,0.954525298540895,9.64740545353491e-12,1.8124101440190493e-11,9.649198087804048e-14,2.1149702172752196e-08,3.1664277997935615e-07,0.04537476052609055,2.4809261791541387e-11
IL_4121028,0.0005250550841143459,0.9842457565863051,2.921987057049211e-07,0.014146126588687828,9.897063184339386e-09,2.7252643682739307e-07,6.191635542542512e-10,5.605059345646637e-06,5.559032116965091e-06,0.001071319494847926,2.913213004978633e-09
IL_4137970,0.00011261292831714719,0.024258140274375478,7.759663341727138e-12,0.1561883718788754,1.3731274692786197e-10,8.488066514530521e-12,1.5007848476763937e-12,1.715545342708679e-08,5.5179953938810195e-09,0.8194408520193658,7.055619964065977e-11
IL_4183780,0.0005640354541396235,0.9871523910885732,2.0443058937764495e-10,0.012168271374788575,5.772789501072744e-09,1.0714375009345815e-07,2.8595804945003988e-11,1.1894721324117297e-06,9.234541862571909e-08,0.00011378019547482486,1.2691990704884776e-07
IL_4205103,6.398999842695617e-05,0.8459203093154807,3.699922304323134e-11,0.001221921782125416,2.9467802516780527e-10,1.990651593328462e-10,6.763709834156539e-12,3.178084058218447e-07,1.3096617183452957e-08,0.15279344503030154,2.431136299682066e-09
IL_4212360,2.1544205247105867e-05,0.9547725137378507,3.679681497283969e-09,0.045203782227977427,1.6343857347699459e-07,4.2592258167214804e-08,3.300582582805576e-12,5.160185359598131e-07,3.459912533608202e-07,1.0726451791042257e-06,1.5460142305533598e-08
IL_4217178,4.8912489666691514e-05,0.9988200455656003,8.687284994376737e-11,0.0010630932368085107,3.462527974982933e-08,1.1980462463920111e-11,3.7285942178952616e-13,5.8962810070508924e-08,6.257689972366614e-05,5.278093401973115e-06,2.7482830434354682e-11
IL_4273134,0.00014821552055973073,0.13103473816272704,1.2358909209564105e-10,0.0006133999199830145,1.205702756404282e-09,9.352112010016872e-11,1.0218754915687147e-09,4.061342131928859e-07,3.37762306531985e-08,0.8682032038373688,2.042290810232169e-10
IL_4304678,0.003277453906159457,0.4253726576381812,8.899552867698162e-10,2.6420410539974494e-05,3.341580090422632e-08,4.465921434353079e-09,2.9283319257328805e-09,5.025749585873847e-07,2.50209156027189e-09,0.5713229156132799,5.654779685377687e-09
IL_4365221,0.0006314837881892298,0.9986989890547453,5.232451790131578e-09,0.0006644476840831361,3.3481267237972933e-09,2.0731564333091147e-08,3.7403313599490677e-13,2.1492327520846503e-06,1.2143393118077276e-06,1.686587327908212e-06,1.073629137195805e-12
IL_4377002,0.001390637629574687,0.00026203902886724013,3.1517922823364377e-10,0.0012238916191741381,4.5113423158455074e-10,2.0690309392451645e-09,5.4690990083585494e-12,8.480244177406646e-09,5.1241445926564975e-08,0.9971233690014139,1.58466462943139e-10
IL_4378654,0.002374856414183979,0.8750648185677061,7.172873796090608e-10,0.12237863557403503,2.8637639587778108e-09,6.88514108577767e-08,2.3740280108596817e-11,1.9492284066578988e-06,1.604059194626861e-05,0.00016361635811162765,1.0809407865023444e-08
IL_4383984,0.0004624083989576908,0.0038401032350705204,2.380091809343603e-06,0.5183643463621549,3.2720400380783113e-07,1.125674043602103e-05,1.5873714891479796e-10,0.4270300247325807,0.05028912088609135,1.321953890550872e-08,1.8970619484874762e-08
IL_4392618,0.0011991230676659337,0.02094070412640799,1.5144898151232745e-11,0.0009577972029337659,2.1564306958415975e-07,4.8549700348887724e-09,1.4074550879001643e-11,1.129358826111293e-08,1.170573231354886e-08,0.9769021318793943,1.9701838393614396e-10
IL_4393410,0.008993396227784013,0.8874259227849821,0.0002279481318812251,0.0004349382419700829,2.893545334533429e-07,0.01199151930139348,6.83857958424139e-09,0.00011809314312839341,1.8809504033508702e-05,0.09078896546423418,1.1100748015444734e-07
IL_4404293,0.4331100498157177,0.008468348413815056,6.596307475285329e-09,0.004808274852798872,3.6418107706156467e-10,4.966602426124204e-09,2.554790113804565e-10,4.872488939408418e-07,6.723909717182855e-08,0.5536127602245853,2.2521973058550317e-11
IL_4407167,0.001004535892243758,0.2656249319341612,2.391231824821753e-10,0.0007165784739635241,1.1422800145171681e-09,1.6677194104450763e-09,9.990425697207738e-12,9.519337265428182e-09,4.6953016379139156e-08,0.7326538862575336,7.910631273998403e-09
IL_4418818,3.323812073792024e-05,0.9944106914960761,2.0890176085588418e-08,0.005391038105226078,2.306419108120678e-07,5.494576247572475e-09,3.596441447649684e-08,0.00015474613747710724,1.6979273567408322e-06,8.291112758767314e-06,4.10928983491776e-09
IL_4429583,2.984138520740624e-08,0.00032354277893801436,1.3615334474028797e-09,3.6014042740942375e-05,1.6465482317430491e-10,4.0945383865836936e-10,6.163296109558899e-11,0.9996349487732089,5.4613723851018074e-06,1.0772173795614057e-09,1.168494598694999e-10
IL_4447995,0.2487807926183691,0.23509683339621557,1.5665557343204297e-09,0.4863292678457621,3.2243290114782215e-09,7.302349011178136e-09,3.459852905193383e-12,1.1782886254680907e-06,0.020200910207738024,0.009591005501435561,4.516067693639544e-11
IL_4474915,3.202701669936741e-05,0.002121571176083867,3.5111899399999786e-12,0.0008862621047564085,6.080194292064667e-11,1.8212350988898164e-11,1.6544514786800313e-13,8.338764704354621e-10,1.472312939374875e-10,0.9969601385565479,8.211384751266325e-11
IL_4556052,6.893739400931523e-05,2.788368139272484e-05,6.802052287966001e-14,1.2071133574965242e-05,3.240005506922455e-12,1.20980282476274e-12,1.0693853668702031e-13,2.757291804972887e-11,4.052506358786033e-11,0.9998911077181222,1.7811792039527932e-13
IL_4629710,7.711470922896735e-05,0.9984406070836171,2.0441635592923075e-09,0.0007247972522506915,4.376347774460264e-08,2.243070644686233e-07,1.5391896796096377e-11,7.025641473570986e-07,2.674817375396619e-07,0.0007562379286412081,2.8502793365382654e-09
IL_4631015,7.055415368115987e-05,6.803603500718102e-05,5.216624119690435e-06,0.003180471270627031,1.4046885449273664e-09,2.5723794286705296e-09,2.233146629521143e-12,0.9966243290167193,5.138859417028714e-05,3.0297925599379305e-10,2.339494495888283e-11
IL_4632594,1.928102442559606e-11,2.596382712739383e-10,3.887621125194923e-09,2.2384648356280936e-08,5.433527495800123e-10,3.333522024118721e-12,8.565341096686522e-16,0.00041756603899502685,0.9995824068610936,3.318900832798613e-13,1.7035175207614425e-12
IL_4640947,0.593254812794101,0.35299472924984165,0.004871756751213986,0.03002386392349275,3.3186062926266185e-05,2.8564976191506773e-05,1.7928684850223129e-07,5.01491560100294e-05,0.0027606889577827,0.015979189453933545,2.8793876581199664e-06
IL_4652828,0.001017388316327005,0.9950784662293098,2.4479399444161633e-10,0.0034150395104580477,1.7852049736036073e-07,3.479001309641726e-10,3.2114032019473343e-10,4.237290114543697e-05,3.5805686091629065e-06,0.00044297273547360566,3.04345216634419e-10
IL_4673376,1.054891855517363e-11,1.949381320016872e-08,3.013168190407854e-09,6.115981548440647e-09,1.5880469918567756e-10,1.0551825547286882e-12,1.3113521570539136e-10,0.0005488310011363692,0.9994511398290554,1.0119466136095966e-11,2.3518177832651263e-10
IL_4698973,0.0027250983120114436,0.9951921698229822,2.9998780572705452e-12,0.0011257701893771035,1.3201508144412128e-10,8.780822473445658e-12,2.3974206644101936e-12,2.4800946679142883e-09,8.945369887441758e-09,0.0009569500936818705,1.0289471585629452e-11
IL_4703518,0.00075666407709848,0.7936892718716797,1.764047924346316e-07,0.20547507797854037,3.5424333387907804e-06,2.0124573020285703e-07,1.2948593222173537e-10,3.519014535373654e-05,2.7346562828239166e-05,1.2417822458593004e-05,1.1132869325710566e-07
IL_4708155,3.695515432232452e-05,5.9348282020448486e-05,8.34846282410629e-06,0.0004280459524716935,9.969516532345386e-06,0.0009551905825830091,3.5168030376032494e-11,0.15435013815909232,0.8441520003055609,1.0784692179115895e-09,2.470955561121798e-09
IL_4733323,0.1345572735489426,0.8090447133224817,2.217384506364358e-09,0.05293150375549044,1.1715691824858407e-08,7.745950820396922e-09,2.6022381268919873e-10,1.30394403190713e-07,2.4376672313149323e-08,0.0034663326250563894,3.770236521692324e-11
IL_4738780,0.0007656157829646434,0.9819392012237887,2.429749844528186e-05,0.00033882234378420587,1.2250561929491626e-05,0.00022842008745241774,9.70540307522141e-07,0.015003590872929186,8.694235929710813e-06,0.0016681169214411739,1.0019931027627665e-05
IL_4747648,0.0014393302272831272,0.9883623182847722,1.2616153111814187e-09,0.003800346567443808,1.2557519883298317e-08,3.374662011698497e-08,1.8595190734855664e-11,3.0971520721966336e-07,6.470171154895727e-07,0.006396812112606314,1.8849122125133516e-07
IL_4761308,0.0519703656778831,0.8987164881683555,2.715648129939393e-09,0.000474642878220965,2.2202008500883583e-09,1.3073764515829791e-08,7.374873355627663e-12,2.118590391286543e-08,1.8784902706694806e-08,0.04883841897303817,2.631470732331728e-08
IL_4787245,0.005172166955607167,0.004893634912561373,8.766615485492241e-12,0.0065104859704613145,2.35061057399658e-10,3.592459516743531e-11,4.137599593363523e-12,2.2429036478713046e-09,1.9565419363746803e-08,0.9834236897324508,3.3670655015577424e-10
IL_4796202,9.27619719357349e-05,0.9992633405867344,1.736414011984241e-10,0.0006361797399333805,7.333016606781142e-10,4.240135793440317e-10,7.8995494300054e-14,3.481396533329997e-08,1.0709312793515814e-07,7.574458292948032e-06,4.974574210827981e-12
IL_4805993,3.0902412538407383e-06,0.9997598608869893,4.0987115114303126e-10,0.00015898464700702807,3.901822254606463e-07,3.7674692047277316e-10,6.145189121447762e-12,5.817971326179728e-08,8.162903847822944e-08,7.753269619028377e-05,7.448190220669969e-10
IL_4840188,0.00132780601515392,0.9761724529639393,1.3626587551999838e-09,0.019005501064037738,5.911986156151439e-06,8.352662069804532e-10,1.0088773295809162e-09,1.153933497344369e-06,8.544676557903838e-07,0.0034863148990711052,1.4636865076248982e-09
IL_4848599,0.00015469910206480732,0.9685839793958188,1.659594510973431e-08,0.031240195069108086,3.152815882789968e-08,4.678712891840202e-07,8.59912053964964e-11,6.382910852656921e-06,2.7545999918698513e-08,1.4199647491752922e-05,2.4727961312787297e-10
IL_4848977,0.02077955366973523,0.969320489522036,1.811450979797336e-08,0.006605100031093507,6.5133880131165366e-09,2.3355217264268214e-05,1.8450272814681193e-11,1.855944406912922e-06,1.6222028735234322e-07,0.003269411549909891,4.719891885073337e-08
IL_4907451,0.00012226344007955857,0.00019683643388364286,8.13077083082402e-13,0.0009204119437940657,1.9524364613099712e-10,1.5368122983313272e-11,3.376571269717394e-13,6.606337347256659e-10,1.4702199199787743e-09,0.998760485832471,7.15566515250346e-12
IL_4912944,0.021120117680013664,0.5822421844720883,0.0004116731328283965,0.0011305080294392617,6.033833176642331e-07,8.214246361758496e-05,6.379313900420852e-08,6.0428096208392725e-05,7.2817508922507815e-06,0.39493966961504934,5.327583406161142e-06
IL_4926820,2.5652638753093483e-10,5.1771103398116535e-06,4.664809385812258e-09,0.0001693469774145512,2.002410335115553e-10,1.056287514269315e-11,2.663713179251087e-12,0.9968083037434623,0.003017157743060449,1.8162229455102025e-10,9.109297216234911e-09
IL_4928787,3.068340972968023e-05,0.9978318175485085,5.182079042952354e-12,0.002136797922701054,1.3289954153320681e-08,1.1960103174748466e-12,4.5213351121830975e-12,5.970389268374212e-07,4.631294418603705e-08,4.446013488514647e-08,6.20109775712585e-12
IL_4936385,0.07538294816936128,0.0006096668564656849,3.247207664450012e-07,0.8682888555019846,5.493826377828339e-10,8.61647486554963e-09,5.2016048809487276e-11,0.055717842762402846,3.426626088048025e-07,1.0041145404911708e-08,6.739152498804332e-11
IL_4942231,0.5978788829805084,0.0012636765715319895,3.202664421649576e-10,0.06039798430344118,5.971804981843029e-09,5.696148927330719e-09,2.553007935072551e-12,7.519043521297117e-07,1.6853227557675377e-06,0.34045700679925706,1.2738015842026336e-10
IL_4953244,0.009250922340655603,0.8839864338538357,5.435537347372951e-10,0.0010307740760670744,4.6221535883618717e-10,4.805528038765945e-10,5.6353178063419075e-11,1.2646280420945664e-06,6.300866935948741e-08,0.10573054022988929,3.2016581468019e-10
IL_4955020,0.2700943651978141,0.4733679205337116,7.043559163929988e-10,0.08563279300768702,2.881719371906684e-07,1.723169594010735e-07,4.471086234195712e-09,3.715282348504698e-05,4.192611506241902e-06,0.17086310224856502,7.912892390174236e-09
IL_4964046,0.007601014660868551,0.028811516954836237,2.543983304745361e-11,0.0009547881771812751,1.5485851129655621e-10,1.107302780230059e-09,8.029359536731962e-12,7.848400275628161e-08,2.065458133784393e-08,0.9626325797374117,3.548769933131452e-11
IL_4983934,0.0004387085858543463,0.9128142480043069,1.9734108477194734e-09,0.0001095262366910194,3.230485271236225e-09,5.9289580116612634e-09,6.583024143089601e-11,4.164749651724588e-07,1.6114326271770826e-06,0.0866352130201851,2.650466859305204e-07
IL_4994761,0.009871079306042727,0.0720041618054877,2.873954356121192e-07,0.42491623938837786,4.728128152893595e-09,5.568462336872651e-09,2.1812410284609122e-10,0.492973548814704,0.00023459589434345955,7.671079336412254e-08,1.7010067973999365e-10
IL_5016487,2.5171928205956124e-05,5.27024019055886e-05,1.1074048372214579e-10,0.9996536835989872,6.510149466107569e-11,1.1924701383262936e-10,2.686178657522824e-12,0.0002500086247451479,6.433092762941036e-06,1.1999317463635446e-05,7.381543805973638e-10
IL_5018680,0.0029629439096692262,0.9130496007568574,3.884692610985601e-08,0.00016965703764046955,2.286316356909038e-08,3.1437875869311225e-06,1.6964618081470643e-09,4.851279938065117e-06,4.982045239327903e-08,0.08380886058402404,8.294172799780054e-07
IL_5117306,7.776267730986938e-06,0.999098490850047,1.2646096420099193e-09,0.0008697172362221719,2.987479549831092e-09,4.1587517343171036e-10,3.4591849044852885e-12,6.16486814644349e-07,2.332555521130406e-05,6.887575625671932e-08,5.679447446816651e-11
IL_5136565,0.01098064869656477,0.005415962639018495,2.461666545599933e-12,0.001813604952557761,1.8835632766682147e-09,1.5179545948538693e-11,1.2256893924662947e-11,2.9087688695849793e-09,9.55357075117977e-10,0.9817897779302215,4.0501825076494135e-12
IL_5150961,5.7488096806016385e-05,0.012608711513137744,8.886158787971105e-13,0.00021047615869665886,4.471694869396692e-11,3.0989909782628592e-12,5.661090618811538e-13,9.13933045786668e-10,2.114927872058208e-09,0.9871233211517431,1.4848774995938608e-12
IL_5152620,0.00025255794354812216,0.2323894826138092,2.351547237987932e-09,0.7133139789912544,2.0051301399834714e-07,2.389744126446565e-08,5.563916144134131e-10,1.8440296548012678e-05,2.9184427610836768e-05,0.05399611616769466,1.2241140485999853e-08
IL_5171099,1.5196524514219012e-08,0.9999962690575139,2.6178100498223642e-11,2.3629569729229778e-07,1.013933417070894e-08,1.1317054382567767e-11,1.7731963049348927e-13,9.651515776197053e-09,5.767141923629235e-07,2.882510059816951e-06,3.974896426155903e-10
IL_5172506,1.1039440339056685e-05,0.00014499168836225066,2.509099929836032e-07,0.00692267124303993,3.844358491976641e-08,1.1759761368244868e-08,8.869982369420839e-11,0.9923555771389684,0.0005653521730975358,1.9385429828479176e-08,4.7728724221843985e-08
IL_5188190,0.02188058919280454,0.33739820065362836,2.193582398198729e-08,0.022583093475872312,1.3340309604756656e-07,5.473348843698662e-07,7.282457649697205e-09,2.087243147649091e-05,0.00185227307614738,0.6160279333342245,0.0002363278795845223
IL_5192693,6.902605390451319e-06,0.004975436548799407,1.4246690161341864e-12,0.0005290457453338607,7.927644120897349e-12,1.220859317620105e-12,2.3759698384190556e-13,7.30551578057535e-10,4.492244224075179e-09,0.9944886098631758,3.693888948359734e-12
IL_5195971,0.0009931037437616674,0.9610825983829636,5.053098809456205e-09,0.03728188496905672,7.17862962139885e-07,5.739911695700001e-09,9.50776543746395e-12,1.993150190575318e-05,0.0004994731631635669,0.0001222766334163009,2.9402518643982716e-09
IL_5199215,2.540886792991966e-07,1.1315596373966688e-06,1.005782234355197e-08,0.006078095815080449,1.5004665822209725e-09,1.7662885147285067e-09,1.3834100914661522e-12,0.9937591670006054,0.00016133710374503324,5.308695778184447e-10,5.754220089511686e-10
IL_5202722,0.00590110797734924,0.0003033123543266569,1.0594052936895294e-05,0.8810863811538854,3.09942346726323e-08,6.6901625899489974e-09,3.7602800601783575e-11,0.11257372761085334,0.00012483478773618947,3.848156463488048e-09,4.927558338635287e-10
IL_5227274,0.011981647198190393,0.7893574434329264,1.2111160052038757e-10,0.1966362719776833,8.516711400219804e-05,9.403899142615103e-11,1.2070190860654198e-09,1.5069961842127163e-05,0.0001296534342030051,0.0017947453100394212,1.4894348520255264e-10
IL_5227787,0.00274043766043243,0.994656921065573,7.575823215222673e-11,0.0006814397309676316,7.862599943642442e-09,6.492151354589143e-10,8.231741594408972e-12,9.302653879695045e-08,2.4096495934153076e-05,0.0018970025854995643,8.392494439792766e-10
IL_5242598,0.11896354878858591,0.6431446912605452,2.877759239265452e-10,0.07523418674844742,1.9822402645947646e-08,2.837862812573124e-07,2.441094010896173e-10,2.2532644747676674e-06,1.750079056618006e-05,0.16263751481780483,1.890066205716742e-10
IL_5308378,1.20718818871056e-05,1.5459058648171506e-05,1.3246168441651815e-06,0.035400792469471316,7.787820474851749e-05,8.744470732827712e-07,1.90281476755781e-10,0.1484854058907805,0.8160061587336126,5.139692206144442e-09,2.9366960709068093e-08
IL_5330356,4.9123925563817004e-06,0.9813659939277116,8.470883294918842e-07,0.014321373291509147,0.00033146120251478745,6.785099300771146e-06,1.7305563554551712e-10,0.0013028610098671013,0.0026645037240332612,1.2208577139798918e-06,4.123340769224241e-08
IL_5334240,0.0007485100526807858,0.2673116787874539,0.00011631916074369964,0.18073148181791418,0.0003301862761771483,0.00011651063514320738,5.442437379443085e-06,0.13943767648711355,0.38712610689523713,2.612680283200602e-06,0.02407347476987369
IL_5360549,0.2311160598910381,0.0011180420711150842,1.27470876359904e-11,0.00032957073044119283,1.1251140399450321e-10,2.73127263295203e-09,3.2449713623406874e-12,3.821875773230853e-09,3.320872007686945e-09,0.7674363172982834,6.5982000914250725e-12
IL_5383665,0.03990194821421008,0.0031280783844438915,8.183461939653218e-11,0.7689407972361563,1.1472433505262167e-08,8.307745148994421e-10,4.5405752514115576e-12,8.018518720725783e-08,7.262534601280504e-07,0.18802835051999464,6.816964357442806e-09
IL_5417792,5.548830822715634e-11,8.41539388421927e-09,4.260508875678164e-08,3.091933388327682e-07,9.108531553981033e-10,2.0033836098150895e-11,5.910518235220548e-14,4.695237962711829e-05,0.9999526716746916,6.809303155681594e-12,1.4738615998684305e-08
IL_5419157,0.000924562818708419,0.9878734830049467,1.408093111486565e-07,0.0005091954682044526,4.376385332797573e-06,4.71286486483476e-06,8.649367872237079e-11,0.00045863438428115814,0.010186831154585968,3.6286994645180866e-05,1.7760286254281646e-06
IL_5461503,0.00023237251130475166,0.13042247142234656,2.169314272539141e-09,2.1370305930204022e-05,8.711540113391266e-08,7.1055752019879875e-09,2.7361703627740007e-09,4.883270765665896e-07,8.220742061171722e-09,0.8693231877978173,2.2883215566507e-09
IL_5484022,0.008643907086058333,0.0847634620653222,2.6404192579978604e-11,5.2672258038181805e-05,3.6460063285676756e-07,3.3739994090487884e-09,1.1042377969739492e-10,1.1281765847090005e-07,1.7453509241856296e-09,0.9065394757469527,1.6915884561552785e-10
IL_5489843,2.2835633428655553e-06,0.9863561559758951,5.2091245341807275e-12,9.767676690885934e-05,3.849664507598052e-10,2.3023993922530154e-11,4.56127220307818e-13,5.4040402131445116e-08,1.614922866743461e-09,0.013543826603661055,1.021211370053205e-09
IL_5493219,0.003575357141460016,0.0002982342870514255,1.3473295413823609e-11,4.524821681285962e-05,4.627870068043848e-11,4.0387417770497406e-11,6.305638052636659e-13,6.031548537687038e-10,1.0381270952733023e-09,0.9960811586109627,1.6611090603150269e-12
IL_5512024,0.005391472767890413,0.0043474696181732,7.671830018450321e-12,0.004377316214469954,3.20634437373371e-07,2.2387680616464903e-09,7.240334605907063e-12,2.581616570652442e-08,1.1797359340657469e-08,0.9858833808802696,1.755423136182026e-11
IL_5545711,0.002855661399120908,0.0003009488231832948,1.4583074796288204e-05,0.8685843322924726,1.1374247916337827e-07,3.0858611178023978e-09,3.920643746071103e-11,0.12687649517780938,0.0013678451649730434,6.440412592393407e-09,1.0759685465542454e-08
IL_5552679,0.00466443243147385,0.3181162118767178,7.193430591205229e-08,0.01624654556770217,3.1270268031920306e-07,9.36321781243726e-08,1.4998473491320091e-09,7.679360430849689e-07,3.685104247077426e-07,0.6609711786059956,1.530263117044301e-08
IL_5562172,0.200657111667768,0.30856393314458386,5.3382620303348075e-08,0.00185986198446735,3.5502181498278083e-09,8.10493063890697e-09,2.291912463022535e-10,1.2791093524895726e-06,1.3922965305981156e-07,0.4889176087858767,8.113381285439471e-10
IL_5584877,0.2199175485141958,0.49267903959328085,0.0197261990103683,0.15743003179977896,1.2640962617741065e-05,9.500466263069902e-06,1.2688920232317098e-07,0.10823987662275887,0.00197089616551865,1.2758439372384728e-05,1.3815366430514558e-06
IL_5603161,0.012443830040212022,0.005229507486886865,5.879414824008856e-07,0.9272022298570253,1.0828072647980171e-05,5.8725152464458334e-08,9.292726897454929e-10,0.042191589723886785,0.012919106421337383,2.1096791929329693e-06,1.511229032627493e-07
IL_5609972,0.045669201284156476,0.004108266568938174,4.446231399407862e-11,0.6711738571812067,8.551078117987963e-11,1.0565110832324245e-09,7.95402891279015e-11,0.00021737763811788472,3.0109023897389304e-07,0.2788309947727278,1.985893812196438e-10
IL_5632066,1.971174682270902e-08,0.0002994649833498723,2.7260657366690674e-06,3.580741667870285e-05,0.002583619902514941,6.140710859923212e-08,2.4637004220345496e-10,0.0005573761536382727,0.9961380216833106,2.0999964170719746e-09,0.00038290032954911373
IL_5671982,2.014483921816758e-05,0.986311783433302,1.7710697580039546e-09,0.013657318329834581,5.4084473332179544e-09,7.305012281201618e-07,1.7571856501554035e-12,1.7636102984943306e-06,5.425247838972573e-08,8.197813289175793e-06,3.907701605106962e-11
IL_5695938,0.010123137484479435,0.5656666103564548,4.465933827580871e-07,0.4233705366254373,0.0002921872057431237,0.00018694107966137083,3.7051208524979154e-08,0.0003121389978636166,3.910136966262043e-05,8.861229520450313e-06,2.0065859425919013e-09
IL_5698172,0.00020649295245439973,0.9197096967710168,3.6383908390291204e-07,0.000343141353766562,3.8227254676820104e-07,0.07676791391268323,1.0285101734713814e-09,0.0001645701108311801,8.318215008928193e-07,0.0028042335727677084,2.3723648385441383e-06
IL_5712655,0.2500170076683749,0.006738718685307363,2.2838445605839753e-09,0.5503853519541003,4.275868798061987e-06,9.040982443452788e-10,7.469346165086795e-11,1.1517826094005372e-06,0.02233663433545187,0.17051685419630805,2.2464136967694604e-09
IL_5746899,0.02027626332771926,0.0635326843866899,2.5543699991251935e-11,0.002493393184318857,3.4331967141424764e-10,1.6959538740312477e-11,2.7772169961168295e-09,1.7585887879784464e-05,5.1694691681697865e-08,0.9136800183014897,5.4170917735693084e-11
IL_5770284,1.1362427464106146e-11,6.431411202453145e-11,4.2440579673857064e-13,8.390907603023772e-08,6.025115501465629e-12,2.6843088084695205e-12,1.3152715897976785e-16,1.7701043053894194e-07,0.9999997389956061,5.267069727350434e-14,2.4204332782062824e-14
IL_5841112,5.2317682111633555e-11,1.5585172483852697e-10,1.8768131087516078e-12,2.977234847973601e-07,3.4941928255353686e-10,2.6529042450466922e-14,5.286079816278247e-16,7.843972721909081e-08,0.9999996232768925,2.5647309905970036e-13,1.4650573005894086e-13
IL_5873278,0.010872914552263985,0.9255486438087226,2.8819231478550693e-07,0.0012790231001324048,0.0002813762693629098,2.2242290758340894e-07,1.5955071627583884e-06,0.0009084662865992057,0.00013845598451644984,0.060965970859985646,3.0430160318528408e-06
IL_5886154,0.2880610642413231,1.0357455641826279e-05,1.414208144467877e-07,0.7118922303960118,2.38025694565459e-09,7.202660295642226e-10,2.7367748739521906e-12,1.3402110871483282e-05,2.279955840134865e-05,1.7120509407897399e-09,1.6254298423435138e-12
IL_5891440,0.0036432708018185977,0.03438626082289366,1.049078258973258e-09,0.7274647842475789,8.085820601450684e-09,9.581095950477683e-10,4.5230451660020875e-11,1.3194685883376805e-06,3.2169509367932584e-07,0.23450402337742252,9.448365495755834e-09
IL_5907718,6.384595778122734e-05,0.0016754410887187042,2.199654003098553e-13,1.888156904067381e-06,1.8169556086856752e-12,6.428147235104281e-13,1.4662904200213933e-13,7.201388795422353e-10,5.890677968010145e-11,0.9982588240142424,4.816651209626661e-13
IL_5913331,0.044958715952313426,0.9440601190984071,2.6726616542529762e-05,0.0002004661052223813,1.8850720333603883e-09,0.010550658390003948,9.945997651872868e-11,1.7029174022236305e-06,3.376723830555933e-06,0.0001982157322295183,1.647951626423169e-08
IL_5917748,0.0004334518969553088,0.9941567678547258,7.747222458603063e-11,3.796045571387254e-05,1.009668180243721e-10,2.870736509880817e-10,5.281261268859477e-08,2.714403312341386e-08,8.102401819834403e-10,0.0053717358835177875,2.676688468465264e-09
IL_5924119,2.9173276932593774e-12,2.0067760093891967e-10,3.8875228357551397e-13,1.0986116199015225e-09,1.557653329318681e-12,4.1375614543239404e-14,3.1038706816067196e-14,4.605299606124341e-07,0.9999995381657694,4.1369840836701446e-14,3.2727526575643005e-15
IL_5926691,1.2939143973514853e-07,9.889464966062465e-07,7.129372474460479e-09,0.00046885764179356386,2.9676945010698225e-06,1.0300980453383957e-10,7.530961507052904e-13,0.07020995003802469,0.9293170965230437,1.4206662279708262e-10,2.389498627389717e-09
IL_5932158,0.4638126604518823,0.33356109202437273,3.594889582937754e-07,0.16806685475086738,8.630507084368044e-08,2.9081601626904137e-06,6.570195732666085e-10,2.062243167832426e-06,2.574484272583464e-05,0.03452815107928646,7.999648605860332e-08
IL_5978307,6.203425069797368e-08,3.938223338145561e-05,1.5492584553824136e-07,0.0002536860447718906,2.47928287319013e-05,1.1451898571216144e-08,3.541887980916421e-09,0.0018662946939223787,0.997815556536732,2.556695609037573e-09,5.315188207276305e-08
IL_6000978,0.00048333856369307473,0.2849528579154563,1.894885534802352e-07,0.7143182866673793,7.6057158085492226e-06,2.8942358138871594e-07,1.1379814684907175e-09,2.3473860701641012e-05,1.1918549445079557e-06,0.00021275985443041067,5.5174698515639354e-09
IL_6012528,9.416894790530154e-05,0.07362240344880898,2.556297424765359e-12,0.00038257182919100753,8.23986764706893e-10,1.814127008644554e-11,5.614093173251415e-13,4.601908715948188e-09,2.41430079385358e-09,0.9259008478397234,7.291608920033896e-11
IL_6031916,0.005675027055450694,0.4034128613302242,2.2411265368562664e-05,0.003826100432375068,2.9820731107989422e-05,0.5842764094566064,5.870651170338586e-10,3.404025956253181e-05,0.0023434807554229445,0.00037801980848886613,1.82831832772354e-06
IL_6046824,0.013714350543222602,0.7842747402418173,1.801999721153201e-08,0.005473714859502468,4.060076403770583e-09,4.438827726375635e-09,2.4481736218862672e-08,0.0004883822692988155,4.909909769074271e-06,0.19604384012729215,1.1048460000740754e-08
IL_6051806,5.8905701710774176e-05,0.07468764641677107,1.6952360805900674e-06,0.17391015036568952,4.911475562141528e-10,3.109299485190994e-09,3.6479847137435224e-10,0.7513159717240213,2.5622057207645342e-05,3.2463697859740114e-09,1.2869038861707046e-09
IL_6066131,0.071025911519919,0.8198233238311637,1.2769815917158653e-10,0.0001815585938694607,4.4312735311501565e-10,1.9266319722616635e-09,4.6198191807325546e-11,1.166854936255525e-06,1.1924164480539163e-07,0.10896791708555281,3.292582952706629e-10
IL_6070882,0.016216223228179272,0.007410744215829525,2.7326822525564613e-09,0.004094696595359508,2.3274852045754266e-08,2.8257298189658757e-09,1.5906018961595616e-10,3.9460963866854706e-08,1.1518535840371605e-06,0.9722771120345629,3.619196414396468e-09
IL_6075447,0.002321053937552323,0.9909843166658284,1.473856546139595e-07,0.00256790365728372,4.468257823109072e-08,1.7872569075691568e-07,3.6855386445155765e-11,1.5902548465167733e-06,1.6352014146018743e-05,0.004108411935767,7.037970680933565e-10
IL_6099493,6.431902005129848e-06,0.9983514520249215,1.3087360440896078e-08,0.0016189100515564218,1.3459680693774622e-08,9.604739552677237e-10,4.8979083597410746e-11,2.1269495005585606e-05,1.6873335723723459e-06,2.13946291873827e-07,7.690152863087042e-09
IL_6099858,6.878052019795665e-05,0.9968996622583975,1.3703603612438117e-10,0.00023703683191880854,7.822875973374297e-11,5.832621100429953e-07,2.8590487618624027e-13,8.470676956823377e-08,9.76373266215837e-09,0.0027938421468255846,2.9449711884836907e-10
IL_6129083,1.2669400772347044e-07,4.3952206364334265e-06,4.201252317990102e-06,0.00025893867895014893,9.462597483840987e-05,1.871249687979359e-08,5.7503729164761016e-11,9.968205625495195e-05,0.9995378987980295,4.842481573068261e-09,1.0771248265336011e-07
IL_6163594,0.6395174686698285,0.04893723824690489,2.0580497075533516e-09,0.12327693931602983,4.446764365022521e-06,4.953276458108603e-07,1.825142582411166e-10,6.117700043144059e-07,5.577665325472188e-06,0.18825721686057004,3.1387621288529625e-09
IL_6164735,0.001472308788799622,0.058067582066714266,6.118341566925337e-10,0.4054987632862113,1.7059554860094795e-06,7.699992627997072e-06,2.0366747611114513e-10,8.994231992916647e-05,2.2722383864642655e-05,0.5348392685605984,5.830266956318698e-09
IL_6191818,4.7111983601683016e-07,1.8116308268920933e-05,8.579940313850697e-10,0.01700878565822387,1.4546618772316768e-12,8.457106294839578e-09,2.77491558624749e-13,3.5947564137203338e-09,3.79471380954582e-09,0.98297260998851,2.1885852033858842e-10
IL_6197538,0.0021919758767691973,0.5874642411044605,1.8351295575792424e-07,0.058166185312268213,6.673501331692342e-07,2.622447717981167e-07,1.959352949209211e-09,0.11414489025589085,0.2346635902137024,0.0033679772234713793,2.4946223822399114e-08
IL_6214063,0.7196077241171376,0.07710213917502794,1.9032911039121442e-10,0.03981922785560995,1.6031847962796886e-08,7.089407452180173e-08,8.153155727070827e-11,1.1012722455348265e-07,8.352813126290638e-08,0.16347062768684875,3.1223693822882414e-10
IL_6247837,0.011497438726158405,0.9852833022931319,3.1848077663470257e-08,0.002745114103209889,4.130314157836971e-09,8.267951852722409e-09,1.939965733412282e-11,1.171501268581774e-06,3.399299336736369e-06,0.00046952856549893537,1.245652287162106e-09
IL_6254530,3.655614946351663e-06,0.04286802750385561,1.349921842879526e-07,0.012761476694521493,8.286722263290513e-05,1.8125046472957735e-07,2.995884723944606e-08,0.14884101389124524,0.7954422536072053,3.536841278306079e-07,5.5799691088220345e-09
IL_6298296,0.005604828291614184,0.9633352557155047,0.0001125938816456725,0.0013680014056632259,8.258148814350678e-06,0.029369370670941038,8.597620531669272e-10,6.354257450677227e-05,9.14746968195912e-05,4.572830787639816e-05,9.454468518904736e-07
IL_6311333,0.0004728862615590476,0.4872489192651578,1.5528231570139837e-10,2.0359886875948985e-05,3.7124088213599045e-09,3.2016756041534553e-09,2.502006216525621e-12,6.994315440759029e-09,9.139862140603914e-09,0.512257810096818,1.2835426869815231e-09
IL_6364048,0.0005122652245979125,0.9857321537517235,1.487714617478228e-05,0.004475499956073565,1.933392042761881e-05,0.00876148011140994,7.666099887628032e-10,0.0002244084036843288,0.00011996105697180771,0.00013401718691007073,6.002475416844018e-06
IL_6375582,7.362041986453998e-06,0.9849515864609307,1.2258940149346086e-08,0.015021517559426791,1.1244329249824862e-06,4.043878432935164e-07,6.619018187173357e-11,7.086443564925766e-06,3.794824630479462e-06,7.105817129073105e-06,5.706432866954843e-09
IL_6379178,4.857789938889959e-05,0.0012957531334567588,2.1019458160639712e-09,0.9796003530162304,6.2220504367129e-09,5.239031616831765e-09,1.910720713395548e-11,0.0012633381586211782,0.017790490005237903,1.4722516663963215e-06,1.953263455620792e-09
IL_6379354,0.6188674861388058,0.003313006017936218,5.659386430777201e-10,0.3777981688427186,1.1143070969959072e-08,1.3070038528451726e-10,2.7957868062541805e-12,2.477270317883103e-06,1.0508314770274825e-06,1.7799052764628902e-05,3.4739988444800684e-12
IL_6430602,0.0009437062277475606,0.12675947610383534,5.946343580746427e-07,0.0044991500964341605,1.2806249167942945e-08,1.786113253378025e-08,4.5345952657958653e-10,1.941741075026517e-05,5.533841239574716e-07,0.8677718845183708,5.186503538553956e-06
IL_6444875,0.000341746286405696,0.9607425425085271,1.7406001451449787e-10,0.03825606643585636,1.908691457034728e-08,2.484182211016186e-10,5.096788206788956e-11,4.9855927827369205e-05,1.0018944249035347e-07,0.0006096654440508956,3.647529248692801e-09
IL_6483133,5.805040851918494e-09,1.8027689885461127e-07,6.834630566968582e-08,0.00025261937574343494,2.0797015173782126e-05,3.048084898104985e-09,3.2798631729904547e-10,0.000443041748241277,0.9992832833297662,2.178942757838198e-11,7.049692832005916e-10
IL_6492206,0.01926225065281983,0.9525420343636072,1.1308742931400969e-08,0.019905299582054406,4.126356232939781e-08,3.784718418873257e-08,1.8192875426937933e-10,0.001985148711351227,0.006304840645468345,3.3529576031720634e-07,1.4752040132277954e-10
IL_6495967,0.2063308357773054,0.7354207266135199,2.077035807935562e-07,0.01590394348589031,5.72113815261967e-08,5.910556993206952e-05,5.92276192954514e-11,7.028985075157647e-06,1.1772789001177759e-05,0.04226536392492987,9.578801563715343e-07
IL_6516078,5.7698253731761115e-06,0.000490491221377344,3.988472593604896e-12,0.0015746024830721353,2.24024710793465e-11,1.5856928527542386e-11,2.1518058608893225e-13,1.2072198758570486e-08,6.332375249560078e-09,0.9979291179977596,2.5380696165964192e-11
IL_6579859,2.442236171232944e-08,0.0003915613717598265,1.2798879738216075e-06,5.0897323165203715e-05,5.625987148362272e-07,5.192463960139618e-10,2.383795637257092e-10,0.019101514960444224,0.9804523651439286,3.3170498856505624e-10,1.7932023207291816e-06
IL_6580455,0.0005881667090860063,0.023766621776998058,2.5963451281693895e-06,0.49335022852926597,1.2095716054147622e-06,1.0683067944621471e-08,1.1136166643572359e-10,0.29462648668212066,0.18766462496913852,2.5130639296216096e-08,2.9491588417444446e-08
IL_6580650,2.6057574299944577e-09,9.316181633237946e-07,2.623024965966534e-08,1.5915776161193374e-05,6.2296542604968525e-09,3.520838480864397e-11,9.919132468349525e-12,0.0023108817932256482,0.9976722355676524,1.8933515127779287e-11,1.1507505705986022e-10
IL_6601787,0.01677665846681253,0.9682344009723209,2.5714182306077056e-08,0.014496059670874653,6.844982267929015e-08,3.4988461356212314e-08,2.2791995949257608e-07,8.982665100514094e-05,6.038035800344906e-08,0.0004021529229030164,4.838632999541309e-07
IL_6603212,0.008045574937001422,0.0024082962499766174,7.787836123596573e-06,0.9743063426662978,1.8089783180269785e-05,0.00014001438375812285,9.04855363533815e-10,0.004787130307177844,0.010286662626965487,9.906358490839373e-08,1.2410785406399869e-09
IL_6607523,0.0001362481400849359,0.9251630180759464,4.8134448473774905e-06,0.00015902560174739215,0.0018005117746827367,0.000539327349893186,2.213186048067406e-09,0.001919789640141412,0.07026161252384497,5.27721280785361e-06,1.037402281770172e-05
IL_6614720,0.005057055201678752,0.7786844058255826,1.036798600641458e-08,0.2160578003652765,1.7317290659780583e-08,9.939049952372814e-07,1.0348616337113288e-10,2.002701969068647e-06,5.214827075899355e-06,0.00014877590838202582,4.372347627697955e-05
IL_6615378,0.0004925958371330715,0.45968346825821293,2.543477813479421e-09,0.5395181672999072,3.516538549433934e-08,7.288215253772503e-09,1.737670540576384e-10,0.0002791397696546155,2.649421734325305e-05,8.941109354755881e-08,3.5809668311984415e-11
IL_6619207,0.000488137207491153,0.9995056731496567,3.3290378987371434e-09,2.7298382438294117e-06,2.8340600599586248e-11,5.729864167610077e-09,1.07035419297448e-12,2.40640423707739e-07,2.7973258278449246e-09,3.2072773207852166e-06,1.2249325716814693e-12
IL_6671454,0.05811576237711036,0.004090108581307616,1.3191438712059584e-10,0.0008326103592984444,1.873350075997309e-09,1.4354252275890941e-09,5.6973566473128823e-11,1.1381378631063412e-08,1.8788273582763747e-08,0.9369614850082371,6.731099411038348e-12
IL_6691109,1.0464740796103705e-05,0.011787385393556497,1.074254956511488e-09,0.0249440201901951,1.2240359631489942e-08,7.854439377094274e-06,1.2355954129982236e-11,3.664584556670198e-07,1.2138531746766514e-08,0.9632498789971006,4.315016594943703e-09
IL_6705688,0.01278861044412583,0.5088100821506882,9.497608758401237e-09,0.0023960288787536225,9.546310975581746e-10,1.6124402379853305e-07,1.9313699428887634e-11,2.8991000928327573e-07,2.0196733957458237e-07,0.47600458875239055,2.6181115614775506e-08
IL_6720101,0.00036017550230933574,0.5002201020521665,2.853870523749821e-09,0.00013573981750166612,4.4077116591434284e-10,4.131832290318037e-09,1.1202156770339774e-11,6.660435570262964e-06,7.375777722378626e-07,0.49927657692995725,2.4704673261523294e-10
IL_6730800,0.006029965396227959,0.9151689530954196,4.244796031187453e-09,2.2158467121400697e-05,7.487439426488173e-08,6.36689454617748e-06,6.665165422476893e-10,2.641807060152066e-06,6.232404974813779e-08,0.07876972217112066,5.0058747546765816e-08
IL_6785749,0.00022724142938718823,0.001633470468279184,6.802118967794016e-12,0.5712590519963029,1.888772171282706e-11,3.7390810971856294e-11,4.4859399777076844e-13,7.146876556654389e-09,7.082129572352263e-09,0.4268802217872441,2.625121212887588e-11
IL_6799756,0.0008319922459067489,0.9985276064927515,1.3621660710734655e-11,0.00024635011180305824,6.955763943453195e-11,3.070934463159338e-10,8.333087421215789e-13,2.5618570849891964e-09,1.1724851714933924e-09,0.0003940469876999206,3.639059575826353e-11
IL_6928115,4.6823142300100904e-05,0.0003948704311504606,9.588003690243274e-07,0.9988595888885535,1.5086437333649753e-08,2.0674601309736672e-08,1.4987107551439124e-11,5.667921671209804e-05,0.0002477637145758531,0.0003932771690155792,2.8612975114956082e-09
IL_6943589,0.00037514845308443093,0.00638425256642084,1.5320744136546395e-10,0.002499027337735448,1.6436432402891044e-11,4.9357660223389195e-11,7.166724295278388e-13,8.546486024496117e-09,1.8904120691969017e-09,0.9907415605609298,4.2521325585865504e-10
IL_6964671,0.07376324630812181,0.358513006096568,3.7899390581322093e-10,0.0020879875641858143,2.3223197212018264e-06,5.077963946836673e-09,9.464690560353458e-10,7.45574042965531e-08,4.224187791631832e-08,0.5656323542296411,9.60279052838938e-07
IL_7115582,0.0009552238619554712,0.6053441456884013,4.111828917115998e-05,0.021098548612118764,0.251932724639833,0.10270263584732735,2.2048238573819037e-07,0.015111906041087267,0.0027945140272316333,1.8389082684889778e-05,5.734278034373131e-07
IL_7148487,0.023476624358912807,0.9624255922960807,1.5836183550313585e-10,0.013563019455958536,1.3527843604215137e-10,4.048612979764929e-09,1.0540882535406604e-11,2.5680370865992827e-07,9.803783765471442e-09,0.0005344929226685769,6.092446999325861e-12
IL_7214473,0.000134552125556111,0.8881433601836727,1.502745589562778e-07,0.11158480176311507,3.815000845496356e-06,9.236500514048999e-05,4.234732055646404e-11,2.8034159484460526e-05,1.167278280847504e-05,1.1170746768100167e-06,1.3158779424783816e-07
IL_7218860,0.0001950021958247974,0.004068426239536892,5.715100804509522e-07,0.02717946283908332,3.4389299490259725e-06,4.5672762923252406e-07,1.927911537576968e-08,0.9589717497418561,0.009578340384266183,2.4482175798809825e-06,8.393507883516583e-08
IL_7220515,0.0003026384738769182,0.9302490028582701,2.5210094239012818e-08,0.06878374718163571,5.718514302192559e-07,3.0462917919908676e-05,4.142383682775167e-10,1.3923103542558642e-05,1.9993882125865202e-06,0.0006175470989779288,8.150180159604601e-08
IL_7336116,8.817115467221668e-12,6.365886893244757e-10,2.0842203832598576e-12,2.7593095781127962e-08,2.693171495037773e-11,6.2168457116081e-13,1.460745066765659e-15,0.00010983134800199462,0.9998901403774104,1.0353783627345542e-12,5.411554737257928e-12
IL_7352985,1.5606476018195204e-05,0.9690771883504187,8.287766230028372e-11,0.030580849885400867,4.138171124026992e-07,1.2129960008725149e-11,3.0719664163685115e-12,7.929675638299339e-07,0.00032399590138708134,1.1520457260531727e-06,4.582931656607712e-10
IL_7359666,0.18590754342920252,0.8013240286912704,3.0769769794435146e-10,0.012638617313281022,6.606586541161574e-11,2.4495050507991266e-09,2.682084073460052e-13,4.0614032786258355e-07,3.1076245198889876e-06,0.00012629394977621013,2.8085465259407423e-11
IL_7360646,0.024029446982825733,0.9601571632540106,7.227356086481402e-10,0.012124952189976251,8.55047992788867e-10,4.8538096911162287e-08,7.992575658188046e-11,3.258696975782337e-07,0.0010382421479525699,0.002649108842571033,7.105171597659684e-07
IL_7392612,0.007919931360979683,0.9543510418691508,1.4569402420861968e-09,0.03630919932955629,8.224393634154923e-10,1.8326783057100027e-09,1.46230134165242e-10,4.0135643158826895e-07,4.18806553774355e-07,0.0014190030036871555,1.5352869044347436e-11
IL_7432503,3.6920807670768694e-07,7.469277171737136e-06,1.4146853330008752e-08,0.0001899722312257507,7.71848852586358e-05,3.475034330630901e-10,6.871810076216975e-13,0.014696156564825653,0.9850288310645486,1.2170050044420926e-10,2.1521483841196672e-09
IL_7433595,3.881646966043118e-05,0.9983524967750407,8.449184367351898e-10,2.733164039197089e-05,0.0008834763754209091,4.3878228162215065e-07,1.2058283378980903e-12,1.7070381403603532e-05,0.0006798998744386831,4.652209353602694e-07,3.6343023073654052e-09
IL_7436788,0.9315900578370134,0.04830565854851265,7.90784517370952e-09,0.007207259075632021,9.384327816231495e-11,1.2116396796969809e-07,1.358391128985973e-12,2.0194939760849316e-07,5.972479654621394e-06,0.01289072018852831,7.542467583412666e-10
IL_7451087,0.0002421255894210635,0.04049477689010123,2.694139530141761e-10,0.6036158257635604,7.837263325053465e-11,3.2082257741952896e-11,1.3041106110722643e-11,3.790483501587523e-06,1.7132272090791537e-08,0.3556434612911973,2.4570364467079437e-09
IL_7452804,0.0007137444680837054,5.816802899467751e-05,6.708740640985364e-14,0.0004287387322424777,8.738667355345302e-13,1.871006352773318e-13,4.875821888938764e-14,1.9420805122853688e-10,6.699764928755891e-10,0.9987993479051361,1.8164271452392218e-13
IL_7462703,8.951625710559555e-05,0.9990438710847978,1.1022765391999626e-07,0.00016294648791873048,0.00018928795105443728,1.3315604039181144e-07,4.2895134347201935e-10,1.7065463026192185e-06,0.00010654658453059601,0.00039956765400695046,6.313621637941529e-06
IL_7464129,1.7963547667663615e-13,4.855473836638872e-12,1.711284316136556e-10,1.2432476709410869e-09,1.3713587636191243e-11,8.232414973353517e-13,4.9069579704980875e-16,2.5358773320824456e-06,0.9999974626877759,2.919396043278958e-14,9.143612674462736e-13
IL_7475868,0.0007632817584868098,0.9588138695713067,6.982934370523908e-10,0.04037275919489365,3.840824290065167e-09,5.085437225171602e-08,1.7784886657339867e-10,4.644565188559239e-05,1.0501055871218277e-07,3.482059347396668e-06,1.1821822480324188e-09
IL_7505442,0.5690906572413184,0.1170253975914468,2.5087514040490773e-10,0.03893463143459323,4.373658755229984e-09,1.6418068098149181e-07,1.4165018855621025e-11,5.731378515055964e-08,4.5176380618706537e-08,0.27494903940583576,3.017260417330017e-09
IL_7512996,0.00023538324754756598,0.09680236466754738,3.672001496188652e-12,0.00011040056939947734,6.125793295304843e-11,4.558693618026611e-10,1.8953482078203446e-13,1.903312202459537e-08,2.535592713942145e-09,0.902851829418981,6.821000266793634e-12
IL_7557824,7.647052442746608e-05,0.023225975033403595,5.239047709901872e-11,2.7435402443731593e-05,1.729700840170511e-11,1.5017882345830157e-08,2.6641593682507836e-12,5.3081973999763417e-08,8.387616203268005e-10,0.9766700496961533,3.3260233378998446e-10
IL_7559500,0.0002759458345812555,0.0001750262937808007,3.265649220484152e-09,0.05367877588566044,3.672045743402637e-08,8.184616848650971e-10,8.582323433200856e-11,0.5094230692799088,0.43644713081893466,1.0951010809850029e-08,4.573160003440861e-11
IL_7580080,1.291158288165533e-07,0.00013581918742222934,2.3781467231260914e-06,0.000227445867203612,0.0013172463181127876,2.186416877324115e-08,1.538853567797369e-10,0.21605138702306928,0.7822654739270611,6.763629203938447e-10,9.772016193537574e-08
IL_7604960,0.03973381242228256,0.9514198017498785,4.249627094272604e-09,0.0019718637463247836,1.318314223080911e-08,1.7941839283199087e-06,3.11135332342174e-11,1.2739857089594324e-07,6.498464012853772e-06,0.0068660790026576525,5.568461884807842e-09
IL_7612830,8.453674836129942e-05,0.9987795924828298,9.660961910781282e-10,0.0011253657859399138,1.5886067167662458e-08,1.9847739375922147e-09,7.97517932078128e-12,2.104317212310323e-06,1.1485655873940631e-06,7.23259900416186e-06,6.561526583860917e-10
IL_7636226,0.30057145662627344,0.2648952444409366,8.608332090035787e-09,0.43171632779866465,3.6998823141043114e-09,4.602406308286067e-09,5.090020705251115e-09,0.0028073738713056554,7.883086875458501e-06,1.6920782406147078e-06,9.706204389516873e-11
IL_7640681,0.001479518269143952,0.9336331516175997,5.414140871493943e-12,8.044144919056234e-07,1.5923943680182023e-10,5.311664105375099e-09,2.3292003103084758e-11,3.1679325148743417e-09,3.3303383725297716e-10,0.06488651602759099,6.705973787071198e-10
IL_7667532,0.006896640186276279,0.9609928479034764,2.8943002997802205e-08,0.02804933124176845,7.294839536137315e-07,3.4617938402588255e-06,7.939193999731233e-11,1.6511619650065107e-05,4.669740683006812e-06,0.004035686496958065,9.251099900655794e-08
IL_7720827,0.00027002256717907126,0.7320058645186448,0.00010975814497171782,0.0012045930462116108,2.371656943523651e-07,0.25721256363155065,1.7830666531380196e-09,0.0011475846835075814,2.4844316885697762e-06,0.0062127451322029,0.0018341448952821056
IL_7744265,0.00012893992303946743,0.8899008550268382,6.614120241345018e-05,0.10859353006641112,0.0005096446534344322,1.6972544606303925e-05,4.3125959536246044e-10,0.00041805615085664736,0.00036235542063023667,3.426987822835333e-06,7.759268753550623e-08
IL_7750228,0.027545134287132643,0.9450337877271754,2.653950404278884e-07,0.01024642570533488,0.00017527703136194033,2.657960525717745e-06,2.455072923254872e-10,2.059227057066366e-05,8.684075677643559e-05,0.01688872421877764,2.9440179691673274e-07
IL_7772384,0.008586953310765392,0.3131937817146861,1.0309682324887283e-10,0.007959960291805082,6.069366017308815e-07,7.322343470249499e-08,6.822053247994963e-11,3.9039006521776753e-07,1.3172469030622386e-07,0.6702580731458794,2.9090754671985744e-08
IL_7777526,1.3774335001375067e-07,0.007575041607653014,2.055185374465093e-06,0.8189198740154187,1.1522059371124806e-07,8.45382149304656e-10,7.445309244254903e-12,0.020268796657741027,0.15323395496038292,5.192357604915655e-09,1.8564301183792074e-08
IL_7780812,0.038425908368136585,0.944109722176697,1.3480483138621613e-10,0.01668241921874026,5.170805307414833e-07,4.830022973275552e-09,6.406330539256849e-12,2.8494176289834286e-07,5.615349398526001e-06,0.0007755277299867103,1.635129108282296e-10
IL_7814962,5.743364187777407e-05,0.9895508872891927,3.8108886334413896e-09,0.002429965419209828,8.38094273490031e-07,5.265205583570769e-09,8.640347808271197e-08,0.0038619181161368386,0.004087284466730331,9.959532459581664e-06,1.617960547121385e-06
IL_7839360,3.005218889971881e-05,0.8451563843042186,1.7250200151210183e-05,0.12308524856776898,0.002353844403858403,0.0005552093047921336,1.3323098454996927e-08,0.00021531518781970358,0.004930026243613891,0.0011168207897891635,0.022539835485989597
IL_7845741,0.008721532453826319,0.3293485384730271,2.59029078050573e-10,0.0008598678563527792,3.2627880799293675e-08,1.4775837929312947e-08,3.150889221484794e-11,3.686458122206732e-07,9.992860812099936e-08,0.6610695440251387,9.229780804021192e-10
IL_7858220,0.0007955582651571686,0.9991024067175729,3.173815652905339e-11,5.215809574107828e-06,2.475614092455663e-12,2.195670092171956e-09,3.426000570874258e-13,1.6758576063798448e-09,3.5386572622136355e-09,9.68113365648919e-05,4.2638944152344133e-10
IL_7877903,0.0009916186167792601,1.7790150860129636e-05,5.680522289506709e-07,0.1796538872592357,2.402791053230913e-08,3.3245707318932026e-09,2.1158848366320044e-12,0.0029583939713643996,0.816377713741615,7.13938054382171e-10,1.3938137330101676e-10
IL_7896836,0.22101484456158016,0.7106602621562897,8.194102980662654e-11,0.0033161949244738544,1.923065058606068e-10,3.942105569258385e-09,3.673244288034537e-12,1.9573462796164802e-07,9.112117033671825e-07,0.06500758707503693,1.1626143388865784e-10
IL_7914681,6.333370579343108e-05,0.9817170406788306,2.2171349619592957e-08,6.721692085820999e-05,2.8266151194037724e-08,2.5581197097344953e-08,1.1046544473466704e-09,1.1329654421272432e-06,7.185225002992392e-08,0.018065194641769276,8.593211170368095e-05
IL_7917684,2.143719531739401e-06,0.00017221999089515557,1.0934069355397231e-08,0.015192031276766486,6.805353165367174e-08,1.7738778253153107e-09,1.1412999800039255e-11,0.9825103427543976,0.0021231753384808724,3.2364528604548756e-09,2.9105834295206764e-09
IL_7919145,0.001820216928692871,0.9981154222402168,8.882817888778892e-09,5.5574657226418396e-05,6.226139701380803e-11,5.858828445014399e-06,2.302720052276564e-12,7.713405703002052e-08,1.8948521475508024e-08,2.8217262731462283e-06,5.891853352039323e-10
IL_7944285,8.937241235871751e-05,1.123306828124628e-05,9.536127365225434e-11,0.9805709426892327,3.135521590535388e-11,4.693076611886076e-10,1.156321409680814e-12,2.8123304273771705e-07,2.8579399578235495e-05,0.01929959050425619,9.606949464181077e-11
IL_7945525,0.4023980624274495,0.5054494049466514,6.474160711340222e-08,0.00805290015306649,9.857276493860575e-07,0.00010097117599082324,1.1455755148082046e-09,2.544566148065549e-05,4.125012368907995e-07,0.08397173059759987,2.092169226697289e-08
IL_7955621,2.9610537835079793e-05,0.9957699521834235,2.1643720920682897e-11,0.004199326450832033,2.0049604544720695e-07,7.368770723810325e-10,6.318974298005643e-13,3.124382209874993e-08,4.501025913617849e-07,3.233671735647347e-07,1.0485912405413726e-07
IL_7983237,3.557847051943896e-10,8.28549589794768e-07,8.040191206635538e-08,1.1553655343272271e-06,3.5200175641269893e-09,6.279940755291459e-12,1.247878887122274e-12,0.0018745652116896323,0.9981233487116039,7.033664386449773e-12,1.7869306517569726e-08
IL_7988157,0.009370577501648644,0.9601791091268274,1.9480881077887683e-06,0.02625441244275256,1.17428240071206e-06,0.00024034391710174205,1.202116506200867e-09,0.0001933504521751603,0.0001325628181800762,0.0036180081990002983,8.511969689269074e-06
IL_8041132,0.24762828964239925,0.03863193360782296,2.080317922292945e-08,0.0566144692855059,2.577565709982059e-09,2.3765014660564026e-08,1.2795257765757142e-11,8.804135018886164e-07,1.635739560916015e-07,0.6571242078336894,8.484569680909612e-09
IL_8073225,5.775881024301282e-05,0.001532257652632684,1.622354551013829e-12,0.0013747814709729781,3.2253960932017036e-12,2.877500185980627e-12,6.020993191508392e-13,3.4590203351752947e-09,5.637057473954769e-10,0.9970351980160135,1.9084502850954628e-11
IL_8136561,3.658030986480714e-05,0.010282359634362581,3.7747234294827723e-10,7.093007174525189e-06,1.5423906036020461e-07,8.977520305428389e-10,3.826600879427409e-11,1.4491197889489007e-08,2.517249345078255e-08,0.9896736568459833,1.1498637270676225e-07
IL_8138997,0.0008236439822056591,0.999010084096041,4.315476815372976e-09,0.00010316168341470124,5.202367157357928e-08,1.6530874127418545e-08,1.8295621953277847e-11,5.8736773046490425e-08,1.8661698873962115e-08,6.295993883279508e-05,1.2715860485319729e-11
IL_8139746,5.682231194287733e-06,0.9586191068333115,3.052997912855335e-11,0.04137185342737096,5.079909357326361e-07,1.6968398444150946e-11,1.0180771623288072e-12,3.2147285831854323e-07,2.3972909942097644e-06,1.3069962799497498e-07,5.190660332262575e-12
IL_8183381,0.9037602984372177,0.09388614820504777,3.5489966824005862e-12,0.00022193806302610203,1.8745480709461804e-10,1.0377173038303354e-10,4.823229767985116e-13,9.519222319744178e-10,4.170284958836112e-08,0.0021315723440865366,5.923041528571654e-13
IL_8191336,1.7706212097212612e-05,0.998544340287628,1.4897044860493639e-12,0.0014344772711859233,2.5908995505206792e-08,2.6922573763997415e-10,3.2852921719492036e-13,6.253624337119818e-08,2.156243123724156e-08,3.3658299750973707e-06,1.2039958054980282e-10
IL_8258340,1.1492702810396793e-06,3.368861795756527e-05,7.96485968519328e-14,1.6964506054169495e-05,9.194398388657112e-13,1.1941138165414242e-12,1.6870078986740046e-14,3.8816851196878285e-11,1.1461323915593303e-11,0.9999481975521503,1.0687160063349329e-12
IL_8288616,0.34028875557284205,7.521480106752327e-05,2.624372276906144e-07,0.6426739717169829,5.2199009384947346e-09,2.480614049591419e-06,2.9722541517988283e-09,0.016948003664559504,1.1246499423013101e-05,5.629879343572904e-08,2.028992891120791e-10
IL_8295267,0.36389371976329216,0.30761344287047854,1.1453375962454858e-12,0.00409972760644761,8.92956465117527e-10,4.114966168223139e-11,2.540242929088191e-12,1.0810944218469784e-08,3.0191220592906274e-08,0.3243930677731034,4.672180696203945e-11
IL_8342281,1.2586045571234214e-05,0.999952764315918,2.707097372829274e-10,3.191562878868219e-07,5.687474452994916e-08,1.0555200630731226e-07,3.7087726815261583e-11,1.3898472398921081e-07,7.167977115271546e-09,3.402151218957298e-05,8.27838575598003e-11
IL_8371338,0.018420948399335123,0.04054750586552188,5.3948023180728806e-11,0.011841368944656306,3.7487225599999786e-09,2.492763531607455e-09,1.5264894519314239e-12,1.744882474661312e-08,1.2078560746334064e-07,0.9291900321747957,8.429817898714559e-11
IL_8415316,0.00243771169054268,0.6490462195901461,0.0010789983624562328,0.009558124566493133,2.1077079917343727e-05,0.0001322280639723047,1.3268445076208336e-06,0.3016028846797986,0.0008824574898131508,0.0009582730241387097,0.034280698608214276
IL_8416177,6.523202523109789e-06,0.0015490765420620202,3.691320309691005e-06,0.49491295034702226,1.2428068418708104e-05,2.0959389665670788e-07,5.644062984672073e-07,0.49041019409407904,0.013103182075091114,2.8545102277963777e-07,8.948992761337446e-07
IL_8416753,0.0004959263902778814,0.9810975799401421,8.929089099981466e-07,0.012075768407448784,1.5503994124532084e-05,0.006091318284252163,1.0820709439532757e-09,4.773097944238357e-05,3.283486892536028e-06,0.0001655648315093995,6.429694929125217e-06
IL_8449784,3.251370826086143e-05,0.9718376078213452,4.9655273099991956e-08,0.02811091440938542,1.133550256922934e-06,4.1504168325351847e-10,9.509945289084483e-12,1.0756409086944012e-05,6.92434451969258e-06,8.320889846311589e-08,1.6468421681684642e-08
IL_8456893,0.00022378601618365312,0.9997197878499388,1.393216074502515e-11,1.1651203312008346e-05,3.5066345068019125e-11,9.655775339758552e-10,8.577976557398141e-12,2.8758058867414688e-08,4.229643849214559e-09,4.474084219784569e-05,7.751121125781233e-11
IL_8510989,0.0009516662077821222,0.9892078851052776,1.4714483423812968e-09,0.009720180485853599,3.474370352611586e-10,3.95307655182051e-09,8.255887341234934e-11,3.959029137335021e-05,6.7565491592241e-08,8.06044700896127e-05,1.9611248975214817e-11
IL_8524892,0.4520668642448692,0.00018749629460105546,8.223038615042911e-08,0.5477261152470146,2.9024833007598914e-09,2.5688584932827736e-08,3.3954593240230465e-10,1.649190373736758e-05,2.009977924102653e-06,9.111062367307587e-07,6.461663937693679e-11
IL_8562073,0.00026072350335721754,0.7031795668510169,8.37675417529314e-05,0.04882532149614293,0.00016636990327898983,6.388851273314341e-06,3.000255745897168e-06,0.001955966504547461,0.15970718519793517,0.004370027237305334,0.08144168265764391
IL_8576492,0.0006638791564038575,2.4913264820723673e-05,1.3571680503008374e-11,0.23483842494005988,1.1044677110551404e-10,1.3095379461855757e-10,7.287842493837231e-13,6.68175673964434e-09,4.960132199058569e-08,0.7644727260412745,5.866122710531216e-11
IL_8579370,0.00047403778371993727,0.00011635489618373478,3.620424986942006e-11,0.9946869492104697,7.563445996362847e-10,3.180478549209927e-10,1.290905591856186e-12,1.7171694165103683e-07,2.2679813032130912e-06,0.004720217241825526,5.766866685878123e-11
IL_8580922,0.009706204184525797,0.9834486897370582,3.325676283548258e-11,0.006676818016861416,1.0912159642399092e-07,2.0532413766509056e-10,5.780130675496539e-12,5.7613371388962825e-09,1.1137173900667032e-08,0.00016816179223984854,4.846060405169206e-12
IL_8587951,0.03772719280902684,0.42676657637862264,2.4098044397731896e-09,0.3476382771084704,5.6699707723534e-10,1.2758370997685244e-09,1.7345844203521672e-11,2.4125324583987763e-06,7.0038236350788554e-06,0.1878585251371723,7.94062999586379e-09
IL_8698362,3.572012525024664e-11,1.0319201958866839e-08,1.3842869918688781e-08,1.4107021359353458e-06,6.717654850092571e-10,3.089653013732284e-12,1.7459708634802045e-14,0.005421739840129985,0.9945768245757237,1.5957010448551983e-12,7.750055466754453e-12
IL_8706018,0.016192256710176305,0.97202990298667,4.611623884301557e-08,0.0005139478652514744,3.0672792422485005e-08,1.8811006454278254e-05,2.4018096596599245e-11,2.3588263650809086e-05,8.906339257692076e-08,0.011221327087738415,2.036168914359064e-10
IL_8779223,0.0052778524099232164,0.0975252253410844,2.9932072423487194e-11,0.02888713882462676,2.497840782309144e-08,7.443272887079939e-10,1.5470230923277292e-10,2.813455975038633e-07,1.7881782029329886e-06,0.8683076879131966,7.999908941146936e-11
IL_8807227,1.4378724724165928e-05,0.9981212833119704,1.6236070212353364e-11,0.001709578122916639,5.954423859619806e-09,8.86423897459197e-11,5.885616913285948e-13,9.196455732344195e-08,8.010674003255054e-08,0.00015458128142839634,4.277722653286625e-10
IL_8864283,3.1854518564315993e-11,2.166288442524694e-09,5.592662646647265e-07,1.8869245822161966e-07,7.462459745876152e-09,2.048198497539358e-11,9.28616007914616e-12,4.833601889236646e-06,0.9999944076536299,4.415434903825312e-12,1.0909715794995371e-09
IL_8869852,0.00012086953801120522,0.9943577654644532,1.458136950554765e-07,0.0005750197625266284,0.0001822022902150039,0.00029703569682322143,1.9421809086217705e-10,8.359966217747562e-05,1.1508483905512693e-05,0.004371827584038897,2.550993559456539e-08
IL_8892064,0.40031760526638177,0.00899530975658342,5.880217352609255e-09,0.06543550712547211,1.2545639357369688e-09,5.931599313282634e-09,9.789313610616192e-12,1.3171702388485907e-06,4.468911738910143e-07,0.5252497708904166,2.9823563473848474e-08
IL_8894007,4.1974638649677474e-08,1.4355620410593172e-06,1.4163701524632152e-09,7.420818066130879e-06,3.178506503586854e-11,2.5400020087167527e-11,5.971978249304088e-14,0.997056289497486,0.0029348105247160015,6.236604492985384e-11,8.707105192717074e-11
IL_8908749,0.00019391375883685255,0.010868135143416523,1.6474902227904914e-10,0.13021002982363722,1.946132446005453e-09,1.0770658304477368e-07,2.9081030608194556e-12,2.9578198924452145e-08,2.2458182627917736e-08,0.8587277592052932,2.1206222990643305e-10
IL_8914785,3.131832919971956e-06,1.937459667062132e-06,1.039052557521979e-14,1.110446372505772e-06,8.735584603089727e-13,5.244385095809164e-14,5.673855498788011e-15,3.2115080514274068e-12,2.644745556344541e-12,0.9999938202541961,4.6001448022348856e-14
IL_8947300,0.0007132676164853758,0.9615490511014896,1.7651809772237556e-07,0.03734290528892604,4.146645140199153e-07,1.2854984153933372e-05,1.7119522404574332e-11,0.00011017274849147276,0.0002699786266642694,1.1778872529481368e-06,5.4680520412453e-10
IL_8974391,0.00026795246732359693,0.017297174612750023,5.265560519964029e-07,0.00010393698078059449,1.8475450266862038e-08,2.581497889405222e-06,5.1205786832486835e-11,6.442811526683412e-06,4.1474124683465307e-07,0.9823182038485571,2.747957217671517e-06
IL_9036064,0.002465144435230245,0.9966455902432662,6.346667175932845e-12,0.0008879586943077901,1.6962891920359006e-09,2.4821098557395858e-11,1.7074643990728361e-12,2.3224869802413186e-07,3.686252247924089e-07,7.04003547990615e-07,2.056054324819956e-11
IL_9058117,0.000662930995995873,0.9852886212392289,1.403135425388093e-08,0.013906093507971075,1.4367572376317726e-07,1.9829498344166465e-08,5.45164011744479e-08,4.118492652154957e-05,5.7169575901486816e-06,9.520601116910595e-05,1.4308545753586759e-08
IL_9061839,0.05989200360944442,0.23563138828632557,2.7777143012889075e-09,0.04826963582206489,4.134151217510484e-08,2.3487205494931724e-08,2.53881856067386e-10,1.1003884402227522e-06,3.2636178313530625e-05,0.6561731335566843,3.4298413327271114e-08
IL_9079153,0.0002413968044466753,0.980037573368815,3.8732931774972694e-07,0.002432813268230724,7.276983215650054e-10,1.3940425192542877e-09,6.898039193346995e-10,3.457395296479431e-06,2.3457745717712297e-06,0.017281951462345773,7.178543107000091e-08
IL_9143254,0.020329360720948795,0.007103430695064676,4.840149268050376e-10,0.029160179653108874,1.4712913774086439e-09,5.190783294085558e-10,7.1873331482930264e-12,1.623190141906945e-08,1.1895912960685154e-08,0.9434069979471627,3.7432869553645384e-10
IL_9155981,0.072286392141663,0.6837040053625595,2.7267504697440986e-09,0.10573404131174059,1.904001729725099e-08,5.6451534561685234e-08,1.7956203583695098e-07,5.066916701134487e-06,7.180369673000643e-07,0.13826951262152448,5.828505874112272e-09
IL_9157122,0.05671342664901245,0.9140205381003907,4.138647808852746e-08,0.0013619318565815694,3.0769442497644142e-06,1.098716254629164e-05,4.838540584788218e-12,0.0005101454554008278,0.02737624753941344,3.604754355045353e-06,1.4673327095073897e-10
IL_9227624,0.0023192349570406354,0.9663890494737505,6.245211672581913e-10,0.0311412447311335,1.3837863547747053e-08,6.1270124291043985e-09,9.426981933562875e-12,1.2726516820659805e-07,0.00011591226049060239,3.440473881052155e-05,5.974781933783714e-09
IL_9237017,0.0005588006858434852,0.7941867558888529,1.0461843765451466e-11,0.0003831846005574846,1.6827818348511654e-10,2.4358633893557594e-09,3.470140076022403e-12,6.03293521456461e-08,2.697506862544744e-09,0.2048711929951812,1.846323915440786e-10
IL_9273684,4.707581781388443e-05,0.00041166478400284925,1.4878638704483377e-07,0.37355662831849923,3.6464228100722346e-11,1.3112763073332435e-09,1.0735690124306883e-11,0.6259839801688307,4.882329146924608e-07,1.2514254727386207e-08,1.8820593473894593e-11
IL_9311083,0.010304594070899878,0.9603718228574911,9.94465810547246e-09,0.01770286719414224,1.983981712989972e-05,1.1513387109041645e-08,1.0115482826342794e-09,3.924040251431397e-07,1.5327489219641391e-06,0.011598908269844579,2.0167951676683954e-08
IL_9322263,1.9613995950308798e-07,0.013155576418011315,7.530939924270218e-07,0.0017603220662117326,0.0022016965504645645,2.746723167398659e-07,4.152522270068804e-10,0.007620905957621983,0.9699978079139931,1.2005892621338125e-08,0.005262454766283771
IL_9341332,8.288582845395835e-05,0.9992328841427892,7.348483543691715e-12,0.0006807463751452795,2.96377047842776e-10,1.3408371068622379e-11,2.680846336101082e-13,1.1029992525718064e-06,8.440326310924154e-09,2.3718960698218584e-06,5.605167590671647e-13
IL_9345649,9.266642075829052e-05,0.9850852600879284,5.190905644707605e-10,0.010602123070490702,2.367743017915027e-08,1.0373524606880436e-10,4.661458118609918e-08,0.0009009541873744805,1.031606162923619e-05,0.0033085817244488214,2.753253290345016e-08
IL_9406058,9.629083960668806e-05,0.0003945901116416663,1.2639115613354228e-11,0.4656395721859809,4.040848124059989e-10,7.244049534772408e-11,2.3643078527940093e-12,1.0126994308183202e-08,4.5625335521790114e-08,0.5338694905673403,5.157186300163714e-11
IL_9407964,9.431628672400524e-07,0.9992106207041626,1.30259940873012e-12,0.0006784318315612309,3.432829136989722e-09,3.245982586796049e-11,1.2135045198779379e-13,2.5635908037115716e-08,2.0889144966005533e-08,0.00010995376618632047,5.434567279439253e-10
IL_9409250,0.0002055762068571331,0.9660055728008148,1.4983619981598654e-10,0.014660264267380806,2.5398280534543853e-09,2.296119618056338e-08,1.3182375543947238e-11,4.1734839754781615e-07,2.831609128675231e-07,0.019125603359591806,2.2571920023629623e-06
IL_9427286,0.0021073187590682444,9.607986666490067e-05,4.13911378436072e-09,0.0013529781878202835,2.741826336658145e-10,1.221665582015028e-10,3.266919679175259e-12,5.1003177807829765e-08,8.558794204485074e-09,0.9964435588979734,1.8777138904580775e-10
IL_9436519,3.5318809650051426e-09,4.0179665203101847e-05,3.0678341312833035e-11,0.0036525383710048253,8.616578584501657e-11,4.6941857864442916e-12,5.81886185367643e-13,0.9632870567164654,0.03302022150252816,8.816310695920357e-11,2.6340329227595857e-12
IL_9503512,0.000341704874235146,0.9990803794559224,3.1343931111347696e-10,0.0005730443706461491,7.367442887239413e-08,3.3081365937478526e-07,1.7048259926852283e-10,1.5474799110569218e-06,3.4216171210917546e-07,2.5764056908491223e-06,2.798719413401273e-10
IL_9521484,0.060693509985480655,0.01037615099348385,1.614325620074922e-11,0.006934689744964704,5.801545759297608e-09,1.7827877586453733e-10,4.627633385889193e-12,6.0048906260643806e-09,7.31918165508498e-09,0.9219956299312274,2.0175661040532326e-11
IL_9540224,0.005559765019157722,0.5672221919007534,4.311658739996031e-10,0.42414494178739914,2.3388818132258784e-06,1.4707033660546452e-09,5.321499631655941e-09,0.001397288323651231,0.001673193571117157,2.7327541151691906e-07,1.7327780733982297e-11
IL_9561518,3.2691148140637637e-07,1.0066299285896121e-05,3.6360890429751586e-14,0.00015220442753205592,2.965111315223405e-13,4.3281764746734146e-14,4.9228860103523855e-15,1.1446430742983233e-11,2.1467144467996134e-11,0.9998374023281811,2.249657001709015e-13
IL_9572511,7.717705698285367e-05,0.3789639972724627,7.705145273210385e-10,0.6209566387506426,5.768355803860334e-09,2.5175026986156988e-08,1.6197586149156592e-12,1.482169009413831e-07,4.0329166238794784e-08,1.966583548601659e-06,7.477898620298779e-11
IL_9601760,8.32529760803441e-05,0.994425371143126,2.5118466873335086e-11,0.00540751289082052,1.695521958169608e-07,4.2774345925193065e-10,9.526207424170369e-13,1.2823210039702174e-06,8.096301449633193e-05,1.4475645207139621e-06,8.39418900201187e-11
IL_9615893,9.004710178454111e-08,0.9999873407396914,4.132690372039252e-10,6.41912320769419e-06,3.919698634618204e-08,6.332220321739318e-10,1.0131403654896772e-12,1.2697121786924351e-08,4.5136808373635717e-08,6.050592164881354e-06,1.4194134303201867e-09
IL_9620950,0.0014824830745228561,0.9983929109317599,6.567575686298074e-13,1.0029958189252238e-05,4.3294527290912953e-13,3.719510300038606e-12,5.579490828767686e-14,3.4908632283105907e-10,1.2094493518302535e-09,0.00011457435040546931,1.217219385151864e-10
IL_9623576,0.08058165470904555,0.0009334638905766277,1.514722542981252e-06,0.4337347273229492,8.723990005917515e-09,1.3549174487266372e-08,1.718450374105088e-10,0.4847417220729845,6.8451356061822075e-06,4.944747480904983e-08,2.538105682462629e-10
IL_9647002,2.9524415929707208e-05,0.9966821437916444,5.182585308263588e-10,5.762964033477797e-05,4.462106705978646e-08,1.075748233547734e-06,2.805162455781771e-11,1.996776952710085e-07,9.65333062855502e-08,0.0032286004134538604,6.846120247792266e-07
IL_9655170,0.11738880130947077,0.005660685836305268,7.02214090711283e-11,0.00019359417739655142,6.361914027482534e-10,2.188363310432691e-10,1.6485293629081148e-12,4.071828972533951e-09,2.127528121547783e-09,0.8767569114806775,6.989515537233956e-11
IL_9669202,0.03990993043401496,0.94924661161202,4.95947002281769e-10,0.008575212331821496,4.848673283759074e-09,1.5713990196405393e-09,1.928693741050176e-11,2.766138905996589e-07,0.00013629602194342003,0.002131666013333005,3.7670096344236015e-11
IL_9675212,3.959827807115125e-08,1.704231440670073e-07,3.644395527812049e-09,1.238145718229153e-05,4.194352798813686e-11,8.502273682584308e-11,4.813980001812491e-13,0.0025391189140040503,0.9974482858194107,8.570957330655831e-12,7.56672538000957e-12
IL_9675469,3.0197180417704267e-05,0.0022335074220555637,3.6908790003764847e-09,0.011921350918187308,1.0456904122852996e-07,1.0940251630705414e-08,1.4862957531117044e-11,3.7497733545563657e-06,5.932094019649995e-07,0.9858104217521805,6.052936767406941e-08
IL_9692632,0.002235190409554305,0.9649254568661532,7.2960259319576566e-06,0.013763226523995491,0.00010517437203982548,1.4367784139714042e-06,4.204818524263552e-08,1.588957335908785e-05,0.0034444905858168335,0.01543778260435038,6.401421219962319e-05
IL_9693077,1.924377244357214e-06,0.000538457760258988,0.46538310604827604,0.00013281979720662152,0.00025946545342522386,0.00040466347426636905,9.125054600992839e-08,0.05960261470563237,0.40983576544242795,8.57053352308519e-08,0.06384100598538081
IL_9695113,0.0004629236372588619,0.165527141709661,5.086229725107655e-12,0.0009953802919576947,2.254701933015723e-10,2.0384572738371883e-11,3.486829806443419e-11,3.2215687569725345e-07,1.2931464162976694e-07,0.8330141023856898,2.1810596782827426e-10
IL_9696386,0.0012955499818166616,0.9617622072085786,5.652580831096544e-09,0.03689953064660794,4.644737571206546e-07,3.2602698595564597e-10,1.4578376147372102e-10,2.0285408194273625e-06,2.064857306265938e-05,1.956434580307467e-05,1.0516288740723514e-10
IL_9697828,0.00026514436517701063,0.5126738273557785,2.537163274937366e-10,0.2168927913834473,1.5902303201934258e-09,5.810682380307406e-11,1.4271169341184346e-10,1.8689617089871684e-06,1.30891082118444e-07,0.2701662341020485,8.959923817302369e-10
IL_9702105,0.019936774353233128,0.9736843784468037,2.923098629234195e-11,0.005646356095066615,8.607858162617199e-10,9.541593283246138e-10,2.033507038007324e-13,1.6583057380500819e-07,3.8125578874498134e-07,0.0007319421630530544,1.1101596722480556e-11
IL_9713310,1.9026563800316804e-05,2.9044269157527282e-05,1.692342803033839e-14,0.00026995582001471325,3.351374268643581e-13,6.790696605763698e-14,4.3994434608241375e-14,5.688300893349814e-11,2.1445545540097175e-11,0.9996819732681197,1.1525461084432086e-13
IL_9722277,1.5883712931025458e-08,1.9997511077147367e-06,8.970424726899016e-07,7.815080654081577e-05,1.617788305451227e-07,2.3189490401796347e-09,1.5086799596376545e-11,0.17682201274284443,0.8230967325270939,9.864489486792455e-11,2.703471619633339e-08
IL_9728655,0.8291561314874144,0.10764404694867363,1.4656851700590652e-08,0.026749789840222984,3.184318611478518e-07,1.094247745237473e-07,8.363036851051687e-08,1.416908271588128e-06,6.350244476991272e-07,0.0364474212981408,3.2348972933782546e-08
IL_9747613,0.00034724127854754324,0.00012058330604112101,2.3515299641396575e-12,0.003044176929127013,3.731075814509025e-11,1.6203863206730207e-11,1.797558359802116e-11,1.377135983703587e-08,7.493901595678733e-09,0.9964879771421713,5.009821682748058e-12
IL_9776207,2.4482514529189403e-07,0.0006100877326958515,2.907218963371154e-05,0.00033976194714502913,4.7257946688693215e-05,3.7949192004277125e-08,2.6911895281864484e-10,0.002950971551289646,0.995986823800274,7.883588066210455e-09,3.5733905228748234e-05
IL_9785286,8.355916407196692e-12,8.435799249311339e-11,7.567415603802811e-12,6.124885568273302e-08,1.2681953565370535e-09,5.740961562550682e-14,9.193221413682111e-16,1.4943193653868722e-06,0.9999984430629681,7.412974005793214e-14,2.0162045234921284e-13
IL_9794109,1.9440625962528365e-11,6.249752810100924e-10,1.1791050037265503e-08,2.9196777548323147e-08,1.1403064153765669e-10,6.259582230394886e-11,1.5314879475088494e-15,0.00017251521334890501,0.9998274429484705,1.3239495325926772e-13,2.917680716815611e-11
IL_9810905,0.0029210167881872666,0.9449684591633678,3.814099905463951e-05,0.047629130939556764,2.661026198845928e-07,1.1034735968902236e-06,2.10318236638013e-09,8.389983295725547e-05,0.0008131951136032151,0.003544552094587347,2.333892865432921e-07
IL_9831983,0.0006371526892654131,0.951726255222994,2.7073093791436354e-07,0.0031059111350382274,2.0600828077975607e-06,3.866006078161254e-07,4.1006930072788175e-09,0.04356101166173268,0.0009287225275529761,3.820112111460808e-05,2.412725542461185e-08
IL_9896495,0.953103611127448,0.015024415667155362,1.9148951533975473e-10,0.027552094452939623,1.002171640123877e-09,1.3622152418218853e-08,2.7142541197058543e-10,9.785628752903906e-07,2.4507570950877516e-06,0.0043164343396313335,5.616380136175636e-12
IL_9908692,0.0024190184350456937,0.9839350485713935,9.744384983932823e-08,0.00014587983944446198,7.561919519150934e-07,2.219210125717703e-06,1.685533998515131e-09,8.772490213804597e-07,1.6865065806183989e-06,0.013494189111405522,2.25755647495634e-07
IL_9914512,0.011198517281666733,0.028378537427463577,2.5644909701894563e-09,0.050483502801070335,4.976052854019054e-09,1.0258433196436359e-07,1.689482451334045e-11,2.5761938652407786e-07,8.714493920580163e-08,0.9099389809743184,6.609384677331456e-09
IL_9931816,0.0008402006250691602,0.00039751174736676626,2.5640848456531544e-06,0.10805234292569856,1.0600035516454697e-08,6.868028768381256e-10,2.127801490174617e-10,0.8881010378824146,0.0026063278488531755,3.1385988615082176e-09,2.4753474467412585e-10
IL_9962396,5.2572269683742435e-06,0.00522430469446284,1.886210013058954e-11,0.02484404771324921,8.126648806797426e-12,2.1048737757407164e-11,1.6902372166584465e-13,2.5789433079612954e-09,3.1009845099092056e-09,0.9699263846126859,2.4499444849919386e-11
