lesion_id,AKIEC,BCC,BEN_OTH,BKL,DF,INF,MAL_OTH,MEL,NV,SCCKA,VASC
IL_0006205,0.12316856721873433,0.42984877762909474,0.001115970782385048,0.052115818223816335,0.00018432866147778933,0.00020746285511520795,0.0001268502303607044,0.008285770715192748,0.002103970390528704,0.38225723686748925,0.0005852464258050613
IL_0025400,0.10582219649058933,0.5383373502040898,0.0001862590837110343,0.2907766369293407,0.004692661984398894,0.0009805620347302733,0.00035303995536657955,0.007466637179296384,0.020570243539572094,0.030757524921777867,5.688767712704091e-05
IL_0039001,0.029029497429751513,0.24560166320820698,0.015465125756726268,0.5348354638590017,0.016576184902033685,0.029314324065532395,0.0010089901791768422,0.09502125148821834,0.014746537934309153,0.0072466345382882075,0.011154326638754767
IL_0046799,0.009343503811013227,0.05897479836185916,0.00015605386942168,0.16199162721935959,0.00034800953326086026,5.939680025739345e-05,5.304449892355821e-05,0.0005296676310842023,0.0010230179938971748,0.7672582613502438,0.0002626189306794259
IL_0054262,0.0027167877592628774,0.25229519762713354,0.011688963128680913,0.019824474701706427,0.07374276014741826,0.0014252185951216902,0.0006747552342107587,0.08848171920580235,0.5427694679299632,0.0010848721302906558,0.005295783540409431
IL_0056788,0.5015483016519031,0.17745001513706316,0.00014554413303982905,0.14255737711060312,0.000549911339169165,0.0007582349194503228,0.00021118490620971865,0.0032538554030832143,0.015558713888760326,0.15785183921122692,0.00011502229949116024
IL_0093956,0.08613812328862609,0.5944169363938099,0.03165236163750812,0.05444640146463426,0.0007541481155677929,0.05222104058582259,0.0006711600586876846,0.021998389231455966,0.01715374453345926,0.13143464297113694,0.009113051719291531
IL_0103904,0.24934873398121418,0.08635704129191889,0.0005435718852136491,0.06976707079952311,0.0002319255466804062,0.0021416150353500752,0.00013094746987430328,0.0020700088184529516,0.003950842846847242,0.5852123404792903,0.000245901845634739
IL_0118369,0.0013720076244370064,0.009377139560932335,0.0009161659247493974,0.038527808313084694,0.013457725790239721,0.0025494444689729535,0.00044599637859380625,0.14099020368169765,0.7913666658306115,0.00025405201045454803,0.0007427904162264732
IL_0151990,0.00021751887850430154,0.002031303215798213,0.000502256908196605,0.004756556994746893,0.0006243044335507667,0.0001012199719024081,4.0969844160017435e-05,0.09240298690144978,0.8992412895917579,3.308532320334044e-05,4.85079367297403e-05
IL_0171236,0.03197329993651149,0.22727428153529328,0.012678297933708692,0.17181417377944475,0.039754845773122216,0.07482610245375258,0.0011007281962949224,0.05946915165426369,0.07242116972105152,0.10420963133182691,0.20447831768473004
IL_0183960,0.028314331272284988,0.088015997301828,0.16924765273784606,0.017594767836482787,0.17208656183361115,0.11836634226127977,0.0029417384884340408,0.0744404001096966,0.29971300021204256,0.005693467706556296,0.023585740239937727
IL_0207706,0.0008618002116934469,0.005913319923196342,0.01137455704559929,0.14013041557859554,0.0017617374964489932,0.00024499507377636465,0.0001811434303428632,0.7448993402823251,0.09330193563251564,0.000222025874966888,0.0011087294505394503
IL_0207891,0.2845145366610082,0.09085903560266816,0.0015672600140796697,0.14114538451815034,0.0026115651826371564,0.0010778798569851106,0.0010861098053729795,0.005638034827136228,0.005224713074744452,0.46616925626890104,0.000106224188316727
IL_0225203,0.06376008963043986,0.37103233286847903,0.002603185916678536,0.23111327189867273,0.1424238154611572,0.0028371182989706334,0.0004771636764911744,0.09083861103710361,0.0800040795560561,0.004051864395789169,0.010858467260162022
IL_0227635,0.5772673957797666,0.2241163649535256,0.00011507550393152844,0.08339046159817508,0.000897142085831062,0.0009026016577603931,9.755756340513253e-05,0.0014962525115368498,0.0007021812875235195,0.11048171934099671,0.0005332477175476643
IL_0259815,0.020139990995744254,0.006904609035176686,0.007665893640746063,0.4864955267422824,0.002893778592347582,0.0023218281859981537,0.00019622228085107004,0.27188292259025837,0.20087947383631025,0.000398077155512941,0.00022167694477224419
IL_0260810,0.020630012782457675,0.6036877215457462,0.003418603834380432,0.21236834796436102,0.028645163037241832,0.001601408529588036,0.0004954686381469867,0.023322317696931334,0.024630886108823337,0.07550461042328109,0.005695459439042164
IL_0262469,0.4164513780840052,0.02654131980977742,0.0038269585476346526,0.4761594853577051,0.0004196510473392929,0.004023764847547843,0.0007528620489201445,0.055847253706917545,0.013677789784304742,0.0022438839679671764,5.5652797880917066e-05
IL_0267598,0.013380498454408625,0.032552889601048365,0.00023514214752701971,0.5805052882204532,0.0039744328601064825,0.002374917680266946,0.003491264394585034,0.035417575336951446,0.29884400116654697,0.029040691016334615,0.00018329912177116167
IL_0312376,0.06782508077233097,0.6171619813625957,0.011344114207577914,0.15076177835067803,0.004960388150490694,0.020920861844938892,0.0008088835852697146,0.012614179373455475,0.005202919260765784,0.09206033800704502,0.01633947508485162
IL_0331012,0.24862334760579935,0.5245759981710683,0.001215417721421167,0.14395143321499695,0.004964134998688483,0.001979286629352949,0.0003429659692518229,0.009721154885516762,0.048470964075945235,0.015972343037790115,0.0001829536901688529
IL_0344325,0.13096893094885562,0.458396780559448,0.033130576327554444,0.13399547040264725,0.020913602226913953,0.12109221535787161,0.011854829239052747,0.04583259183652103,0.026300756788091146,0.01713507384460949,0.00037917246843463396
IL_0403731,0.1939271339439042,0.023407171466845598,1.831729730452506e-05,0.09816291495882258,0.000769579480390221,8.591535132893416e-05,9.698694794681147e-05,0.0004082312028586118,0.0012544297264050945,0.6817989027769422,7.041684725124866e-05
IL_0404181,0.07070086182134047,0.6859243159648406,0.00013531657910699035,0.20283694250146714,0.0012501657573630383,0.00022628677560580015,0.00020376719897624392,0.007913938334613997,0.006762302279336866,0.024002806334791755,4.329645255709615e-05
IL_0465184,0.05721771074827843,0.7080445166121649,0.0008822447783575186,0.19776045602965026,0.0026013375718140744,0.0003310439166775337,0.0004472198823270397,0.012016092994051614,0.01138982838658688,0.009095803817776851,0.00021374526231504294
IL_0492696,0.00018344417493965315,0.0007097528639366705,0.0008391647696444367,0.011710310965536075,0.0004918749593953678,6.094958875777531e-05,1.3243387701792273e-05,0.17149814292430435,0.8142917258602311,2.2653294691795825e-05,0.00017873721086100934
IL_0560781,0.01787161951529003,0.048702764005076386,0.036382919669777886,0.38323719130173756,0.019562269240419063,0.017133929025099245,0.0013597803862160117,0.3964089193240806,0.07175069324085676,0.001472854069693708,0.006117060221752809
IL_0575017,0.029342804086785274,0.2015750333590085,0.00616950542498535,0.29509131343338746,0.10814691316463924,0.005967382898272826,0.0007984813596441717,0.09355278957748342,0.24154738105827012,0.013691283585036441,0.004117112052487063
IL_0578791,0.016707120399014307,0.5051102597702203,0.016459609207821826,0.045112860254788285,0.08990245575250365,0.12106643267543546,0.009301564814168,0.06390845859451026,0.061466044826476204,0.04840039644479302,0.02256479726026879
IL_0611781,0.07434982512491631,0.7396672728940513,0.010426309897281995,0.02746787329466178,0.001696433807180235,0.001477410825353805,0.0013609833651665457,0.0436560766725708,0.08113991975612325,0.00983879206917594,0.008919102293518067
IL_0649132,0.022306053911898195,0.2629550313128569,0.0027630906843172567,0.5633733853292031,0.009635704650592818,0.003427898022365889,0.00017352447350978218,0.014365100124361093,0.014077784306725257,0.10582587897003273,0.0010965482141369813
IL_0704269,0.1502502204714024,0.1203308219365971,0.00010771539508683118,0.08541789251375723,0.000309761538293251,6.0218354324326856e-05,0.00015445441324736476,0.0017248888537125685,0.0009418099223461163,0.6404730737172835,0.00022914288394942074
IL_0718371,0.038343495516321636,0.019748206909274837,0.0003948423483023449,0.04725641606765167,0.00016523980598690978,0.0011401978196510924,6.920971472642975e-05,0.00042058858799245237,0.0009078104698878788,0.8914184202665524,0.00013557249365237205
IL_0721442,0.011961762622709716,0.01364209501188492,1.4679535286219583e-05,0.07191171039614312,0.00010278738977009946,1.5845653377536335e-05,6.057486024564713e-05,0.00015149410429880986,0.00036703553991687015,0.9016971155081757,7.489937819140571e-05
IL_0754056,0.1699930020609758,0.5100417312790548,0.0006985272507929129,0.22171296962455952,0.001220591360425271,0.0002964344510068924,0.00015049118204799424,0.008124620868830888,0.023050767521027134,0.06451255301188696,0.00019831138939171473
IL_0808321,0.034955739864688015,0.020891917354565172,0.018890993409471465,0.12049792676949958,0.022986713355294088,0.01822255136570917,0.002818546000106549,0.3642860374435513,0.39499894381833156,0.000612946467820632,0.0008376841509624162
IL_0854378,0.22227311441073655,0.06289083674623133,0.0007968935849881175,0.22989061076474263,0.0006116789908142641,0.0009496097586165896,9.64418053701604e-05,0.0017021250990374153,0.009933243848488317,0.46831769335093115,0.002537751640043461
IL_0895462,0.025792505012858447,0.4063402621478875,0.000278301969811495,0.34230638325175583,0.0067570570102107866,0.0004728807633864397,0.00032212586039813846,0.009893847907841256,0.003409658266973994,0.19713754285087107,0.007289434958005009
IL_0928130,0.16365657356372354,0.11404771280377521,0.007663185628844748,0.5401303971411731,0.013956978399002574,0.0024017415623894985,0.006485623403193027,0.07094644644248399,0.06330420867869403,0.015034253172846684,0.002372879203873806
IL_0977585,0.02500269654179441,0.046875669488427675,0.00018371262505525104,0.28224349760815565,0.00011513447527257477,7.198109978288222e-05,7.190654463288743e-05,0.001344508314163462,0.0023538646413746958,0.6416139084112475,0.00012312025009306244
IL_0977986,0.00687971016016684,0.8961843836565555,0.0009828858996810217,0.05518991712555619,0.0053806122179483875,0.00033898305048996394,0.000273738232570807,0.009592397257949008,0.01389805053597113,0.010093919159410634,0.0011854027037006406
IL_0996202,0.006707381037758156,0.024998206584265898,0.0021392093274692613,0.03643866269045312,0.011509587131065972,0.0004447284430748048,0.001877833668715512,0.35881003557023483,0.5559873187230719,0.00018367247250570103,0.0009033643513847896
IL_1009731,0.10666401921243013,0.17327549565329647,0.0013723167093772474,0.11777547096813754,0.003368016386193566,0.0038519434033349458,0.00016357632956131375,0.0020856013452739,0.004912699891794683,0.5800768847688391,0.0064539753317611305
IL_1011664,0.0487067405219546,0.12791495653937662,0.06916218469160933,0.1014086329344066,0.0015208840815065388,0.0008248187436181061,0.001770701456936419,0.510012881999661,0.1270021099379989,0.004871793221067289,0.006804295871864566
IL_1020124,0.08592232422705048,0.28603647187794884,0.030164839357133093,0.07848450489210217,0.007222492330363833,0.19587865158053594,0.0014373779663385377,0.2116380603374952,0.044473302756058805,0.03560349559201575,0.02313847908295745
IL_1024284,0.09504672200623268,0.12343779469080889,0.000400329575271965,0.011412171331307149,0.0002769125976654388,0.0009049574176392779,0.00017560926075665378,0.0007266631701034595,0.0004324578555184053,0.7666480640375788,0.0005383180571173362
IL_1024365,0.3970375367253995,0.16005120954861826,0.0002210321891311644,0.20536339778598722,0.0026589054803939902,0.0010707690975311373,0.0013726145396915084,0.017070292378559115,0.008863107307236846,0.20610955529418995,0.00018157965326133702
IL_1080907,0.09377224648285212,0.7343404428394915,0.0007740875804466427,0.10981405183926277,0.010840129863654159,0.0007641560460306561,0.0004687726165101066,0.006953497715504425,0.009157686695755696,0.0326317326573338,0.0004831956631582197
IL_1159502,0.08254713756347332,0.6957877834520053,0.0001742041176650553,0.1850374513797231,0.0011586516713210568,0.0003081887312561639,0.007297121003402276,0.006237423827566642,0.002547789623450341,0.01864695214479487,0.0002572964853418345
IL_1183203,0.2353463729246616,0.10881457033510943,0.00137830035311707,0.07091688405244702,0.0005551782300652032,0.0030737433528851754,0.0005370189922289303,0.0028595343236676547,0.0009655078178355749,0.5754865591940383,6.633042394400109e-05
IL_1236220,0.006563321359706154,0.054675006633454,0.0002868062409860417,0.06107642466760381,0.0002301876941253518,0.00010147925612743448,7.063538313869799e-05,0.0006543682392093744,0.0003874536382900354,0.8758115876631755,0.0001427292241836619
IL_1246958,0.003846842842718896,0.047844997057212416,0.03461045973213539,0.021251371188924978,0.2588429240937211,0.20678965020637566,0.0043462004705701225,0.0781103088627899,0.2896919289582668,0.005101008408610652,0.04956430817867404
IL_1248470,0.02102216371780656,0.06757420114222219,0.0006448741019027326,0.17647652765676505,0.00408687101702083,0.004374734788345299,0.0022024253257280644,0.5950363590960757,0.12512058207392385,0.0028242019257775012,0.0006370591544321998
IL_1266003,0.001687138153776506,0.023374618404341473,0.0011612240042163998,0.19486568305334903,0.0011832585004807924,0.00041696321192498034,0.00016336544952984976,0.3863484941864465,0.38605526114107763,0.0011087492404952904,0.003635244654361491
IL_1298091,0.13872662171651734,0.4861811388540438,0.002056942390305793,0.21008775315297043,0.030302575209085685,0.020212921460604,0.0011094168393453408,0.01675827595238531,0.024405126652812158,0.06357249281207887,0.006586734959851362
IL_1418346,0.1182483936248524,0.3223217759743378,0.00013124111459848355,0.050338912227204796,0.00021640417884252942,6.742783180051875e-05,0.00010909712291342979,0.0014347281387719285,0.0010697978209966274,0.5057682825821098,0.00029393938357167025
IL_1420891,0.00020460154905470684,0.001272703591783779,0.00296866891067632,0.0016254769471472194,0.0005435673705231428,0.00026927853051785227,0.0002581662479310879,0.055024231438604146,0.9363406225396871,5.733859931839758e-05,0.001435344274756437
IL_1431089,0.032412638170868716,0.6233542646831078,0.001208765283742724,0.030026079381891096,0.016696977486256613,0.003232913499991503,0.0015564695284593275,0.02127403880736798,0.014749097812548798,0.2396466079491833,0.01584214739658203
IL_1450991,0.06002843292815913,0.18218041372927218,7.659475775347265e-05,0.03603245521492566,0.0014733380818398964,0.0006743289323080562,0.00015015785310129457,0.0011287970173972472,0.0010213466561605242,0.716758136465964,0.0004759983631184044
IL_1497560,0.022158327190887013,0.3672567632775159,0.0018527826084700973,0.5518189620200138,0.005017368719425894,0.0005480627727163576,0.00014831928386316355,0.010652835502117954,0.036617593063499085,0.0031415728558219004,0.0007874127056687467
IL_1502550,0.02811994698023164,0.38862742479609486,0.04243237611745801,0.07454045568334104,0.144766673398988,0.04100475302484157,0.0016185053390077833,0.13350583546265984,0.1011825461298185,0.017922584935086732,0.02627889813247193
IL_1515580,0.15227563133318164,0.508857820418362,0.01605522085525125,0.08395306186379849,0.006156801809908583,0.010552553484012645,0.000835130310499536,0.05771850167987344,0.016076026710920944,0.14360683194095444,0.003912419593237023
IL_1562660,0.028907033732238796,0.6990549595477737,0.013962486129889979,0.05186676112179602,0.004559258345836504,0.07821434632489759,0.00019174947863023192,0.019646206722707553,0.04558828580156075,0.03256721618930994,0.025441696605359075
IL_1574123,0.12260576884093184,0.04916453759878163,0.0014758722657222418,0.18141566605401468,0.0020460668066297726,0.0002230900862843531,0.0007507391269308575,0.5259951626392891,0.11406775461873961,0.00185721296672911,0.0003981289959467586
IL_1619785,0.0008457539856337062,0.002618919794871795,0.007128778770671122,0.02294316964809966,0.001484641242825113,0.00036040813502799247,7.702573432982114e-05,0.8810476978792116,0.0830302725840034,8.095003716978793e-05,0.0003823821881561202
IL_1633612,0.18998110070021368,0.07205499048548021,7.604153441699351e-05,0.10193351097929344,0.001285941773717918,0.0003309935331770238,9.146680431246873e-05,0.0004853595006978374,0.0003668075252641148,0.6327207398801867,0.0006730472832395818
IL_1641818,0.20086132963557027,0.07130662775977475,0.0027320268559875606,0.35363158555126484,0.0008789025458187342,0.0032223661520697946,0.0022274658282616985,0.3257993487681411,0.03298297669277755,0.006234567999524987,0.00012280221080871714
IL_1643221,0.18605914655148353,0.17324880626938943,0.003966929645164326,0.224119164985227,0.00017740435608061845,0.002400033433486795,0.00012535866354334603,0.013810516981951175,0.004138904712835074,0.3912629398499136,0.0006907945509251834
IL_1664752,0.06863767578958092,0.20794248338327576,0.001037686608379765,0.08346429912001402,0.0010716895884456052,0.010535397811874262,0.0005280685283475349,0.0018333984563631892,0.0033149251059301013,0.6145108130150261,0.007123562592762828
IL_1681515,0.229837157306728,0.21492885103533002,0.0001642673012661645,0.17989223670531057,0.00033460156673025367,0.00020631922597649143,0.00020762679874531954,0.003991726972487975,0.0012717016380509494,0.36798014839303494,0.0011853630563393672
IL_1688338,0.07320502006767829,0.541047632186822,0.002068135254524319,0.1346549526616489,0.010678918063773708,0.02133898412594372,0.0007229214915368329,0.05658369686230708,0.030365994407818186,0.038561800558947576,0.09077194431899956
IL_1706933,0.37266346402515327,0.433083517621338,0.001453834156512787,0.08154217387216102,0.003800173679869704,0.011980321181136469,0.00034960333518823186,0.01490728761247279,0.010940390217142907,0.06705418252226111,0.002225051776763676
IL_1860067,0.026371605076649297,0.6062361966783143,0.0003727101596958927,0.3277696349794441,0.0017841032052556434,0.0018569212508949089,0.00013813609673195298,0.007436952897600997,0.011620999469813873,0.01638492158271848,2.781860288067919e-05
IL_1884002,0.04244901292807372,0.32211836105203595,0.00656966417919146,0.5225936361464708,0.007373810916913962,0.0055553222753929425,0.00041382147048746743,0.03644148397750667,0.027325550931068667,0.02551369477022702,0.003645641352631397
IL_1897663,0.0433973526501686,0.013524469423232098,4.955253225205384e-05,0.042737384471483196,0.0001492263949060589,1.2573665456825227e-05,9.299785513223322e-05,0.001042121995262857,0.0005071648559774076,0.8984216436471719,6.5512508956691e-05
IL_1901178,0.3892284154217086,0.12591765249052292,0.0007163887828698557,0.26707812488138305,0.017569301692316346,0.002781793588862269,0.000381993708319975,0.002313212501220532,0.007963079977424613,0.1842553746343873,0.001794662320984509
IL_1935222,0.2780277659634058,0.512997923329674,0.0038481446376448848,0.08567593355368487,0.0009927796173299177,0.0066083632944681035,0.00035058874740069443,0.0034926585335008833,0.0021785501364802637,0.10291429136198295,0.0029130008244278222
IL_1968737,0.013589606097291795,0.08495872420856111,0.03545600174131723,0.013846893745405865,0.29339323357892544,0.1074796671518553,0.001149187225060607,0.0770444996544909,0.3029141164797014,0.017448982180961387,0.052719087936428925
IL_1976391,0.00047006917675255773,0.001796579658696283,0.0015967260658230264,0.030412500241381788,0.003516252653169382,0.00012057390187306177,3.744998702649024e-05,0.5287944847262522,0.4329781645205581,6.22122137079857e-05,0.00021498685475899003
IL_2021485,0.04570500190942877,0.021317658416834726,0.00014658695164070865,0.012919324400366965,9.454870256419659e-05,0.00021591106016941145,0.00012611006594624363,0.000811841895563541,0.0007660185987287071,0.9178201444603732,7.685353838359425e-05
IL_2031231,0.027795274415883302,0.6998327254700105,0.0007759914807725161,0.0395274864836813,0.007625607260247606,0.0014748780610690203,0.0006325876617012444,0.00497799602893183,0.012110372231453389,0.20291111939656656,0.00233596150968268
IL_2042306,0.0015356511336975264,0.021594984769394,0.04297578181745008,0.04096976912442029,0.058921052717711496,0.0019894399910034863,0.002876249637981426,0.10464045540816941,0.706977854378037,0.0003191690374268735,0.01719959198470866
IL_2057670,0.012375765776731378,0.08276643355785172,0.0011851261605497524,0.1382216772913183,0.0008185116908230606,8.688930452513157e-05,0.000254441878931624,0.004036559292858993,0.0024679980012701887,0.7570258193303315,0.0007607777148081384
IL_2058271,0.26361336667320867,0.3483679952314326,0.00368545994317634,0.3194248289675369,0.0016154957566969638,0.0015323197625849026,0.00034587891936369903,0.02045996686050369,0.015152728788989859,0.025184121237499864,0.0006178378590064381
IL_2068901,0.8667922242019924,0.010477811232882016,0.011385067064559013,0.07751465659569362,0.0011881394921793426,0.0006681876514603093,0.00019908455296612786,0.023062890111602397,0.0060750055011546756,0.0025485941171419033,8.83394783681059e-05
IL_2076993,0.0972180577209159,0.17788835363798547,0.0008571425323069755,0.43421467097294797,0.00032382220223944115,0.0006360936105238869,0.0002176560703775425,0.001838731086806967,0.0056627366089281195,0.2801813340865819,0.0009614014703858866
IL_2078226,0.08955504644671311,0.07208326854417842,0.002385602218091578,0.5947192363720807,0.002183857862111701,0.0003090483779515374,0.0006568229893197173,0.14220532217856746,0.07929244370884996,0.014439736546764606,0.0021696147553711604
IL_2081710,0.00013875550281776663,0.0012153368191123077,0.00035722216090930425,0.008026634093026617,0.0004661111511265508,0.0006226019657187534,3.2076364088070554e-05,0.05001151262400144,0.938516608371195,7.55878519932141e-05,0.0005375530960110125
IL_2085556,0.2878706705328747,0.4665020772641844,0.0025265825348947586,0.1475686153797234,0.0006158527320852527,0.002376811349554569,8.10035736975583e-05,0.016589158458491484,0.020165639769710798,0.055275934725376494,0.0004276536794067341
IL_2090864,0.2972907638488364,0.32569357187715714,0.0003120016336371423,0.31613501090862367,0.0049863913847230535,0.00013811217028704352,0.0007079053420147054,0.01155110960358405,0.008072486775136563,0.03464969634078832,0.00046295011521207464
IL_2144290,0.00014972955943558377,0.0014334771588013064,0.0074914980938471385,0.006664392975738242,0.0012547160384679295,0.00013533726759050755,2.3719322962953006e-05,0.14426823535813954,0.8385113042060904,2.0738503755522482e-05,4.685151517077334e-05
IL_2157015,0.5273560353008586,0.16892858366874458,0.00034381649175511286,0.14402345279101295,0.0019576560020126794,0.0022490053089828,0.0004461627973114273,0.005133093629010753,0.0021745121103171707,0.14703971519007716,0.00034796670991677067
IL_2190574,0.08309809749901742,0.5439805196986978,0.0035436724501437815,0.014532248134327035,0.001630376667143571,0.0027906999809249496,0.0002826640525365897,0.0054380988114710906,0.01170421838327749,0.3318138835340117,0.0011855207884485734
IL_2207792,0.005284286745459439,0.012680549595694958,0.015149110746155992,0.03162960788301547,0.0022199587402598276,0.001200980934870702,0.00045715424324121155,0.12195891844792489,0.8079825399454832,0.001111709163429665,0.00032518355446464807
IL_2254004,0.3082946195800301,0.39405148152674374,0.00023044489210678417,0.2106244911805644,0.0012536838454136055,0.0035844665971388376,0.00016351422910941858,0.005002229318612205,0.02324060420308321,0.05337260776108362,0.00018185686611414177
IL_2274232,0.07847829319279556,0.42211737181444986,0.00038836525714150665,0.41637957576858514,0.002290482092883443,0.0022671287480889434,0.00015809044895357763,0.022987570052858335,0.01681597980646605,0.03714732272678823,0.0009698200909892514
IL_2283965,0.03277056975351511,0.011279717703559677,6.359473806661695e-06,0.06376188537019735,3.9604454832888836e-05,1.6708009035502483e-05,5.730048397865699e-05,9.951104059217966e-05,0.00020224727707876135,0.8917340425054905,3.205392791255109e-05
IL_2330498,0.4345765171979835,0.11829261641692337,0.0005064667434772213,0.22097114313539418,0.0009734129638506848,0.0011753369958717222,0.0013196198435891694,0.012151727686064526,0.01640277278160738,0.1935171701449219,0.00011321609031636415
IL_2354191,0.0024264999559825817,0.007001229720954587,0.006058689137478216,0.06688267673695493,0.006183151169747889,0.002524480049919533,0.00038394806388011507,0.2641642451451126,0.6432364374095167,0.00019738737690321202,0.0009412552335495642
IL_2424578,6.352830434987358e-05,0.0014189979584952432,5.7879937312049996e-05,0.003740826365316547,0.00030660763225612433,6.939698583641977e-05,2.1394357829113042e-05,0.05822221919263051,0.9360382747549989,1.2144987974399813e-05,4.8729523000873296e-05
IL_2440740,0.00016711431069437938,0.0024506613273067956,0.00018868889880930694,0.0076127986515980755,0.001735421463633112,0.000294497045304004,4.331825814628182e-05,0.08825070343426909,0.8979790596249582,4.972224828135563e-05,0.001228014736999478
IL_2451306,0.023589675188579295,0.28310034181499183,0.029337416163876348,0.06214551437561555,0.04625481473503335,0.08169149025633742,0.0006766182194851369,0.06665920934474327,0.20704297987792883,0.016131482334949526,0.18337045768845947
IL_2508459,0.0007630935183554164,0.0033739865398828527,0.007138721889038194,0.03024074838216665,0.00016237168873067576,0.00010202687974916517,3.484892723110849e-05,0.9514748635939373,0.006300506878951702,0.00017361813398381306,0.0002352135679730822
IL_2512501,0.7566346420079241,0.029933956710086945,0.005743136643893912,0.15348340841379152,0.000819186783731707,0.0013162971634524804,9.885167078840608e-05,0.04761957086262489,0.0020362910573085576,0.002087157567286034,0.0002275011191115417
IL_2520283,0.3432785222656097,0.06913964802272217,0.005828886593700803,0.026302245226045184,0.0006776887006042534,0.0007221449698601984,0.0002092803191328106,0.010897304036198622,0.002402713485346558,0.540188095208668,0.0003534711721116836
IL_2532113,0.22387458613078742,0.4146576360483905,0.002035018050999592,0.09627099268364783,0.00031503277437313503,0.006045042087953634,0.00019084756033001027,0.011293110843184486,0.005303447972035081,0.23978709688547575,0.00022718896282237456
IL_2541202,0.2960795187456641,0.31045651445230554,0.005045064973333132,0.11607773887828424,0.03698199203001166,0.01144868832522579,0.0017450245503618502,0.04493479122533059,0.03470884354792948,0.13082824633645393,0.011693576935099533
IL_2542731,0.0034940976393682374,0.0165757425431621,0.004153160423148322,0.05723070575921855,0.005010614462309354,0.00027147484413781386,0.001835704195255644,0.5651594282576311,0.3440972903151824,0.0002511026966049005,0.0019206788639814314
IL_2564178,0.024469750425139263,0.1728630941490325,0.0013722609617634874,0.009154124634474167,0.000339632124938408,0.0008104802930505418,0.0013629061590466505,0.005928152601470555,0.003725536266580295,0.7783826147688011,0.0015914476157031043
IL_2579528,0.16681394487220788,0.02266439575873549,0.017326949772203223,0.25485502083584066,0.0003871628679559053,0.0008695493522661097,0.00015086361364968762,0.522689791593962,0.013607502864744431,0.0005922428951646837,4.257557326990508e-05
IL_2580737,0.2323054455660905,0.6009781678439663,0.0001271475050073908,0.11663681983929669,0.002515755721508881,0.00045927838745372945,4.7126970326827415e-05,0.0029104583376558884,0.004007189235653764,0.039600873770789934,0.0004117368222499247
IL_2620364,0.14985735956030694,0.1015248560425783,0.0007810153588039304,0.7048450192534734,0.0010322649766971296,0.00033939119757735777,0.0002660773037850453,0.03131634680120025,0.008617620367859343,0.0012891064108221406,0.00013094272689624713
IL_2631882,0.30932906682458206,0.3190326840728379,0.0008603291235857331,0.1802078619497082,0.008489410672812867,0.0004529122936078171,0.000757690195149495,0.08308030648474016,0.023394919758370377,0.07264381135484803,0.0017510072697572584
IL_2632245,0.04575639382405977,0.05551712452973629,0.00031008866935246346,0.5526769119926432,0.015687934472016364,0.0018460440642972975,0.0004660860312507907,0.005599673647624897,0.012317766990577187,0.30912406869912007,0.0006979070793216071
IL_2667257,0.028072250556602438,0.7392657426405577,0.0007753659204649731,0.08799773581712052,0.012126548135170109,0.0008724075384196663,0.002497450222756089,0.0370208921658498,0.0777263865703043,0.01218127142406042,0.0014639490086938644
IL_2673683,0.4014452849954839,0.13907098219272515,0.0002684122399454944,0.08786622394115277,0.01167910714819471,0.0009720923673501537,0.00020460131831617637,0.0030318720497682413,0.002333436564395731,0.3509909027380842,0.002137084444583701
IL_2695389,0.05160701221635638,0.8354495723469233,0.005654046251431702,0.030965875551141518,0.008835727867624025,0.0024798370642480955,0.00046001677773380953,0.008951976953603502,0.02924210977662612,0.025159088842209517,0.0011947363521023129
IL_2697064,0.08537118000943483,0.2994865668644097,0.004445231693707924,0.1649196732236162,0.015282420220629348,0.0009307232504521979,0.0299938994864064,0.30211399760155333,0.02932747263577477,0.061756947526650556,0.00637188748736452
IL_2701771,0.027515877024950928,0.3829297419664821,0.01927971849172544,0.19703659413120697,0.020641717662142435,0.10113417676112316,0.0004623306552421145,0.05313601743502375,0.10711030567082319,0.021570653144541964,0.06918286705673794
IL_2713699,0.4137809480763745,0.18823462102895241,0.0009629296904705186,0.32400601888428116,0.0017195670466828993,0.013735918360071415,0.00016179231292763816,0.010001594690109266,0.008163991260343156,0.03738616146289327,0.0018464571868937571
IL_2726821,0.21051806359279251,0.48086019556136245,0.001284287879042574,0.26878654990547735,0.0007252262852816276,0.0059587173736892615,0.0006560486759006214,0.016258138926349964,0.0027482563934641676,0.012115886451243313,8.862895539598142e-05
IL_2729600,0.11626622721789498,0.38419102308884917,0.002388599862527115,0.22745552417965334,0.022276987433825345,0.0011521692387935023,0.03336443616001022,0.03308610109167356,0.15132864816404368,0.027768485259391813,0.0007217983033372154
IL_2741580,0.11294217644233488,0.40820005248394337,0.0003625896545501339,0.027216096312544673,0.0013290163796241964,0.0006634038915619882,0.0005936410958929611,0.0021539686122657464,0.0009341415095133504,0.4421154378528793,0.0034894757648895273
IL_2778741,0.20433279457628842,0.3230834041687656,0.002217791615475266,0.2767494856646335,0.04187665252661979,0.023127019213442106,0.0020296359022758913,0.052461552676152885,0.015495898466758098,0.05831718028783713,0.00030858490175127547
IL_2784674,0.026186532555301692,0.12846827133172356,0.00015578114532384087,0.09511775734079164,0.00025462470001436674,3.988428839526165e-05,7.938487514221145e-05,0.0017845853243443428,0.0009235308731760038,0.7467818515391782,0.0002077960266088068
IL_2788623,0.3180554059262889,0.2251885769175894,0.008577556892319173,0.16572306695272465,0.014203923235830113,0.02618699741387356,0.0016223678631370753,0.17408721701110552,0.030260595596044968,0.030274407607079445,0.005819884584007177
IL_2824067,0.10280727544664461,0.27693367224114757,0.0024581391761506976,0.3329120686560746,0.0040854184237217395,0.0011044604047711713,0.0007030416540460501,0.00967176764449145,0.047601931960852446,0.21824394707349282,0.0034782773186068463
IL_2840498,0.11266546204296306,0.5373692586354835,0.0012429105904898973,0.18151653269796425,0.020345497998255736,0.002749291922913258,0.0004178305595320579,0.04124123081529468,0.09076101258023116,0.0094571905297052,0.0022337816271672008
IL_2844654,0.013891536446668339,0.01594052688444167,0.003674401211086379,0.09321604835948737,0.004846544572887435,0.0016869386072691963,0.004701832186735402,0.4482963326804643,0.4120383081204566,0.0009593474998146186,0.0007481834306885651
IL_2849392,0.058558567359936496,0.27907355703071635,0.005717877571598144,0.2952461014532983,0.03933859413141062,0.0018990737720002012,0.0008685881199447319,0.19425958249731204,0.07859997893545616,0.028706768723356837,0.017731310404970124
IL_2851462,0.0980930561346194,0.03583523335774143,0.015549164284240925,0.5682695557866829,0.0010296712900168552,0.0009471557959003723,0.0006860566092378708,0.2609145224959653,0.010878102791662733,0.006756994210233235,0.001040487243699068
IL_2921273,0.15338496968020823,0.008893699721599892,0.006075321317792472,0.41801499286092686,0.001358539820016251,0.0003133793132296635,0.00019185997324342913,0.37234385151172666,0.03727048597394663,0.0014832867910645746,0.0006696130362452219
IL_2936438,0.06806856383291647,0.5469257446213536,0.0005053157706087851,0.31734287849100945,0.0012383963554557947,0.005694950259434219,0.0003330424170112649,0.008194142105668541,0.041190979787421006,0.010145159488940517,0.0003608268701803041
IL_2947403,0.025925833772411123,0.5888455295250351,0.008939185196279772,0.18283274449994677,0.0036723251827216414,0.09291097310631832,0.00025851237908590993,0.018638298860086732,0.015149706510853424,0.05403159838105715,0.008795292586204005
IL_2978149,0.0004778858604677395,0.0017296963348438922,0.0036622888482494087,0.013967179188609482,0.0032147081755843168,0.001057857600932612,0.00014129386233534865,0.42554162328947004,0.5500078487852446,4.9755814691497336e-05,0.00014986223957111084
IL_2996774,0.23587227264975902,0.4158164956224983,0.0014123730399761534,0.13658434614193782,0.004722598241878558,0.0025082260691187143,0.00653360773137266,0.13948965233949806,0.020274960139605832,0.03614101919666845,0.0006444488276865062
IL_3007459,0.04702766291801215,0.025835599764273905,0.0002151851192590669,0.33167331455878685,0.00033239023748803,6.425384228992426e-05,7.577102226887844e-05,0.004544022974227845,0.003395075583127987,0.5866635259677445,0.00017319801252079604
IL_3061357,0.10964821981255662,0.29721974559013986,0.008132137849157488,0.24055827924280232,0.000851675699168558,0.0005655379165916226,0.0011647092928500473,0.32767983113268573,0.00684554157854615,0.006659186611709007,0.0006751352737923963
IL_3076877,0.1687836499205285,0.42694992142570193,0.0009436916962001469,0.16977746017693693,0.0004013698634674951,0.0023243632830052623,0.0002093359735432544,0.005669516077069492,0.005937010501130959,0.21822374780515,0.0007799332772663014
IL_3084993,0.10699495347673292,0.3072580196671138,0.03983455357694963,0.11676245440264722,0.0461521594534303,0.07786574043370649,0.0029590636021368352,0.1263710632147297,0.16533880079989227,0.00990955614930787,0.0005536352233529279
IL_3109240,0.06641834409935368,0.07433965550075196,7.875729386313706e-05,0.053513095872095955,7.138089610538183e-05,2.8827678426558225e-05,6.148088420979703e-05,0.0008116114475929515,0.0008632622289788518,0.8037660941008413,4.748999778037e-05
IL_3124812,0.16614949102852983,0.44456459931453435,0.0035043829470536485,0.2672947761584763,0.001525941407067021,0.0018303787431790239,0.003705962614619598,0.029589720428728403,0.020557348317097483,0.05410938620140478,0.007168012839309718
IL_3127619,0.0771026913728113,0.6665599940671658,0.000829154271474297,0.20694058039718097,0.003810123630850754,0.003400089474552415,0.0008404243140761497,0.01531130348609632,0.00324980101814223,0.018403720843416068,0.003552117124233616
IL_3149454,0.14993874326405748,0.7562968394026497,0.0010062861017512087,0.03838379273600877,0.012173727094571535,0.002539769650456566,0.00038354209837371977,0.01220171825328661,0.013514436710254337,0.013108115713704157,0.00045302897488608404
IL_3153787,0.012101501646691031,0.0978579792313906,0.21683794515454644,0.14302178200359858,0.027456451061085876,0.17248827119163854,0.002119781993831749,0.19272876768943012,0.04407559704878855,0.002538003324328551,0.08877391965466981
IL_3156984,0.0005470487633180168,0.0016138571276402822,0.0032947766429177626,0.018552079362617352,0.0014784624558228086,0.00015619290631031487,3.863486835454286e-05,0.6878089579607461,0.28630419930698636,5.643367610373404e-05,0.00014935692918276687
IL_3200972,0.00630518826711861,0.023155649410747322,0.006108949611638009,0.03468574349063227,0.0016177163019937717,0.001908306201330156,0.0024105815320416887,0.15543045245731343,0.7676245772756312,0.00021641456003278355,0.0005364208915208825
IL_3206011,0.00011694995558731828,0.002352310713799711,0.002159438334770576,0.006070783915746923,0.0014699709125841644,0.0003538414235351524,0.00015832611842807242,0.029182864658350776,0.9572008113988272,4.964131957831237e-05,0.0008850612487916619
IL_3245297,0.016857323879306278,0.024564898504560242,7.384469773094864e-05,0.22254283861082813,0.0006930726307789828,0.00014681131687346207,6.482491606180255e-05,0.0006772142335436518,0.0009303145873893774,0.7332487805360831,0.00020007608684388607
IL_3275405,0.10302608738356082,0.22574505842226242,0.0017123371007884253,0.1650726267424599,0.07244412967778369,0.011908615203118613,0.0023514205226487232,0.04929871736351446,0.02359146326473621,0.28670992746454643,0.05813961685458031
IL_3278464,0.13362909546871712,0.10219698000741001,0.00022012867062639813,0.12433077416513486,0.0002543486923813389,7.274033256766644e-05,0.00014031958798998553,0.0006822651194779249,0.0006879935463260618,0.6373003261489064,0.00048502826046214575
IL_3286203,0.04811418106823255,0.022837412103180937,0.00042118360698255596,0.018839392334954696,7.131847800571088e-05,0.00045267020584789446,7.494436210562633e-05,0.0010559380003835005,0.0012350466094235685,0.9067605807997134,0.00013733243116955903
IL_3304841,0.0027941779267472698,0.010026438518585415,4.25026575090335e-05,0.01736262421324854,4.147504048339521e-05,2.3137361881046856e-05,2.7460257888527866e-05,0.00014408530385529706,0.00015533465628140284,0.9693220989190672,6.066514445297503e-05
IL_3328321,0.10798019734184086,0.04075807930090307,9.97823193708231e-05,0.056190481281156515,0.0005336711550483571,0.00010648144711863653,0.00019161962979778412,0.0004720665929137906,0.00041053362589002604,0.7929668946833085,0.00029019262265143593
IL_3355205,0.1504732376194777,0.34516725873832727,0.00639229544262173,0.332890418011543,0.01989478551011895,0.004489277506293706,0.005347344435845086,0.023751333719490033,0.019737885670643957,0.09032223266529248,0.0015339306803458933
IL_3383918,0.23607523487167287,0.11743314166474039,0.0006677628732453325,0.4454135487095293,0.00040971878642901685,0.00016203195683912297,0.0003927551041054622,0.10221982434587118,0.007153520572004092,0.08867995391721686,0.0013925071983463032
IL_3405674,0.2241828294600486,0.06799248647175164,9.738405775262378e-05,0.07778345153241883,0.0009304981395640065,0.0002401156892150594,0.0002657465217846385,0.0010572921267103794,0.0004141925734643968,0.6265444803392507,0.0004915230880392006
IL_3416109,0.08322471209762605,0.047267966059362794,0.0002447290424666299,0.27817387293593526,0.0008958490526152563,0.00010406209274360473,0.0006673271689545964,0.05480217316968727,0.023333977509260844,0.5109621036265399,0.000323227244807859
IL_3417042,0.39787160011740436,0.29934955634989263,0.001132119527127132,0.20421779147062408,0.003549047045853612,0.0016243160543125664,0.00010766602469871548,0.009903166776064337,0.010031298944336282,0.07062630594962223,0.0015871317400640611
IL_3475314,0.05497348753963182,0.029370541076836083,0.00013180856117046908,0.19527926702258236,0.000501061298503992,0.0001684996560521904,0.00019552435845005003,0.001473970163660539,0.003761658796338768,0.7138941631701793,0.00025001835659453723
IL_3502631,0.39004882945230207,0.2998305504544335,0.001674383383896442,0.128096726433697,0.000936103174874084,0.0002381040966674701,0.001007668521329929,0.049203281909727656,0.004880798421823902,0.12060986664859023,0.0034736875026574786
IL_3512099,0.07504176989591628,0.6520047846071223,0.0021835284016636643,0.2031792186513849,0.0017470482958448095,0.01589414365344867,0.00019296157158022853,0.010316112023595734,0.010909474399252363,0.026919872020763787,0.0016110864794271736
IL_3516247,0.03249884267181258,0.33743599326576784,0.014678902473425737,0.34253442182535393,0.014336820689711111,0.05889028027219939,0.00040832724589189744,0.07277384315850093,0.06098121449597735,0.032417881865538484,0.03304347203582083
IL_3525336,0.0019327427179581702,0.014315615132383747,0.0033850793123633544,0.02700908752576029,0.003915774841985427,0.00034896087905178513,0.00014812070567724015,0.25226079199983265,0.6962984905297045,7.39589072607144e-05,0.0003113774480221405
IL_3584159,0.030091319821834828,0.026591651024880335,0.0021332533138306996,0.46877320749617735,0.016459998500962716,0.007366569627979356,0.0010460225802549224,0.08197440851243601,0.36066828362237124,0.0033221981056990903,0.0015730873935736068
IL_3592184,0.04440236777065808,0.16228204057080686,0.001218999475872947,0.0534664817553803,0.004043140567645746,0.005781024718454343,0.0001395957817445445,0.005091625552856828,0.0032578037635149306,0.719639722078641,0.0006771979644243714
IL_3662013,0.06121984551857642,0.30039594626683735,0.00035796649860017686,0.20151137986146492,0.0033148395929353514,0.0003904713271125659,0.0002925473559873086,0.004006809691132488,0.002794723444916468,0.42211597744677753,0.00359949299565939
IL_3682737,0.00014162018650286457,0.001463296710207313,0.0027473709235876086,0.005297783483663627,0.0006005961812296565,9.596729081400902e-05,6.762888455549637e-05,0.06897476699466012,0.9203200458380298,1.412644446891051e-05,0.0002767970622805623
IL_3708176,0.3587473153622573,0.18502960965963658,0.001052272106283222,0.15267588712901906,0.0013475710564508595,0.013112102248924028,0.00017969880541655322,0.002665040195239075,0.0022169181809866675,0.28203759181207805,0.0009359934437085775
IL_3731984,0.105299553056368,0.26400038911698165,0.004647826359522958,0.10603311864548956,0.0014377432941468085,0.0021880184545365563,0.0014592413885634937,0.029355436201478204,0.006982355710990077,0.47718102777261934,0.0014152899993032449
IL_3743750,0.0801597406702922,0.5029523517346948,0.0008339684873568501,0.27388621245071776,0.061854405606236264,0.00043270282864541404,0.000230152389384104,0.012850846941147735,0.058976194508772804,0.003655940894750443,0.004167483488001682
IL_3769258,0.591956535764591,0.12309905257447666,0.0008633234562607078,0.15386685062939276,0.00034133239780099876,0.00016278546724255696,0.00021672093898829093,0.003238562981807952,0.006854897401609413,0.11913652177534277,0.0002634166124868474
IL_3770691,0.04545161072112287,0.4837813155207705,0.01493932405585785,0.18894004587811541,0.03360296121841628,0.011675696374802987,0.0002805364323684619,0.028154112617388125,0.04935563770511112,0.1361737936718924,0.007644965804154183
IL_3795536,0.13069300203306577,0.017480704706567225,3.2852905515954696e-05,0.08216976181489005,0.00022908133499716487,0.00011647208305806025,0.00017748846417653413,0.0005259708177837372,0.0004633846308091162,0.7679798372225121,0.00013144398662432921
IL_3825170,0.04852142724535978,0.41773865163327945,0.0005572254222951777,0.48812294240048404,0.0034452403986189703,0.00011477926073819364,0.00010567899614664045,0.007365781915897813,0.025843530513309933,0.007820794224360912,0.00036394798950922357
IL_3849919,0.018573130017813477,0.30510485312448304,0.001822297580462513,0.3786020811337888,0.028759124858573872,0.0004529336420611053,0.0003597858300255577,0.026589428745412785,0.23602496096935932,0.00237244944328672,0.0013389546547329769
IL_3863962,0.14424623949076876,0.06936451669207194,0.0005935147552227101,0.3119007571042003,0.0006390823285807581,0.0011801039631002261,0.0001297770343350744,0.0021484496372462104,0.0019097603309246455,0.46706459567740827,0.0008232029861411453
IL_3890738,0.12719579553431518,0.36817914512045874,0.005836299258864004,0.060182342934964994,0.0005158249619846038,0.0010235734045359987,0.001137604161870213,0.0209543755903579,0.00418239639667124,0.4074408144958935,0.0033518281400837326
IL_3916806,0.07967522298490394,0.7292703248546664,0.000329584647775373,0.1608559385537575,0.001358615190401364,9.117414600866212e-05,0.0006960491443041163,0.006586220477630351,0.012779344653748796,0.00831284278583827,4.468256096550148e-05
IL_3918658,0.012645663819998458,0.2764350297955867,0.00024518655402585546,0.00603814237987182,0.0006335379768053963,0.00047386134838554595,0.0010747412210186653,0.0032303468161815328,0.0022973637902214557,0.6963682833427723,0.0005578429551321898
IL_3925046,0.021441582880897078,0.02421761248811577,9.061523665711163e-05,0.07514414231660937,9.534142394635801e-05,7.045963403828658e-05,4.138486660966889e-05,0.00038089941349555255,0.0008183573811272207,0.8776243658603299,7.523849817368433e-05
IL_3944678,0.1458882325521732,0.09838328650368013,0.01841066687796011,0.5451491019416285,0.009742348578866557,0.0054219441140702495,0.0014407829899754992,0.034637141534179426,0.13348657773179415,0.006974314749355449,0.00046560242631676175
IL_3989231,0.0018085868462087275,0.010648141657448394,0.008256399597507253,0.03355433215937467,0.002885810981751962,0.016371384317462725,0.00028210570764073133,0.19157724770344037,0.7326525693206956,0.00022768527731468802,0.001735736431154965
IL_4014940,0.053157932928157944,0.7997822102614536,0.000106405008525998,0.09495795681398296,0.0029415999613601014,8.045191614846318e-05,0.00012541824647835964,0.004481735308084711,0.0035277530825258883,0.040781095491787336,5.7440981494825497e-05
IL_4030473,0.30895385232037603,0.3941680188871284,0.0037164145180386037,0.0670338843033007,0.0006872576425733381,0.01541080101204193,0.00019937715718822572,0.011756057087491799,0.06784418967529571,0.12960120264802638,0.0006289447485386613
IL_4032940,0.4547611406081331,0.3459686667901964,0.002757335539160698,0.08887184225615478,0.0013030466872687605,0.0008739041716232517,0.00015882888046216286,0.011188505853220595,0.0062358452887984655,0.08741121995325733,0.0004696639717242884
IL_4048093,0.04103560406370519,0.0688256490440184,0.00016798675114320643,0.06485258873902164,0.0012931643651957316,0.00015490857386772945,0.00011494395811457841,0.0018561383984625605,0.001186167543723295,0.820200853087242,0.000311995475505694
IL_4102420,0.2700564376260353,0.15622632262347788,0.001244977225575486,0.15473145357678947,0.00048152314851937874,0.002718645014940838,0.00010993711070236622,0.003308067171905834,0.004584926440482598,0.4057348804578024,0.0008028296037682366
IL_4113222,0.01027111661060542,0.01803903669331489,0.00011321380544391084,0.7318462707604816,0.00016317582411910577,9.441844633317887e-05,4.4542214797598126e-05,0.0031145958568629386,0.006245973646029443,0.22981384820819029,0.0002538079338216934
IL_4121028,0.08243968625304847,0.5443721592145747,0.010511323068424946,0.2293024869062416,0.0016172982520046009,0.004797813346564781,0.0009965568862942812,0.02171881519532797,0.0238266505998099,0.07848409737244302,0.0019331129052657956
IL_4137970,0.02502565818581222,0.14889576524938708,0.00015325353469235482,0.3241849221890195,0.00026859679731820025,5.1713338530212256e-05,0.00014452779603300729,0.0025504279787424153,0.0012413565401081378,0.49726244232405986,0.00022133606629701417
IL_4183780,0.10144176885750315,0.5815936151812608,0.0007773597071641185,0.21701372956653098,0.0022443909706662615,0.00809890487602172,0.0005001826508184933,0.01562721665935678,0.006716102871011263,0.05633552675674619,0.009651201902920218
IL_4205103,0.03300244813874089,0.45010890359212097,0.0004732998198356979,0.06568284174752236,0.0008042399568199884,0.0007754913088185278,0.000211992959297344,0.00749528795448824,0.0026056185963104148,0.43668429723825825,0.00215557868778725
IL_4212360,0.029931687747343342,0.5321609711050308,0.003067383349909127,0.3728185676556028,0.010843283270475339,0.006273102344148539,0.00024921152300612647,0.0114609145770225,0.011104651617527894,0.01652837192852843,0.00556185488140515
IL_4217178,0.043327249135295565,0.7740429898437047,0.0006809286318492234,0.1001206258956199,0.004315638965982267,0.000168779242767555,0.0001266953125006443,0.005670697155127322,0.05103420717411131,0.020303033351581963,0.0002091552914594812
IL_4273134,0.05619297639703405,0.26061775083965616,0.00043404978035975527,0.0731752738095684,0.0005039033802419072,9.929040150516673e-05,0.0004944361729916233,0.007066191015368192,0.0031509527357507236,0.5978193356308751,0.00044583983664893607
IL_4304678,0.12413679131867345,0.2956307441242787,0.0009052089644521578,0.024014004572963293,0.0037670002170063317,0.0015474797177016232,0.002300318030295606,0.008582002348098323,0.0010554563360401286,0.5359719592566362,0.0020890351138541994
IL_4365221,0.12035554336646434,0.6994342818895315,0.004183560534826112,0.10901293703734745,0.0031101710006599505,0.007094100586666171,0.00017392487170775033,0.0220181436309103,0.01618890355102929,0.018353867848345133,7.456568251218556e-05
IL_4377002,0.11402205243855695,0.026166818556494744,0.0004697389889012585,0.06391124314821899,0.00015390559816542482,0.0005809122928230936,3.172145473446598e-05,0.0004794792223232263,0.00235353900715654,0.7915706367787695,0.0002599525138558316
IL_4378654,0.09347889909249855,0.4534565129463798,0.0008357801565495824,0.35811518985558166,0.0007783851822491212,0.004033175248499727,0.00016867751366256883,0.015228383035388333,0.03076162681188505,0.04012406400526097,0.0030193061520446644
IL_4383984,0.04550479911164393,0.07575889858967036,0.0060383775289108025,0.3570335464977089,0.0026708915785682826,0.011207590723858565,0.0002749046164515404,0.31797710040825766,0.1817639869248279,0.000698371783099615,0.0010715322370024732
IL_4392618,0.09581337338144322,0.1666536699075545,0.0002018278973870557,0.10680492304139458,0.009845150400942648,0.0023824508427964484,0.00041601137051843054,0.0016966229109482366,0.002405954113026235,0.612810719994909,0.0009692961390795926
IL_4393410,0.1406643201401512,0.32719647225001136,0.0582984820022194,0.036008017699759726,0.004245235988307603,0.16283765732753508,0.0010294995392392929,0.04237461220406681,0.01786817837768539,0.20682579737938103,0.002651727091643137
IL_4404293,0.3649248116545577,0.08038871607788543,0.0023186853489163555,0.12453253408758871,0.0003283033069008738,0.0008824020884099611,0.0004966222414190656,0.006883127491236714,0.00460755779110805,0.4145230067775873,0.00011423313438976665
IL_4407167,0.10180885478979358,0.297763625077416,0.0007199887192700902,0.06735851734980032,0.0006522049564134951,0.0012536213521218988,0.00017718040710369625,0.002323892030270847,0.0027740699092067473,0.5224809576577011,0.0026870877509022366
IL_4418818,0.046382449534795485,0.5791638672822633,0.004421974781751079,0.21989234116125586,0.009606605961530245,0.0013635598897854375,0.006614332000633049,0.0894212580037085,0.014522245399875996,0.026508339022732537,0.0021030269616685057
IL_4429583,0.005806657324074428,0.04143780435653943,0.001350156086492396,0.03446506056391884,0.0010213309610935478,0.0005804190989179885,0.0006081965870839953,0.8891376670804096,0.023750379463551633,0.0012328497411228298,0.0006094787367951143
IL_4447995,0.2496902513061667,0.20092297398872339,0.0006633526419954362,0.3144305878890956,0.0007681451731978465,0.0016740111030172661,0.00013546827892999753,0.0035747024792409697,0.12419417259420408,0.10384332395326455,0.00010301059216416097
IL_4474915,0.040838282394526866,0.05870502908212433,8.366519491008881e-05,0.12281424018227281,0.00034758080358958144,7.156637243656248e-05,6.128521407921675e-05,0.0008640730549857576,0.00040667179042431963,0.7754180101979016,0.0003895957127489375
IL_4556052,0.04472327727722382,0.015643917545037578,3.608235091799055e-05,0.023631847586850465,0.00010327216180261575,6.924737540273575e-05,8.050374450029277e-05,0.00013353101481355557,0.00037756459035999726,0.9151681002419524,3.265611113840589e-05
IL_4629710,0.06356611230519194,0.6747549068326995,0.002940104393519259,0.09918691110850167,0.0075121341077512204,0.011909285844138702,0.0003348310646949162,0.017594688863917442,0.0129258051249377,0.10670245289089506,0.002572767463752657
IL_4631015,0.031613248609582416,0.030591078895393194,0.02791539693131697,0.11348009026109125,0.0008657955734878963,0.0009368088343777965,0.00019401069255297682,0.7550985015500243,0.038313871256674736,0.0007849444566248008,0.00020625293887360506
IL_4632594,0.00018885763304217712,0.0011725054260543896,0.003877339755709549,0.00448494575222568,0.002132964589126541,0.00033374206873294397,2.6965891305654506e-05,0.09417298507577987,0.8933582443315629,2.8170962665175808e-05,0.00022327851379519537
IL_4640947,0.2768663507580512,0.2964608158338848,0.08680708561017127,0.12704171136794998,0.007813912017500365,0.012524468563465356,0.0010006309961579593,0.01682555497105532,0.0822792956013752,0.08420682429561163,0.008173349984776795
IL_4652828,0.1330526856824182,0.553931803739516,0.0007827747123312054,0.15963600523643995,0.009163975013963179,0.0007161772286406056,0.0011880633312754457,0.046299402854171647,0.017744047543849412,0.07669575502108607,0.0007893096363080379
IL_4673376,4.578931170717931e-05,0.0017948195424742608,0.0017628188944521744,0.0014787068446693772,0.00036182961783262976,0.00012037923100574653,0.00023626999219126477,0.05491343810536656,0.9389091211165358,4.020231130876047e-05,0.00033662503245631835
IL_4698973,0.152049905403076,0.6062734768946485,0.00012503287655805,0.11353238778616316,0.00044868107687718255,7.132196195549253e-05,0.00014560457046641317,0.001696141495953063,0.0017954430073915083,0.12367264308155236,0.0001893618453581645
IL_4703518,0.08348373932216616,0.4375529382101607,0.0045325545500612225,0.3668603501157188,0.018963073382199006,0.005010048764450104,0.00026606925774563496,0.0330077859761161,0.025194089686107812,0.020597369313389464,0.004531981421885113
IL_4708155,0.02772860647744308,0.012759166945243537,0.020669756772044485,0.045932282795769,0.025946323011450768,0.12585094288821658,0.0003246305186432329,0.3026444477606783,0.4371615930913808,0.0003454642514238305,0.0006367854877063104
IL_4733323,0.3056208598794675,0.37745820889338144,0.0007146365596481947,0.22005741604555792,0.0013268055834569747,0.0009826619545314837,0.000895481930531909,0.002297727501951098,0.0016847979700824575,0.08887671939952264,8.468428186842466e-05
IL_4738780,0.07986887654524864,0.3607638240833113,0.040255148612908256,0.0670395575663096,0.021040062979384135,0.059599665865989394,0.01526712885199035,0.2016081247983012,0.024396520088028197,0.09921596961162993,0.030945120996899073
IL_4747648,0.10188517140347174,0.5585073265311281,0.0011909257792266895,0.08877270241892768,0.002303944329591447,0.0030736587350642464,0.00013825857433782642,0.006380160825548193,0.008046441545783881,0.22337452279158887,0.0063268870653312055
IL_4761308,0.22364537956628502,0.4487310244303768,0.0016790299210005404,0.04507862170371823,0.0008996604236124004,0.0013457796906579883,8.335307270304745e-05,0.0024060523490568916,0.002132652262538753,0.2717800124750096,0.002218434105040596
IL_4787245,0.08885025997454016,0.07549110027241722,9.374695703506562e-05,0.13988909837698324,9.6128856397678e-05,6.13020154871343e-05,5.25882219842506e-05,0.0004088087975108541,0.002896251739507417,0.6919478747707566,0.00021284001738028414
IL_4796202,0.06641580035239503,0.7803010099430457,0.0014266905939161816,0.09789421154257642,0.0019419393467172905,0.0015251691697914815,8.529599738186876e-05,0.005347168342578195,0.009166919260180853,0.03559308203967491,0.0003027134117420482
IL_4805993,0.02450600529692467,0.816750711952438,0.001549288673809462,0.058836861295725566,0.016178298269274097,0.0010717531224351646,0.00014492862925671299,0.00825130303340371,0.007955537233160679,0.06278912111276609,0.00196619138080599
IL_4840188,0.0948862405691761,0.5250329260123104,0.0011838678830800957,0.2238251119836892,0.023451858015596846,0.0005600447962288378,0.0012198351675632903,0.01036321053135069,0.008561029832316786,0.11047654685026718,0.00043932835842041006
IL_4848599,0.05930903516226916,0.5442573362212693,0.005078634868837668,0.32442680463637363,0.0030304028588155458,0.009931337002933374,0.0005493481458684752,0.021300938594523547,0.0025754952419365642,0.028903121790320344,0.0006375454768524705
IL_4848977,0.1993459489393355,0.5071077202063001,0.004376433366037292,0.10567539825549019,0.0021026745786834004,0.036471950329003106,0.0003083843360237724,0.010783630542833093,0.005753368995158638,0.12302439456859268,0.005050095882542362
IL_4907451,0.0582199465916771,0.0447459446735995,4.142006496869602e-05,0.08981465503908473,0.000539034159211432,0.00012481835006743786,9.626021670527864e-05,0.0004981106396656235,0.0011618011070527673,0.8045594019022583,0.0001986072557090911
IL_4912944,0.17365881796802102,0.3447822483216004,0.05655450100343001,0.04751623319277918,0.0014680971535557781,0.013130031740889609,0.0025449044075936977,0.024526943491599434,0.012031415773423449,0.31768213360346126,0.006104673343645986
IL_4926820,0.0004809729115101544,0.008352853265495501,0.003380224717631746,0.055298866098775594,0.001235624776011651,0.00019759374831961304,0.00026111648998746985,0.7530031936016619,0.1739091284818434,0.000409891999955868,0.0034705339088071416
IL_4928787,0.03156717258886211,0.8171927316629238,0.0002791403401415571,0.12275819888797643,0.0034721744248438213,7.136818174178584e-05,0.00033469947446029683,0.015254906769582674,0.004828840762508712,0.003934512710276186,0.0003062541966827422
IL_4936385,0.2760405390948382,0.01853400369001121,0.007260163647253195,0.4742569224157622,0.000810975181767471,0.0008329627428036464,0.0001895966195622735,0.21455896242714512,0.005274188517069979,0.0020161111262306432,0.00022557453755590493
IL_4942231,0.35775265957872565,0.0579369863940286,0.00045417442683629814,0.1793990900858552,0.00174871925995443,0.0010673719661300463,0.00013254972786733217,0.0030742082531333243,0.005281635089615124,0.3927164769011673,0.000436128316686667
IL_4953244,0.11101793874771769,0.4389194633879867,0.0011279103029224404,0.056439341827973666,0.0004781065054828851,0.0001258424513739073,0.0003968803767787458,0.013414880353216262,0.004111222742909401,0.3735210797347163,0.00044733356892207694
IL_4955020,0.2809715893759438,0.17872226290741097,0.00036339038678289776,0.208960061552693,0.004276108548259217,0.004735165992287257,0.0019302624863746275,0.022299915795189397,0.010817903624013822,0.28517517526624264,0.0017481640648022976
IL_4964046,0.12650116750016782,0.10796034454858747,0.0003092770875005245,0.08208981946778642,0.000382871195992185,0.0007152865699666276,0.00025370558103378723,0.003232110888779687,0.0013423337742231713,0.6770566001446754,0.0001564832412868675
IL_4983934,0.06175901054950427,0.4280744670071343,0.002000204694135575,0.02943035536678539,0.0014304525045063874,0.0023627963161894617,0.0008511342227684912,0.002821913858837841,0.01103455557186871,0.4526278100774329,0.007607299830836713
IL_4994761,0.12544114724960562,0.10602003241340538,0.006068253195567386,0.3464858383988572,0.0008596176255014992,0.0008263769311378442,0.0005793908159460032,0.3769244578371468,0.03425851975560147,0.0023388552926305586,0.0001975104846002509
IL_5016487,0.04888748221662061,0.05028426528021423,0.0011554540459894624,0.7770996189131589,0.001020228930876285,0.00017513594543541253,0.00039735504732883736,0.07182287307253964,0.02097216417386507,0.025794352995848806,0.0023910693781225537
IL_5018680,0.1410604072417234,0.4671117567937169,0.002201280532644922,0.046535072918691446,0.0022054471039267315,0.015410007673646984,0.0021603312079737902,0.023065719780229366,0.0032754642995515893,0.29134276928901487,0.005631743158880016
IL_5117306,0.03466359921965776,0.7669651039924257,0.0028750395211275775,0.10496561185403945,0.0024457747881958865,0.0020663794719447343,0.00040683482330819664,0.017489138858403825,0.060535326433844384,0.006905343320686648,0.0006818477163657022
IL_5136565,0.1757151404830044,0.11279014180376495,3.0848904391230505e-05,0.12629617107847071,0.0009469400560351228,6.223852509593839e-05,0.00035770464208912517,0.0013003494106842658,0.0007222333592735455,0.581735471635507,4.276010168366966e-05
IL_5150961,0.02688463204265172,0.12379472059703453,0.00011910820352417548,0.05248157717157668,0.0005091661999304306,9.559527595412813e-05,0.0001122119722094938,0.0009455600850091659,0.002089329248011334,0.7928741516492962,9.394755480193238e-05
IL_5152620,0.0347582482138077,0.16836956188235289,0.0010701990638717206,0.5803796900371206,0.005913586023772579,0.0029280853099964387,0.000725519872426886,0.019926773741224296,0.014679125268845511,0.16943488286068076,0.0018143277259005603
IL_5171099,0.005889128675095071,0.9268742462080228,0.0008693765135233772,0.01215329752306509,0.004431539734698648,0.00044907641628530307,0.0002106484855167159,0.005389379453765724,0.018578804778426352,0.02299111105230717,0.0021633911592937676
IL_5172506,0.02514634919509339,0.04060714267332137,0.006928193656565988,0.20438684676729194,0.004837045115675522,0.0019410336102077424,0.0006762014574904924,0.6267643812618743,0.0804425439830941,0.003543570654077774,0.004726691625307401
IL_5188190,0.15137829766385108,0.19282227758671044,0.0015202784217942613,0.09278509947490345,0.004310612307539422,0.00458851782793437,0.0009850801363594176,0.02021403261893298,0.036674306847062826,0.4604566323392725,0.03426486477563924
IL_5192693,0.017963473954605447,0.09238765973318655,0.00011891101232080769,0.07353016596273057,0.0001819894791069481,5.58471727350956e-05,7.78979537271922e-05,0.000931744457528728,0.0015056979341720612,0.8130863167734911,0.00016029556639538548
IL_5195971,0.07022467163541288,0.47603594676445604,0.002943160232042631,0.28847175227784,0.01030286394169256,0.002890820843619452,0.0004392531723801146,0.03845669656956405,0.06639373565736253,0.04205364561818166,0.0017874532874480012
IL_5199215,0.006991252720016045,0.010227904162415974,0.004174677466741515,0.14754885260102152,0.002022442773565339,0.00128968789576241,0.0001862462329516145,0.7828291581155842,0.04237331634032098,0.001154931139497848,0.0012015305521224276
IL_5202722,0.1444429667190293,0.04163828600012408,0.019449091848500567,0.47282968213834065,0.004297482510301429,0.0005347495268431586,0.00032207387478466683,0.2878173818829614,0.02689449320170767,0.0011221592970250874,0.0006516330003820871
IL_5227274,0.1831521351954091,0.36931742195416395,0.0001964520373536685,0.27811358343739156,0.05057768300598883,0.00021756816735566664,0.0009562451903281311,0.014075063631033455,0.031047432724660547,0.07212098743862706,0.0002254272176877787
IL_5227787,0.1250987832112048,0.6387993914681206,0.0003290453492603292,0.08612371529986458,0.0031620160342227376,0.0005406067895938952,0.0002429946942929694,0.006339457954717714,0.0433077294271723,0.0952115641516469,0.0008446956199033968
IL_5242598,0.23123716867711872,0.18375247990705348,0.0005497493388258465,0.22728778715050915,0.0012036130444848419,0.0058437017977568655,0.0007308361954724695,0.009771149959208306,0.014469946612003457,0.32475285331414055,0.0004007140034262904
IL_5308378,0.014280871720610933,0.014366761369260413,0.005524512994331987,0.1770359091728536,0.038361346767419646,0.009350152908347504,0.0007538538703996548,0.3228119621786611,0.4153032174818075,0.0007360896705416377,0.0014753218657660848
IL_5330356,0.012218934908132716,0.436765067368879,0.012579480360868343,0.18841089911533945,0.08008446798333019,0.02747615882850703,0.0008468754378334048,0.08168228436660366,0.1423068357585705,0.013264683420277633,0.004364312451658015
IL_5334240,0.030517250274478505,0.15641811228087185,0.01657011126831481,0.1450954316696319,0.03406233305753875,0.021956501550012712,0.011731390702861692,0.20747044879867632,0.22830568336584403,0.005901651905800474,0.141971085125969
IL_5360549,0.3575467936117383,0.04785855336265678,0.00019500272729137453,0.027777380508182202,0.0001286500531913283,0.001256018129686235,0.00013186585008121313,0.0008583337303654368,0.0010066358794319711,0.5631753111232999,6.545502407535089e-05
IL_5383665,0.1748191403988606,0.05802045156961888,0.0001503510618380077,0.4681861323359778,0.0022140494054070296,0.0005755945038788377,0.00014975952733682822,0.001505839572373879,0.0056240888609105704,0.28681801918556654,0.001936573578231073
IL_5417792,0.00038335600247441125,0.003369934877755378,0.007297854610949751,0.012442219057379777,0.001848483875272467,0.0005215039774370844,0.00014566001231352434,0.05726139561020452,0.9090628541032776,0.00014146734443237638,0.007525270528502839
IL_5419157,0.08210904307387859,0.5049099472382336,0.00568407279165197,0.05404644879335891,0.024138952993263393,0.022030425515488738,0.0004042185672470593,0.06078748125754864,0.19521764842709804,0.037154566514392036,0.01351719482783916
IL_5461503,0.05124409859209137,0.2582091229733227,0.001952441311628123,0.020766203582915293,0.005395538888478076,0.002670680817512233,0.002885018183985166,0.0050165505331579464,0.0024050398210361036,0.6474440169834369,0.0020112883124360267
IL_5484022,0.13073121737132104,0.13898535523435493,0.00016995998086733136,0.03054194017829734,0.0045823267154016896,0.0011044792708179017,0.0004167189362344315,0.0033246173435832363,0.000572138765441375,0.6890787674604919,0.0004924787431886902
IL_5489843,0.017214115420541885,0.6502757891375475,0.00030234081980837755,0.04517441694332104,0.0014181599237524805,0.0002332367269550712,0.00011620575895633341,0.007153725913277958,0.0015548572733010695,0.2749720930367602,0.0015850590457782662
IL_5493219,0.10689692272257174,0.042092289009167165,0.0004578721967472342,0.034165265488156744,0.00017207840676111293,0.00023728722085629937,7.351499358943623e-05,0.0004999587221168774,0.0016512875722272191,0.8136513200773343,0.00010220359047187472
IL_5512024,0.16632463333171063,0.07994013580602016,7.024398260201616e-05,0.12108764297637088,0.01059927480386049,0.0012577133527963535,0.00028830727277577925,0.002718176846009683,0.0017375654909661158,0.6158101980976597,0.00016610803922814224
IL_5545711,0.11204691396525611,0.04160593631341085,0.030291144795511378,0.3803056903685444,0.005701661640405599,0.0006820218492216913,0.00045099398329745475,0.3358650591284614,0.08868322614384395,0.0015480598759633282,0.002819291936083818
IL_5552679,0.11998604497442332,0.24733119896357794,0.0026484217204142016,0.1543341111722273,0.0018520496580033009,0.0020441146364653783,0.0006653210252595824,0.0065669987451717,0.003959730236413871,0.4596677281086625,0.0009442807593809243
IL_5562172,0.26919069679433594,0.25208615366867454,0.004780033429762421,0.08178328892976781,0.0006721230143020686,0.0009095175987301829,0.0005139710704099778,0.009010503047622067,0.0046423910076993135,0.3756838836916113,0.0007274377470844027
IL_5584877,0.26565489145697485,0.24342233641558017,0.14621017491498722,0.16896522069771902,0.007261697257016604,0.0075934675495879485,0.002079224320848932,0.12379579267084596,0.02163117656268964,0.008113841403840569,0.005272176749909046
IL_5603161,0.14584449641139013,0.06537941501384993,0.005038607874456463,0.3959433709312144,0.020772966809542916,0.0009603649935019892,0.0006807239356546394,0.21232793559012292,0.14139459988791386,0.007779369519099448,0.003878149033253192
IL_5609972,0.20071063717460358,0.0739646242765164,0.0002077322557230653,0.3957008553168134,0.00013503048841282205,0.000111210597791216,0.00033153402377579316,0.021284247689277037,0.004846739260096173,0.3024332489522524,0.00027413996473797566
IL_5632066,0.0017113809268959942,0.029670306236291525,0.010553831554771966,0.024113676042429217,0.13387111742407132,0.005426477387739663,0.0011448402403853644,0.05474720410119179,0.6753023080858779,0.0006543955847481149,0.06280446241559708
IL_5671982,0.021122894031552354,0.6379886401395477,0.002415837819704037,0.27637217717308954,0.002780877981703238,0.01420558134093088,0.00025303539474180503,0.01849135004760166,0.004953634248658365,0.02081509009821606,0.0006008817242545454
IL_5695938,0.11470391631825776,0.2562187511927996,0.007007403399092527,0.43002687591096506,0.05676425370592119,0.049638777245530834,0.0039066362931748306,0.04970931140169847,0.023165472799151314,0.008183602229287698,0.000674999504120869
IL_5698172,0.041746690146855205,0.4762017648553046,0.006900476438543071,0.03346415463694269,0.0075462866524120455,0.23044588537369384,0.0010259893135792925,0.05190437228955987,0.008633759483849746,0.12400828371350062,0.018122337095759132
IL_5712655,0.2622130030041777,0.0913750326383559,0.0009237929108227306,0.30043461137019245,0.012282258893360124,0.0005984888540400891,0.0005233884782101437,0.005953010877113783,0.14648192077697067,0.17786655286438904,0.0013479393323672852
IL_5746899,0.17014231525428172,0.15784694275176048,0.0002926815256821744,0.07794969171557538,0.0007398584442748056,6.309662476443979e-05,0.0013130839246612413,0.02755230319836473,0.003998758426584345,0.5597486400802413,0.0003526280538093586
IL_5770284,0.00038333691219484425,0.0009130767568776696,0.00020665881306630927,0.00850727217710933,0.0005215638773332309,0.000527364666685927,1.277166020414794e-05,0.013147832853485851,0.9757163518986801,2.2387385415576964e-05,4.138299894699751e-05
IL_5841112,0.0002618474726864439,0.0005975790517287141,0.00024298570999863595,0.009532664752532907,0.0016844135085897105,8.16664890896093e-05,2.3818256107097018e-05,0.006564502518263091,0.9808886407046643,4.250342360546366e-05,7.93781127339277e-05
IL_5873278,0.14343584580295082,0.45800218545571475,0.0017059389316220676,0.05938072309290136,0.04913564718140866,0.0018109625982321068,0.01000795834261516,0.06844472549306689,0.020823751042919555,0.18110184450070588,0.006150417557862761
IL_5886154,0.4154689876642818,0.009633171648217947,0.00507389700993135,0.5199560729873047,0.0011582121121436596,0.000991539863318232,0.000236481232862278,0.022990744067825718,0.023822445281682005,0.0006397430254341344,2.8705106998153126e-05
IL_5891440,0.08591918580215967,0.1154773617414902,0.0008316555199652966,0.44663347758680777,0.0008911952529589971,0.00029683397253674366,0.00033283247609841354,0.006991782008980874,0.006524171638874383,0.3334594015218601,0.0026421024782675197
IL_5907718,0.037287107075142725,0.06753322534571649,0.00011166895048905602,0.010295949505790745,0.00010074680894470042,3.6950623903091364e-05,0.00014799067484722974,0.0017623993067268423,0.00044217616280879787,0.8822004846918097,8.130085382067117e-05
IL_5913331,0.2787189249619854,0.4455093404315567,0.03623336035209731,0.04200802856342098,0.0015554314875945508,0.13006030206099198,0.0005972246603022242,0.009997934097308696,0.00885360623317477,0.04383279890123409,0.0026330482503331416
IL_5917748,0.08501254717151589,0.6783816611877628,0.0007610791841110507,0.03637316218415258,0.0003414926015958165,0.000805719372391603,0.008932767112167568,0.005990594034617948,0.0011854187503291228,0.18050333391873696,0.0017122244826184615
IL_5924119,0.00023025331705559874,0.001690712623338453,0.00018454218080172,0.002672254799318299,0.000449113180940725,7.503633006285738e-05,0.00015662018414584864,0.018342489760685705,0.976136453817647,3.240359048468143e-05,3.0120215519185156e-05
IL_5926691,0.004076577281483206,0.007798391245315863,0.0017768667157725328,0.06828639905796569,0.02436403665940702,0.0001421745550554888,0.00010616505867134716,0.30212845190037024,0.590023983354044,0.00019736594414496996,0.0010995882277697576
IL_5932158,0.40092428896029786,0.1865210595823155,0.004067041443578576,0.2136427784147432,0.0033829166642193277,0.007466038718874295,0.00043967462013266124,0.006385561843417306,0.008676404994848941,0.1645987874073629,0.003895447350209626
IL_5978307,0.0021682465099609302,0.01834695184236301,0.005138658699241918,0.04083744822185121,0.04131251347679398,0.0022973288087355615,0.0035163487330966215,0.148079085161622,0.7351247292582422,0.0006798987978694529,0.002498790490223022
IL_6000978,0.03773975075457111,0.2718666977159065,0.005161685990142526,0.5862889061038624,0.016510126665291648,0.0057660773032027855,0.00114877130762351,0.022837777009348567,0.00688714400448146,0.04442945274316908,0.001363610402400599
IL_6012528,0.04753329908148437,0.1667129453692848,0.0001539771964766212,0.05136948132718683,0.001370725533754329,0.0001363536847079831,5.034216152115283e-05,0.0016481492163077382,0.001175618003051986,0.7295922147552917,0.00025689367093262706
IL_6031916,0.05519750287143544,0.12626368463123833,0.014525039054510103,0.05058140661847381,0.019441232632298917,0.5986586667494685,0.0002795097480832445,0.0133860558958424,0.0795928966469469,0.0357910983389233,0.006282906812778717
IL_6046824,0.17745679727088398,0.24152934012757074,0.0021296918057276035,0.09610618544161226,0.0009645718143753995,0.0008679929662974848,0.0020382751554899343,0.06284498142373973,0.010970756297529052,0.40332080315389957,0.0017706045428741695
IL_6051806,0.02426462412278675,0.10774281867104984,0.013765343314645294,0.35178626476507285,0.000191608843373668,0.0003018522651133007,0.0006371672940925691,0.4763456920839648,0.023030264242514555,0.0010935411966666775,0.0008408232007199001
IL_6066131,0.31854319614197085,0.3060068163490594,0.0005363049999417694,0.040315676753519276,0.0006062943149218834,0.0003059410787086942,0.0003431876815818302,0.012050205314694699,0.006069803189057373,0.31461261148795494,0.0006099626885891445
IL_6070882,0.14849417513854077,0.09967565469486314,0.00026616524889438536,0.10086144828889691,0.0009105014450202556,0.00027661626644128406,0.00016187183045558568,0.0005524739628678723,0.008195591162871631,0.6401693228132025,0.0004361791479457863
IL_6075447,0.13378569023372555,0.564775095113371,0.009295045439990317,0.10474021113961901,0.003003726517379735,0.00634360417764715,0.00029800623884231053,0.017859075902526507,0.021594886703418702,0.1370808512505434,0.0012238072829363184
IL_6099493,0.02357589089909351,0.7343823414260532,0.005003830370230798,0.15310967005020512,0.0041410176940709946,0.0007958295297803562,0.00025494692932198854,0.04642211180380777,0.02107284039717148,0.009102530809375377,0.0021389900908895328
IL_6099858,0.048407377017054325,0.6799407891691209,0.001280136801144239,0.05533033688356534,0.0007695181549363755,0.017443585227470845,0.00010397840661537805,0.006103584820618502,0.004034945445497776,0.18509668681969552,0.0014890612542807005
IL_6129083,0.003408139169588727,0.010645709561518783,0.02690273083119079,0.061029270781450214,0.061138684541995045,0.005156917659551712,0.000962622465949359,0.048368992722479937,0.7727679734616104,0.000880603860975986,0.008738354943689049
IL_6163594,0.3409099275558718,0.1277578638890418,0.00024360528025505,0.20327669127023526,0.011789206183357576,0.007072104820594743,0.0003551130715520052,0.002847335575344046,0.010453146646624976,0.2946107245611865,0.0006842811459362424
IL_6164735,0.07740896547798183,0.13239180107289922,0.0004996188052109555,0.37090497557581115,0.012850793152457204,0.012794439721120838,0.0006959321458676757,0.024932785855493408,0.017722981321526856,0.3484038134844928,0.0013938933871380408
IL_6191818,0.009140654541258742,0.026675957024214474,0.00036447940797809967,0.20221488985957575,0.0001477747824523763,0.000793168803212143,0.00012833439052431254,0.0008387826793973917,0.001279901984144399,0.7581789720684936,0.0002370844587487905
IL_6197538,0.05684500719815392,0.14885062999491436,0.002143936523779247,0.1444474453583091,0.002960596090589396,0.005178852469829245,0.0010337545209268897,0.2344257094712619,0.3195783763648755,0.08358568109517438,0.0009500109121859614
IL_6214063,0.42219181377159526,0.1054309571942542,0.000217008030047737,0.18341042218039988,0.0009624970662237261,0.0021376277415395047,0.00026991664046633517,0.001418806442945011,0.0022534090311548626,0.28152109523407914,0.00018644666729432388
IL_6247837,0.21904701687684186,0.5479031694258943,0.006125303809424984,0.14391296691280997,0.0024869229255226567,0.0015196198172628952,0.00046008693492641744,0.012243773223035924,0.0052601368398897015,0.06012623090085165,0.0009147723335393796
IL_6254530,0.010224954282393334,0.11268763521863649,0.00161340133362347,0.1284196662704947,0.039088644218471955,0.003919903718550613,0.0032194478515255474,0.2921469281407687,0.4036723938377422,0.0038715152466331656,0.001135509881159851
IL_6298296,0.11344296476599,0.28954692682858746,0.054128508888607214,0.0842741842657532,0.02633707351431993,0.3098998032936462,0.0013360798025698333,0.04471056900806584,0.03466412190460957,0.028197987849380598,0.013461779878470175
IL_6311333,0.06927119896709634,0.4164660569623396,0.0005120536602528927,0.016975271374721705,0.0007914881735876097,0.0003521518974873035,9.804746830360385e-05,0.0014564743533130517,0.0019570695166543296,0.491386689571493,0.0007334980547507419
IL_6364048,0.03758179521353099,0.42908731099973413,0.02458611151906323,0.12379482936869211,0.023238545204393033,0.23134401743255292,0.0007721998765225894,0.04299456343224156,0.043433015234096754,0.023931511428878182,0.019236100290294707
IL_6375582,0.020827538378267355,0.5983416052119492,0.004908789015243929,0.2530037095264834,0.020246501979705924,0.01259677244297261,0.0004667032439069794,0.032090355422212294,0.026946895069332902,0.0272716513403477,0.003299478369577811
IL_6379178,0.022598792304157633,0.05480283007355495,0.0010273762181752613,0.6545759486421462,0.0022209278567997823,0.00017956437479370798,0.0002781963635770573,0.0761817170372265,0.17815481014992293,0.00948880823534305,0.0004910287443028653
IL_6379354,0.4233454428658031,0.0761572884725524,0.0012631371912296152,0.44995457222942564,0.0032104867346422115,0.00047982864699837655,0.00018347339509335235,0.016822468330502188,0.010624751303074076,0.01782466566480279,0.00013388516587626252
IL_6430602,0.08991431280810362,0.14947315945239567,0.008015242191514794,0.1268596049284885,0.001108384233384746,0.0009017267836630363,0.0002431636171056865,0.027235801577572154,0.007754371912177598,0.578111974019911,0.010382258475683222
IL_6444875,0.07452698169669515,0.5015574219539018,0.0007808081441000943,0.27169457982608053,0.004275611961557038,0.000279557164697328,0.0007589751053643994,0.05154819287148572,0.005948412511589459,0.08632602748409775,0.0023034312804305975
IL_6483133,0.0021069556431486942,0.0058750952898519926,0.0018947111961273605,0.055911716876364766,0.046579207243958,0.002312540003090689,0.0016092782781723584,0.07748527187009369,0.8056823906353382,7.13107184310523e-05,0.0004715222454232654
IL_6492206,0.2090249115292955,0.3631909859998179,0.00269458838115511,0.1863807207778659,0.0017245842983419695,0.004608648470473344,0.0009425192904176958,0.10696979313924512,0.11731290667077485,0.006925842093832175,0.000224499348780356
IL_6495967,0.3288584165790947,0.28121793828595915,0.004773829630674516,0.10525818143453007,0.0025409980899071113,0.02121101949998636,0.00023102620839970305,0.006130360286692047,0.015262746994635657,0.2246473324664152,0.009868150523705588
IL_6516078,0.026993473389226797,0.049670782552988124,0.00017615774048730716,0.10876230995461494,0.000516239180055395,5.544605009518172e-05,9.442974012959872e-05,0.0016287738034279709,0.002507657508013075,0.8092511911482095,0.00034353893275189114
IL_6579859,0.0021634280291807457,0.03117149688104292,0.0063891122955592235,0.030590360427390544,0.0038787571974138475,0.0004495733910424074,0.0013779492529834465,0.20887815660457007,0.7079896228701156,0.00020796332677181336,0.006903579723929316
IL_6580455,0.029859347669360867,0.10577142116240715,0.010258647345087848,0.33840477378491396,0.008261426031483802,0.001143775416420199,0.00038153566500072654,0.29216775958306335,0.21102259397294096,0.0007382567425570568,0.00199046262676407
IL_6580650,0.001012766107827632,0.007481308562583115,0.0020965642165494806,0.0333973329317138,0.001545658803447314,0.00029247469116540044,0.000404860748402079,0.1691864239868601,0.7842879964393844,4.72237041618439e-05,0.0002473898079049685
IL_6601787,0.21380639139702834,0.4496639526494861,0.0020134224678397625,0.20110949126572866,0.0019967518908582927,0.0012251029807220431,0.004480054218931962,0.0352572316356375,0.0028150135438357706,0.07799767642824247,0.00963491152168886
IL_6603212,0.08813508010752276,0.023568359725279292,0.016765666250998228,0.5779122317662636,0.021360901862402328,0.053682525046007956,0.0009679034801954064,0.12431522497651425,0.08838619305942194,0.003706768476078853,0.001199145249315353
IL_6607523,0.03918305479929604,0.39044298360195184,0.013750142038738327,0.034182734140252254,0.08596336564648104,0.08082176776941126,0.001956451337017119,0.04979528579082713,0.27552987748609165,0.0111810911906067,0.01719324619932647
IL_6614720,0.1045202603986641,0.36764215455821825,0.0008549972371710782,0.4024195602585436,0.0016480258263212107,0.007429435880716323,0.00032393757656286283,0.009186061112827222,0.014549690574661999,0.04569002854684273,0.04573584802947062
IL_6615378,0.062024113014296015,0.32845533335778215,0.0013647141872849295,0.5340154839604109,0.002995358821567448,0.0015992714871751231,0.0008252268633463541,0.04345490682979908,0.0211541888693763,0.0039810323986137685,0.0001303702103479651
IL_6619207,0.12020331208832104,0.819648125209392,0.0035532730134614442,0.017973478170189062,0.00030935665760015906,0.0031969344167975667,5.972951088771359e-05,0.009540235101401954,0.0027761763664340485,0.022631334600945432,0.00010804486456941927
IL_6671454,0.19971799985500302,0.07580242936823438,0.0006048729511026777,0.07260066166508514,0.000683442125710819,0.0007407261934376603,0.00029208179527453657,0.00161999678601428,0.0028169302185108926,0.64507897519848,4.188384314645246e-05
IL_6691109,0.019748580109887785,0.1102255384176251,0.0015877241282133679,0.20191612646687263,0.003561577087785468,0.01771498590122597,0.0003120750563458627,0.007627041803078149,0.0030067783377747508,0.6321941550643134,0.0021054176268774454
IL_6705688,0.18875558875669227,0.3541005222585616,0.002315813233216521,0.08106700827845058,0.0007624890546363051,0.005213158350270001,0.00017630022003259905,0.004936355456911617,0.0051794312603615405,0.3555576305721169,0.0019357025587500836
IL_6720101,0.04871261750296741,0.3009357392519351,0.0019036449802789096,0.03157786915893368,0.0009618936522876421,0.0017196194932446443,0.0003318359804431696,0.02192634541071641,0.011539048268287881,0.5797120788430514,0.0006793074578537482
IL_6730800,0.19341328408647424,0.40328911651164295,0.0025749831817804365,0.026411303163774016,0.005881528265575811,0.01710526571657944,0.0015246671248669995,0.015531506465910498,0.004233437249022516,0.3267979912435367,0.0032369169908363312
IL_6785749,0.03254950813844045,0.03598564303958051,0.00017410034962680356,0.6150957307442592,0.00013934422351865903,0.00029407270441960586,6.544422943629007e-05,0.0008377147213582652,0.0018395930372429527,0.3127433225821639,0.0002755262299533815
IL_6799756,0.1130693410606972,0.7381245432512734,0.0006220713626921696,0.07818452749134049,0.0006416988241955703,0.0015139710479357322,0.00024787962863395186,0.002598724385313522,0.0011242132679868228,0.06303173308740949,0.0008412965925217902
IL_6928115,0.028329624352091725,0.04026229554747145,0.006662216931958136,0.7956881873282746,0.004590482329745747,0.0016506084556117632,0.0005809411623123023,0.02304980789727487,0.04936464303517422,0.047427571121707285,0.0023936218383777763
IL_6943589,0.08896577515147036,0.10945453406065175,0.0008998918929340201,0.13974634474527028,0.0001571077375442401,0.0002202769391454085,9.676001025809308e-05,0.001414647978404083,0.0013192635619995719,0.6568519571225484,0.0008734407997737482
IL_6964671,0.3078244791850373,0.26282353485849763,0.00040526692101074124,0.08588305834072,0.01414473959771355,0.0010120854864042032,0.0010015462100957239,0.0029052254358262622,0.0023536362182087892,0.31118038341154747,0.010466044334938375
IL_7115582,0.024953611991177373,0.13926840679924044,0.015176285783728908,0.1050776226919001,0.35396758812067425,0.15847741882000924,0.0033259016156980442,0.12366587712324195,0.06591527755978951,0.007990357005014284,0.0021816524895259997
IL_7148487,0.2183155971590115,0.5057436439009989,0.0008771905295802839,0.1734820469837316,0.00040516180920520953,0.002133766411644806,0.00039143576266917926,0.00735148715592863,0.002231995011244766,0.08897259664297454,9.507863301066996e-05
IL_7214473,0.045174120110789244,0.4093453651937962,0.006205881249531724,0.3827215485420988,0.019281005179025357,0.05948000190485255,0.0002386234725123749,0.03425895997985665,0.024573280414196493,0.010277575742282021,0.008443638211058481
IL_7218860,0.031096322617310088,0.07204390132810787,0.0051568500096493795,0.14110880170641593,0.011641354726559163,0.005590343898190023,0.004028870865760108,0.5588384836398242,0.15851958424731608,0.007108108358297406,0.00486737860256955
IL_7220515,0.05625499015497615,0.374019085351444,0.004301787189605279,0.3846256803410407,0.00904285966050163,0.04470769082711246,0.0011566687310330382,0.02754733743618847,0.010531394395399362,0.08259964664627684,0.005212859266422031
IL_7336116,0.00038238890981769243,0.002318963498788598,0.00018999133100931518,0.006359221743539909,0.0008112473199283471,0.0002905630654741452,3.705585534120957e-05,0.07461118188930041,0.9142938185138038,0.00023848787471850806,0.0004670799982782934
IL_7352985,0.033254643293802184,0.5629091679383693,0.000428204975738355,0.30492123490433676,0.010521026805982889,0.00015771949736680994,0.00026542757379042624,0.01232839188066419,0.05942557652930504,0.014943775007333217,0.0008448315933106939
IL_7359666,0.35883448468630474,0.3934971022592813,0.0009500668155667155,0.1795026603451313,0.00030541657168860637,0.0013997623063418542,8.222040611329819e-05,0.008161090140807088,0.012587643127238677,0.044244241785368434,0.00043531155615782413
IL_7360646,0.19545509814428777,0.4081467695194946,0.0015016977715912004,0.16441814984433406,0.0013359583031724422,0.005249911194472462,0.0004824721107959785,0.007436425250360142,0.10554094145504923,0.09824051631220457,0.012192060094237442
IL_7392612,0.14630001165007386,0.5502273366017097,0.0010953080807730776,0.206681443095401,0.0007845208510202182,0.0009455143715697953,0.00035725090452570264,0.004852491604104575,0.006765078555080751,0.08189897742205321,9.206686368816346e-05
IL_7432503,0.00863044140040429,0.017433228591397534,0.0012910365284034399,0.04178722849510876,0.042256212657424644,0.0007025111589046532,0.000162593981883511,0.25205939832502605,0.6347249359503915,0.00013606353563177826,0.0008163493754237343
IL_7433595,0.04628476693617895,0.576640421019418,0.0015699798904469618,0.03429622536460638,0.16133170101202177,0.013706811615374253,0.00020504372133171975,0.04652509913311911,0.10720983381367775,0.00924086376134928,0.002989253732475766
IL_7436788,0.48601397542188535,0.22968989802094203,0.0029007826645583165,0.09822190272843488,0.0004773057748752204,0.006159662636659726,0.00016338319797547587,0.004457828365459658,0.013068863487454445,0.1574194633573935,0.0014269343443613408
IL_7451087,0.02864816479032725,0.086031585644183,0.0006296475375176999,0.5049555186915368,0.0002829592245954891,5.9482379516254554e-05,0.00024001773415301237,0.014497270911200625,0.0016736007803045084,0.3620881322713441,0.0008936200353213142
IL_7452804,0.09672985316237923,0.02066471067136343,3.364926160298332e-05,0.07901747031605127,8.001453099219929e-05,3.3705433451061105e-05,7.228519580751276e-05,0.00039282139839768654,0.0013705154508090718,0.8015783045425146,2.6670036631074127e-05
IL_7462703,0.04974036165906447,0.6632518050616754,0.005379682452026235,0.05148676575582893,0.061839243079797566,0.003931693673576738,0.00027481214044968355,0.015924179839058594,0.055385528771442545,0.06877973928283423,0.024006188284245673
IL_7464129,4.036567017058492e-05,0.0002394046630348932,0.0012681888187758546,0.0022966245195189883,0.0005482466855950514,0.0003083862015166132,3.8357352797266274e-05,0.019978881363491963,0.9750992318180828,9.074266421800125e-06,0.00017323864059412366
IL_7475868,0.08879905033223058,0.5363913589845979,0.0013013272860866053,0.3093551128870397,0.0021916738038812366,0.004620649749670417,0.0008594364358714085,0.03274038126945138,0.003939991691576437,0.018026722424081654,0.0017742951355127594
IL_7505442,0.460714479116178,0.12533538894682428,0.0004415030504026813,0.14168074294580585,0.0013571444040574685,0.004505992372577711,0.00020717150131415992,0.001366716648429819,0.0018147089739496086,0.2609950910022732,0.0015810610381872038
IL_7512996,0.045279590787556,0.18916945167197005,0.00013168417605612546,0.03941362985090695,0.0004247214057925913,0.0001740474546351368,5.8198346438522605e-05,0.002099340355043107,0.001321688302823058,0.7217771434698157,0.00015050417896281184
IL_7557824,0.06466812956173047,0.1828825617987624,0.0006336450143047292,0.02624577815458124,0.00023721532022890157,0.00225231798522546,0.00030297505010159326,0.0040647072341704615,0.0009132234047292373,0.716791549900775,0.00100789657539053
IL_7559500,0.047198352579901154,0.03994571445525193,0.0006942399432238752,0.17918152758614347,0.0024917880963805407,0.0009135568645814304,0.0006137296186026065,0.44491634312044126,0.28260613550159397,0.001393968788003654,4.464344587597216e-05
IL_7580080,0.0024792676391793543,0.025731903760253465,0.010177618420639056,0.03586537406872672,0.06046187168996712,0.0019599120064208385,0.0005101572338381836,0.40595899989318557,0.45311765870193504,0.00010091663403261167,0.0036363199518219527
IL_7604960,0.25001676668932,0.46585593444239437,0.0019054679795275325,0.07158503386214839,0.0016804691980981535,0.013478484086016028,5.308925051230546e-05,0.005222585816925024,0.02045366963525111,0.16740927532419478,0.002339223715612328
IL_7612830,0.06028340255338309,0.7410642067388328,0.0018969814717486482,0.11420108623952481,0.004321874186045688,0.0021752447618053087,9.225185941470174e-05,0.025517153858360356,0.01846728968971388,0.030510577417257597,0.0014699312239131374
IL_7636226,0.4064484625733597,0.18364409753808872,0.0019737825763521755,0.2904987934920624,0.0006356659148711313,0.0005543115537840793,0.0004801437232077559,0.0973999290751103,0.014010573100196539,0.00427516517832179,7.907527464537732e-05
IL_7640681,0.11011091712836589,0.49805190955444195,0.000315422317618098,0.009900392896713758,0.0005230081068479683,0.0024221584546672047,0.0005398686594910428,0.0023437496538644435,0.0008352688345668625,0.37352165695104866,0.001435647442374185
IL_7667532,0.1604482727210983,0.4049620603840973,0.004257353188627092,0.20654453985991858,0.011449092395708443,0.019286570617023362,0.00037402778515582705,0.02000029960658083,0.019113575601420872,0.14724992198096187,0.0063142858594075505
IL_7720827,0.028106463916086174,0.29171167463479947,0.02439084879055071,0.06828536917116788,0.0036738591615964934,0.3010630034478551,0.0006915756208271748,0.09145857921576599,0.010076233915903147,0.07961256701211256,0.10092982511333544
IL_7744265,0.04586774919962609,0.38208974908869164,0.04048528853828717,0.3228888905101868,0.0673092331799479,0.022711333798787613,0.0009828030034343342,0.06018148421726835,0.04896402536455752,0.0056900745038157485,0.002829368595396985
IL_7750228,0.22086522030434905,0.33059427983208195,0.0063001297062612715,0.17002925845116554,0.06259138260524896,0.013194518942597098,0.0004908688107937986,0.024170634527759947,0.033881459207898576,0.13206483071664613,0.00581741689519762
IL_7772384,0.1655823920472394,0.24890131418073297,0.00024773954909527394,0.10042535297408699,0.010475384758029156,0.004442079166798641,0.0005487784101520808,0.006842956348757784,0.0051779375420805745,0.45387100540065645,0.0034850596223709317
IL_7777526,0.00233875826954427,0.03803653661808504,0.017380043008570763,0.40068125911626395,0.005536080005183278,0.0006077778807177344,0.0002155698410211761,0.23634463423351637,0.295798574811055,0.0007238683328283612,0.002336897883214176
IL_7780812,0.28772454354762883,0.41740319007611654,0.0004611507155032657,0.18200835914299454,0.010475549649920018,0.0019611686648190363,0.00015934729221360252,0.005358678129175847,0.015329523617901651,0.078744551408389,0.0003739377553376139
IL_7814962,0.04903609999438854,0.5410527966462751,0.0016062786802857447,0.12650387649699746,0.007994677048527507,0.0017588803997607783,0.007966802847970897,0.13156160570732456,0.09654046596399778,0.025635093775605466,0.010343422438865981
IL_7839360,0.010216505220342188,0.22546484296367475,0.007231303623233063,0.25287705299629837,0.07703187841525576,0.06070605185226731,0.0012182986214379489,0.043436655198313,0.116948846619734,0.046484387229889665,0.1583841772595541
IL_7845741,0.11743116732505836,0.26143974725302566,0.00047139016537074165,0.04886306274105356,0.00270483194349228,0.0015419174587011568,0.00021572711026577064,0.004778987658452121,0.0031324139281908117,0.558716997841317,0.0007037565750726389
IL_7858220,0.1302076275490877,0.7693684855391518,0.0009235129041398509,0.026036672568693176,0.00016617196986722582,0.0026722880134854303,0.00019379348443167443,0.002208449337778009,0.0032236051242152154,0.06347940872963868,0.001519984779510844
IL_7877903,0.03817573067993822,0.0140233222860517,0.009818135621560219,0.3640671337227763,0.002280776810891462,0.0018999566086115897,0.00017371742591033875,0.116812272695253,0.45203535667873623,0.0004066660281291455,0.0003069314421418538
IL_7896836,0.3219209366837891,0.3634401181277212,0.00036690303062768753,0.06924885054810362,0.00021944450299183585,0.0008946521554788784,9.558664510100536e-05,0.0031605034637009334,0.005663379664062087,0.23475323214154217,0.00023639303688136894
IL_7914681,0.053038772655599184,0.5670909953753309,0.003876702538661261,0.04143838598603806,0.0034708906767511967,0.0030047178673609505,0.0014668984379648778,0.011760808270925125,0.005207342705975847,0.24591028083248917,0.06373420465290364
IL_7917684,0.014299365654372462,0.049653094546152306,0.0017377121220538798,0.19414935910727296,0.004076196091169963,0.00018551542242060783,0.00023029075217334197,0.6241844022661724,0.10833161079928333,0.0015072303143559452,0.0016452229245727083
IL_7919145,0.10025258830514408,0.7889690130837326,0.004885377246413415,0.040182543607289116,0.00020646370104451402,0.032511409479935534,6.152051812270691e-05,0.008191702785732165,0.004467326496075494,0.01830510110765934,0.001966953668850757
IL_7944285,0.050179062322628504,0.020063901121256306,0.0007907618103410632,0.646058792831464,0.0004596855316273092,0.0008751634493386645,0.0002147254714369089,0.00815794659561444,0.026722772920540153,0.24547664663821975,0.0010005413075329143
IL_7945525,0.38156799025874694,0.22370727096587467,0.002486693634403455,0.10527872203751026,0.006730165678850574,0.03141748183651069,0.0003959437974181656,0.0228933141764473,0.0038187882721778935,0.220060737185856,0.0016428921562041475
IL_7955621,0.04964292668332391,0.7194597627535767,0.000567666498657967,0.17900981251241485,0.013122620358191398,0.0020177109529416677,0.0001712185714802022,0.005550317485560612,0.009636948376444342,0.011407562061618049,0.00941345374579015
IL_7983237,0.0013151824253566976,0.016895002245722306,0.011014573536788091,0.018145474385676142,0.0036759575541803194,0.0002577858041308929,0.0003919068918131508,0.1617944411754252,0.779243213603705,0.00028994482543636475,0.0069765175517657796
IL_7988157,0.17621695882056837,0.3611408045739264,0.009219207772369736,0.1874875301935303,0.007621841355931567,0.04187094187021369,0.0004021394107175453,0.04603303073237084,0.042111954903639635,0.10480780801075504,0.023087782355976742
IL_8041132,0.3448289225609749,0.10980873077721678,0.0021248553763313603,0.16572953509554145,0.00021980937689091332,0.0021386822018625642,8.211136175874454e-05,0.005532493756191124,0.0032640715513772,0.3652708214008469,0.0009999665410080662
IL_8073225,0.058212161645469086,0.05433719971202867,0.00018195807045098876,0.15315417365721232,0.0001447476098234249,9.817675184304587e-05,0.00010162851810221117,0.0025386119245466685,0.0012479940866874236,0.7294372281801618,0.0005461198436744766
IL_8136561,0.04539376455883245,0.1367438351436756,0.000994862663567534,0.016635984598210952,0.009146268858026893,0.0008805668318106629,0.0002658150907035794,0.003102887411610346,0.004705908172018587,0.7736514330704709,0.008478673601072502
IL_8138997,0.12221661457604006,0.7343911615303242,0.003347422409003793,0.06137623312591485,0.007046321947724177,0.006467616203268329,0.0005266497794722797,0.007083846639195964,0.004435254384922907,0.052817842881763465,0.0002910365223696695
IL_8139746,0.01853010544391033,0.5485490177250394,0.00039921668074556347,0.37671615528075597,0.015930305821743457,0.00015367461956992338,0.00018553409022977393,0.009860520132342716,0.022176988506921645,0.007303376664030469,0.00019510503471080627
IL_8183381,0.7340202546669344,0.1504146879312996,0.00014949438835268079,0.03748941943986299,0.00018405913314447841,0.00019459631293828423,4.176405655383818e-05,0.0007897086883818966,0.0036361330103795025,0.07305360209057173,2.6280281580589648e-05
IL_8191336,0.04270679634416458,0.7542711906033998,0.00023073844273406227,0.16068039568262454,0.006593885128463022,0.0015954336425844631,0.00020263633816494973,0.009806008007990927,0.0046068603744369024,0.017977186915367815,0.0013288685200690124
IL_8258340,0.013061950096507445,0.019371333741911006,6.036291049544575e-05,0.02273648325476687,0.00013038234914052938,0.00012056253391320865,6.28298793403415e-05,0.0002561754180035216,0.00019605704223571522,0.9438087289057171,0.00019513386796888942
IL_8288616,0.3692577215866343,0.02038414743567015,0.004701861806668336,0.44626689395475466,0.0011685670908622126,0.009811176183591862,0.0009348456433258959,0.12955107265721066,0.01352729874644255,0.004000063590650933,0.0003963513041887372
IL_8295267,0.357561510648868,0.20310540444686231,3.681474195670242e-05,0.07599529308216484,0.0007206224625565729,0.00020371745510795166,0.00015451435875658688,0.0012821386982128102,0.0018601810065206187,0.3587187985004908,0.00036100459850291916
IL_8342281,0.037466041357892825,0.8755976906497096,0.001819134321025945,0.010251062233794381,0.008034434720286705,0.009771031810419467,0.0009896874843192999,0.009600355515638126,0.003981659008354616,0.04151646570683005,0.000972437191729299
IL_8371338,0.20255512651544733,0.12437634481371683,0.0003140070140046396,0.1558955544972758,0.001468123110107321,0.0014271166515712427,0.0001148083818093882,0.0017155410941374221,0.004898497711984758,0.5067768801159417,0.00045800009400366403
IL_8415316,0.08373098775338092,0.2616295584440948,0.059428270353943685,0.07323651739420779,0.009666738799148695,0.02278520223941132,0.006085341999016483,0.25235024062496714,0.03310208505880755,0.07762957951470875,0.1203554778183128
IL_8416177,0.007530922814514301,0.03766492483973423,0.006664795863017732,0.41532541413332386,0.01244982151592985,0.0011373812971276986,0.007710963991643415,0.3854058172212617,0.12037914339169913,0.0019675623046836537,0.003763252627064404
IL_8416753,0.0704650675410866,0.4360790739769521,0.012800720620458074,0.1616157758111664,0.029280368955392943,0.16092882098213368,0.001566123498860705,0.03243456000998677,0.01764114290040495,0.04903702812543807,0.028151317578119783
IL_8449784,0.03019753753053727,0.5523444062537703,0.004978908268582763,0.33630828095021414,0.014200727095161299,0.0005637832796216324,0.00033980657231449127,0.03014065874070291,0.020530149803321112,0.005097457231627228,0.005298284274146794
IL_8456893,0.09213955478936338,0.8181526785765307,0.0005784854710583615,0.03387560349228952,0.0004535197866388943,0.0011556092478842489,0.0005084284897478802,0.006999045521278785,0.0036416977102599443,0.041838327202536836,0.0006570497124110319
IL_8510989,0.10479887895116806,0.5542438424483414,0.0024548545786604006,0.22212640380793613,0.0008792249975846516,0.0016726655847659878,0.0008957076500261583,0.047040244127503676,0.0036771015630401253,0.06201719081965217,0.00019388547132149177
IL_8524892,0.4238071453815961,0.028286067294660367,0.0030591084466144594,0.508022176180393,0.0007152214616370337,0.001468266179618442,0.0004400419213843164,0.01692325526327451,0.011518135233380168,0.005554376529704256,0.00020620610773739142
IL_8562073,0.028624144927378407,0.21475403649462338,0.025201749905452004,0.15458876431163573,0.036549137082018464,0.010874248922693244,0.013170754795941845,0.06844502926807791,0.24689839263892926,0.06063979976562816,0.1402539418876217
IL_8576492,0.05255430909035763,0.01659464262257899,0.0001415555878695652,0.33017946602238074,0.00029955714517875947,0.00039041370148183,8.661942170505044e-05,0.0006204774462218058,0.004393026557351903,0.5943723741052076,0.00036755829966610647
IL_8579370,0.08295613058696392,0.032529323226722286,0.0002010674394313579,0.7420096972318627,0.001048638019598732,0.0007705804011786355,0.00018824049294137254,0.004626291897055526,0.013826493767191871,0.12158808675355039,0.000255450183503151
IL_8580922,0.19407179271317632,0.5588970497074713,0.0005914732201807639,0.17897066138926193,0.007101603812798303,0.0008826765404591901,0.00031915644445879406,0.0019328416152069403,0.0024113607827052097,0.054605134569168816,0.000216249205112242
IL_8587951,0.15281337544319903,0.23533381366244577,0.0009197562139842492,0.3683740437576268,0.00025877077613615016,0.0007432826063046623,9.631222657932045e-05,0.008334432849712343,0.007796688603499993,0.22392244732358244,0.001407076536929082
IL_8698362,0.00039395792993129636,0.0023429509425922294,0.005411195223067261,0.015155375437822466,0.0018928187860377396,0.0001874758660944514,7.663323265682445e-05,0.16473860137390456,0.809567325369769,4.5441235540321846e-05,0.0001882246025836258
IL_8706018,0.28101903987029325,0.3699326773510253,0.005465713030926112,0.08887234345282702,0.004958535094100609,0.034973611009775224,0.0005243817730953979,0.03530393803835883,0.005127930351792272,0.17324211784084748,0.0005797121869586206
IL_8779223,0.11621589282926412,0.18550010498904218,8.190306110136688e-05,0.1950850230907839,0.0018523421405012659,0.0003333004663498307,0.00044978850114462977,0.0038432243068700954,0.008847320320540673,0.4876819835761382,0.00010911671826354718
IL_8807227,0.026371499794179642,0.7256097423264626,0.0003808673904930575,0.13958591730775716,0.00415635216688898,0.0006028858717463353,0.0001237021136867496,0.0071158132730503735,0.004883864324707278,0.08942113106238259,0.0017482243686452613
IL_8864283,0.0003013015114495843,0.0018849246608803527,0.019659355597454922,0.009734993118952451,0.0034436916636646914,0.00045803311088976444,0.0006684594391659825,0.02538944317848651,0.9362515745359173,9.04322981533608e-05,0.002117790884984997
IL_8869852,0.04490227658729012,0.49645285175103315,0.007872031389792644,0.0813755579351854,0.07383146200199421,0.07974443855074437,0.0009826421041638958,0.05580615483026768,0.030708771211657413,0.12413106516334663,0.004192748474524508
IL_8892064,0.44014394320748196,0.09247902234276803,0.0007917664870498472,0.16879133976259877,0.0003103893290050089,0.0009010493971134921,0.0001452260831800678,0.0023142758748103598,0.003509357980835918,0.2884083437215836,0.00220528581357295
IL_8894007,0.0015127205879215716,0.0047122165341721145,0.0018610508091063567,0.025098668869433422,0.0003505811145573368,0.00016437284108651115,5.605645836840753e-05,0.9120479666821952,0.05344453872479884,0.0001478779433202911,0.0006039494350397448
IL_8908749,0.05228112041360631,0.09593869035817713,0.0004705210426955382,0.2777263318969579,0.0017221230726116807,0.00464325242347986,0.0001229201521932365,0.0013669614788644204,0.0024667234397228992,0.5627727914018101,0.0004885643198809207
IL_8914785,0.014806473450417584,0.008428206335835053,1.0351631782976003e-05,0.005615846027480278,2.5746091328166076e-05,6.166909372352535e-06,1.735880982905893e-05,4.37228594784264e-05,9.03137025665572e-05,0.9709415452764442,1.4268905465311956e-05
IL_8947300,0.07974210547648733,0.5149793951282856,0.005935097284464555,0.22936059656656124,0.009383036020529699,0.021580369743316265,0.00021574848619314952,0.06401704892970635,0.06578282067389812,0.00820653909617161,0.0007972425943859781
IL_8974391,0.05110495311778224,0.13286739045283502,0.010941231769250128,0.036858492586106927,0.0015284537033953764,0.015006926602678123,0.00041038009711572514,0.012175244680651847,0.006620844652244516,0.7182936332545204,0.014192449083419701
IL_9036064,0.1550778191920126,0.7245671994599634,0.00029215485859311624,0.08575506193589945,0.002381260757516574,0.0002367937749051306,0.00016757548734861954,0.009363060808052931,0.0120363889606355,0.00978049320294813,0.00034219156212464256
IL_9058117,0.09874481214612262,0.5785162286697788,0.002452952052407759,0.18662725121784363,0.007280030162819137,0.0009551418488707614,0.006145496005676143,0.04175722043006114,0.028951418783818482,0.045555065101268714,0.003014383581332765
IL_9061839,0.1839219829469907,0.15880044448587008,0.0005990737962188208,0.18715807266788745,0.0019289634978184329,0.0019388395147760449,0.00016976081629103558,0.00499682203594699,0.019259104097670874,0.4401588809662738,0.0010680551742558281
IL_9079153,0.058737976408909764,0.5205773635201919,0.010117276818335018,0.13406486213438007,0.0013748665330768762,0.0008010539224494881,0.0014656069031427292,0.017192998431284884,0.01090484361187597,0.23970283077507387,0.005060320941279418
IL_9143254,0.19608950309988682,0.07301684805663555,0.00043195734991587407,0.2125926235042725,0.0007451725352510649,0.0005947059037788294,0.00011341428138265629,0.0016714537144176464,0.0015119657340746664,0.5127504820867309,0.00048187373365353204
IL_9155981,0.20164208798348926,0.2919492679160247,0.0009312170833246919,0.2252235876675858,0.001416955741743529,0.0015906194722506977,0.0038555960261184973,0.010125691029773422,0.0032661266367224233,0.2591347883729281,0.0008640620700388874
IL_9157122,0.27434354008462536,0.3300970223043903,0.004838022450742864,0.08249496262441833,0.020013873161683817,0.02381542869021529,0.0002077972905588663,0.06062021531294304,0.18906054534660074,0.014015891843265977,0.0004927008905555784
IL_9227624,0.13951193257120686,0.5425496035036368,0.0007646934930561132,0.21629348458751715,0.0014382392892939952,0.0021289536379041625,0.00011646159089054676,0.0051149725147848464,0.05749601298413824,0.03253090139449276,0.002054744433078575
IL_9237017,0.09611758247442834,0.4624265732341416,0.00028315876187284513,0.050938648053980226,0.0007948100374335293,0.002044553543403822,0.00026746875460997025,0.005023887985221241,0.001192787443555481,0.37991965846215175,0.000990871249201353
IL_9273684,0.041499346651558446,0.05282937235163121,0.007600075036925691,0.4573624876200963,0.00045345591267280714,0.0004919367972244971,0.000406618012681361,0.4296026894661664,0.006336529356493644,0.003166480911597847,0.000251007882951784
IL_9311083,0.1551389677597459,0.45599848886657374,0.00282577004626648,0.1756646705263494,0.02743774258162184,0.001968113054528527,0.0014409794841926107,0.006009512173860186,0.007643145177226918,0.16315332427154844,0.0027192860580858963
IL_9322263,0.0017840326835146221,0.05891208915034502,0.004852172479424852,0.06156254620728123,0.08833369023171535,0.006217332579202317,0.0009427960024161214,0.1174721087278139,0.5682056201442581,0.000529276457190938,0.09118833533683746
IL_9341332,0.03776070548138685,0.8137017433027743,0.0004973161753279369,0.09993662274377015,0.001607538548055013,0.0004076803336627842,0.00017448605103167724,0.02230809057809,0.003482263174483569,0.019950658080789132,0.00017289553062881612
IL_9345649,0.04240349875950579,0.498691464923688,0.0009052838502069864,0.19559859904105217,0.004384945341549277,0.00038258333632364984,0.0033143136085938547,0.08425225931972274,0.02689698381815482,0.13750465584116348,0.00566541216003931
IL_9406058,0.026033571629584782,0.04502103524323109,0.00021733292407897622,0.49310898496361183,0.0007429081856979612,0.00023545632394282216,0.00015580339139705277,0.0018211913719641704,0.0036159560944615853,0.42879762862333815,0.00025013124869162524
IL_9407964,0.01845431354025269,0.7465981690605789,0.0002620278795845692,0.12701941961727078,0.004307081590220999,0.00043274169076058897,0.00010239938531082011,0.0063639734184368635,0.005083617350111269,0.08983157650733098,0.001544679960141658
IL_9409250,0.042750257554210136,0.5502421877091305,0.0004031139628073779,0.18912064791297792,0.001180556677354191,0.0031477375102658043,0.00017850029140132882,0.008928734081437824,0.006705195328995739,0.17922402259644996,0.01811904637496914
IL_9427286,0.14113481436206454,0.037664943774834106,0.0023502632325022466,0.10597381277040138,0.0007754034180314685,0.0007061226209936609,0.00018020671846330692,0.0014773898225698024,0.001964430155215072,0.7072191636244574,0.0005534495004671431
IL_9436519,0.0009489400136976784,0.015098983597679975,0.00020998976779699856,0.14593893439088723,0.0003630543445210746,7.750362975825204e-05,0.00013461013347273115,0.5951147499200197,0.241746607047497,0.0002893286821236831,7.729847254554485e-05
IL_9503512,0.09777058995600493,0.7005849776283952,0.0013209333674648167,0.12276480014800367,0.006356803965471432,0.011504236592822943,0.0013098470763370884,0.02118783865110249,0.0127408941334201,0.023485293048018784,0.0009737854329583926
IL_9521484,0.23586180305827054,0.10267309007380569,0.0001268362485809529,0.15118156557658116,0.0010692605194062923,0.0002094939194893141,0.00015473656531249773,0.0007681890415564693,0.0013920211608140394,0.5064849030055233,7.81008306597064e-05
IL_9540224,0.14875909236931967,0.3333656323429403,0.0003053886333482795,0.35926382060803247,0.007834071106041868,0.0009646880205554736,0.0028081076802617734,0.07365196632595349,0.068678646347436,0.004326308520279033,4.22780458314702e-05
IL_9561518,0.009491060725732645,0.021381177329493968,4.996242557076133e-05,0.05816814292192779,6.135415695240896e-05,1.2177497566584855e-05,2.0389030124798063e-05,0.00019834696446779528,0.00034487989881681707,0.9102100654458196,6.244360352681376e-05
IL_9572511,0.021092567027247863,0.3276673593935616,0.001641713215002236,0.6225508218576176,0.0020000333770423253,0.004711745908511894,0.00016390225685776754,0.004776452627155727,0.002122010199585908,0.012668589205314674,0.000604804932102455
IL_9601760,0.04476268479454636,0.6505963492012582,0.0005396135181233278,0.1968909862319845,0.010619596149886683,0.001703667963469127,0.00022530042037432617,0.017820864284818484,0.06033521206372736,0.01590638577243252,0.0005993395993792301
IL_9615893,0.010570441768937237,0.9050143193514315,0.0018518049412730537,0.02745431796786083,0.005301032550887825,0.001848808996378609,0.00031018106195665875,0.00481335560011979,0.007265719593418294,0.033740527797835845,0.001829490369900185
IL_9620950,0.17186697347953309,0.7247193160130109,0.00021921974449120134,0.030512819620709845,0.000104766116876115,0.00023520191598824786,9.596829217084907e-05,0.00142190640877478,0.0017350374684566138,0.06793795157329602,0.0011508393666925323
IL_9623576,0.2796853736114218,0.04278886882917255,0.0077438175585422065,0.3243509450937939,0.0012547379411313373,0.00037987911472279974,0.00031042700441133084,0.33110688948922756,0.00999225977542578,0.0022385480470963276,0.0001482535350543571
IL_9647002,0.041739774874408726,0.6517588523582898,0.0015876246191614842,0.06387906884630111,0.0038928667180551466,0.019037436489186012,0.0006294958117243883,0.01023197670454283,0.007563968441574455,0.18768693097547037,0.011992004161285765
IL_9655170,0.3586557069236757,0.0891202562854719,0.00033367127500399723,0.042186922938825165,0.0002286654590043722,0.00023241233918696048,6.3627921622542e-05,0.0007751326397684423,0.0006469286453493145,0.5075700083226856,0.00018666724940595756
IL_9669202,0.23486237195749368,0.43737502943392786,0.000897387388274084,0.15336124256693828,0.0014634050502524607,0.0009117016363209529,0.00025164849133799306,0.005559783322381391,0.0498051917435903,0.1153858045942264,0.00012643381525652975
IL_9675212,0.0049059303169400985,0.00907325349062711,0.004335231919209099,0.050974924525348485,0.0008868204624219329,0.0014384929793775044,0.00029469226221653157,0.23357846593196072,0.6938836236390888,0.00026983438634002675,0.0003587300864697574
IL_9675469,0.02041453868133064,0.07187026151670789,0.0007199646396839804,0.14185730389422158,0.0037998286598280528,0.00323810709719591,0.00020437040718736317,0.012645769675352183,0.007045339567240629,0.7348130232209805,0.0033914926402711437
IL_9692632,0.06181064180156827,0.4796324317474275,0.008803193876559317,0.10745348969473902,0.03232122740124015,0.006133642776555891,0.0013488861812555345,0.015118655595557853,0.10360291229437965,0.15884454806415424,0.02493037056656247
IL_9693077,0.004785014997002243,0.02546363096656412,0.39726972994781573,0.008744367299128718,0.0398519424909191,0.03264201474489135,0.0031912087464618356,0.14283606767446716,0.17505001103718973,0.0009421978625022892,0.16922381423305785
IL_9695113,0.08617049945848045,0.2957593129836225,0.00015225236543114828,0.0722510339522031,0.00030723273603727394,9.890559424523153e-05,0.0003386147220832327,0.007954464213085231,0.006180177579625449,0.5302410883539111,0.000546418041275178
IL_9696386,0.10467127591497616,0.48572190988991865,0.0028281276446476358,0.3293699463227078,0.01189833739999043,0.0005296642234800159,0.0006017825384834179,0.018570562686788007,0.03326463533406907,0.012140669105118213,0.00040308893982086725
IL_9697828,0.04602130566337861,0.33174825333971114,0.0005245114141961748,0.29605124904601576,0.001006202383550098,7.840210068958755e-05,0.00048340191233941653,0.007253623775578942,0.004127639361283085,0.31178884563013637,0.0009165653731207909
IL_9702105,0.2693282484103279,0.5197516428521937,0.0004947755347172422,0.11968175476437742,0.0014914187553673177,0.001385563925757929,9.266319286965192e-05,0.008405490386937914,0.007509971653185119,0.07152488456659327,0.00033358595767267273
IL_9713310,0.02834587736149175,0.02405351518956018,1.3560715275154538e-05,0.08629408180132662,4.6000489619225724e-05,9.264321955779809e-06,9.999785921783929e-05,0.0005212284601690182,0.0002661514339335715,0.8603086922856722,4.1630081778583504e-05
IL_9722277,0.002432992500494246,0.007603738107495055,0.008648550539878551,0.03223778124797758,0.003327086336474766,0.001033379061330814,0.00017948762064614227,0.3087062168447122,0.6335888436438921,0.00013167384868429795,0.0021102502484141193
IL_9728655,0.51523173191097,0.15189605518834723,0.0004527747202723183,0.15822141979100104,0.0016932075604476674,0.0005476177301566332,0.004025602710886541,0.006510491178228646,0.003128754335303143,0.15759168499443324,0.0007006598799535146
IL_9747613,0.07604496211293091,0.03819329015663297,9.066067197947242e-05,0.13118779970072597,0.00025068860851574034,0.00018243799780724796,0.0007202605748732599,0.003062599530393795,0.002806714643057766,0.7473521924736269,0.00010839352945592727
IL_9776207,0.005352453666984765,0.042983570293658,0.03261457443761177,0.05499463028965335,0.035246732692614025,0.0006874164331869676,0.0003355121431621889,0.1062039228236587,0.7081396956491395,0.000438857438527088,0.013002634131803687
IL_9785286,0.00014593196320295763,0.0007160233583242145,0.0003910273961424141,0.006560227879437758,0.003311897769698928,8.355221751276141e-05,4.055548725484161e-05,0.025090927326298054,0.9635600372291838,1.2497411067032765e-05,8.732196187709032e-05
IL_9794109,0.00027333950152123534,0.0011454883873748825,0.0018271941366944902,0.0042828326990434025,0.0004821778212510618,0.0007171773940790698,4.1829355516109535e-05,0.07261812650449102,0.9178500821920621,4.1061098233276336e-05,0.0007206909097333973
IL_9810905,0.09201364140289249,0.39599939925648225,0.03714188351816961,0.2346697108717653,0.002938903667540249,0.0038734033799660093,0.00029654257295955335,0.029275539131182648,0.08657377398940203,0.11357847549227677,0.0036387267173630796
IL_9831983,0.05395578174194172,0.4211445839333026,0.00483450669651451,0.07973269186797392,0.01556848700673485,0.007814646890235874,0.001983774921777334,0.3022209263694595,0.0949382577304879,0.016881599687303465,0.0009247431542681939
IL_9896495,0.5899420330313908,0.09363670936789278,0.0005524362801686363,0.189725874206343,0.0005831765804796112,0.002237624068467378,0.0007985064703568282,0.010706471944018471,0.014246901583633606,0.09752402540796258,4.62410592862042e-05
IL_9908692,0.13242011924294705,0.5508192957592827,0.0037214352252441197,0.03784884416321178,0.008828544997225076,0.006801212320625882,0.00020759848611301283,0.009033112331484754,0.012343984282967199,0.2357614322469937,0.00221442094390489
IL_9914512,0.12554061227363475,0.10989536411526364,0.0010762523106258516,0.2183659103014469,0.001104335386153346,0.004532999012298488,0.00015459357020307263,0.005635363401588718,0.0030324111071437757,0.52879881898205,0.0018633395395915022
IL_9931816,0.04496445959588918,0.05080183632121818,0.01818553000244228,0.25610100589142176,0.001865862195097695,0.0003243347026975422,0.0008499803267585227,0.5418436124575106,0.08349674940437252,0.0010260788565827526,0.0005405502460089414
IL_9962396,0.01505237827505768,0.0660978575947257,0.00020317328920708806,0.2329923470815927,0.00014265215043162476,0.00018735504687832132,5.40708974214252e-05,0.0009603223831811485,0.001273023659043626,0.6827595147213728,0.00027730490108787855
